"Timestamp","Direction","Topic","Payload"
"2026-08-14T07:04:44.219Z","IN","m360/DF/0000/out/1/4/1/0/37","406"
"2026-08-14T07:04:44.219Z","IN","m360/DF/0000/out/1/4/1/0/37","406"
"2026-08-14T07:04:44.219Z","IN","m360/DF/0000/out/1/5/1/0/37","332"
"2026-08-14T07:04:44.219Z","IN","m360/DF/0000/out/1/5/1/0/37","332"
"2026-08-14T07:04:44.219Z","IN","m360/DF/0000/out/1/6/1/0/37","261"
"2026-08-14T07:04:44.219Z","IN","m360/DF/0000/out/1/6/1/0/37","261"
"2026-08-14T07:05:06.971Z","IN","m360/DF/0000/out/99/11/1/0/0","15"
"2026-08-14T07:05:06.972Z","IN","m360/DF/0000/out/99/11/1/0/0","15"
"2026-08-14T07:05:07.031Z","IN","m360/DF/0000/out/99/12/1/0/1","20"
"2026-08-14T07:05:07.031Z","IN","m360/DF/0000/out/99/12/1/0/1","20"
"2026-08-14T07:05:23.251Z","IN","m360/DF/0000/out/2/1/1/0/37","123"
"2026-08-14T07:05:23.251Z","IN","m360/DF/0000/out/2/1/1/0/37","123"
"2026-08-14T07:05:23.353Z","IN","m360/DF/0000/out/2/2/1/0/37","430"
"2026-08-14T07:05:23.354Z","IN","m360/DF/0000/out/2/2/1/0/37","430"
"2026-08-14T07:05:23.359Z","IN","m360/DF/0000/out/2/3/1/0/37","1018"
"2026-08-14T07:05:23.359Z","IN","m360/DF/0000/out/2/3/1/0/37","1018"
"2026-08-14T07:05:23.363Z","IN","m360/DF/0000/out/2/4/1/0/37","1019"
"2026-08-14T07:05:23.363Z","IN","m360/DF/0000/out/2/4/1/0/37","1019"
"2026-08-14T07:05:23.659Z","IN","m360/DF/0000/out/2/5/1/0/37","664"
"2026-08-14T07:05:23.659Z","IN","m360/DF/0000/out/2/5/1/0/37","664"
"2026-08-14T07:05:23.659Z","IN","m360/DF/0000/out/2/6/1/0/37","362"
"2026-08-14T07:05:23.659Z","IN","m360/DF/0000/out/2/6/1/0/37","362"
"2026-08-14T07:05:26.062Z","IN","m360/DF/0000/out","{""nodeId"":0,""sensorId"":255,""command"":3,""ack"":0,""type"":22,""payload"":"""",""timestamp"":34681,""description"":""heartbeat"",""event"":""heartbeat"",""uptime"":34681,""rssi"":-63,""wifiRssi"":-63,""batteryLevel"":100,""ip"":""192.168.1.2"",""version"":""2.0"",""source"":""gateway""}"
"2026-08-14T07:05:26.062Z","IN","m360/DF/0000/out","{""nodeId"":0,""sensorId"":255,""command"":3,""ack"":0,""type"":22,""payload"":"""",""timestamp"":34681,""description"":""heartbeat"",""event"":""heartbeat"",""uptime"":34681,""rssi"":-63,""wifiRssi"":-63,""batteryLevel"":100,""ip"":""192.168.1.2"",""version"":""2.0"",""source"":""gateway""}"
"2026-08-14T07:05:26.080Z","IN","m360/DF/0000/gateway/status","{""timestamp"":34681,""isConnected"":true,""connectionTime"":34673,""reconnectCount"":0,""lastErrorCode"":0,""uptime"":34681,""source"":""gateway"",""type"":""mqtt_metrics""}"
"2026-08-14T07:05:43.750Z","IN","m360/DF/0000/out/1/1/1/0/37","346"
"2026-08-14T07:05:43.750Z","IN","m360/DF/0000/out/1/1/1/0/37","346"
"2026-08-14T07:05:43.936Z","IN","m360/DF/0000/out/1/2/1/0/37","333"
"2026-08-14T07:05:43.941Z","IN","m360/DF/0000/out/1/2/1/0/37","333"
"2026-08-14T07:05:43.942Z","IN","m360/DF/0000/out/1/3/1/0/37","118"
"2026-08-14T07:05:43.942Z","IN","m360/DF/0000/out/1/3/1/0/37","118"
"2026-08-14T07:05:43.947Z","IN","m360/DF/0000/out/1/4/1/0/37","417"
"2026-08-14T07:05:43.948Z","IN","m360/DF/0000/out/1/4/1/0/37","417"
"2026-08-14T07:05:43.955Z","IN","m360/DF/0000/out/1/5/1/0/37","316"
"2026-08-14T07:05:43.956Z","IN","m360/DF/0000/out/1/5/1/0/37","316"
"2026-08-14T07:05:43.956Z","IN","m360/DF/0000/out/1/6/1/0/37","251"
"2026-08-14T07:05:43.956Z","IN","m360/DF/0000/out/1/6/1/0/37","251"
"2026-08-14T07:06:23.270Z","IN","m360/DF/0000/out/2/1/1/0/37","113"
"2026-08-14T07:06:23.270Z","IN","m360/DF/0000/out/2/1/1/0/37","113"
"2026-08-14T07:06:23.365Z","IN","m360/DF/0000/out/2/2/1/0/37","428"
"2026-08-14T07:06:23.368Z","IN","m360/DF/0000/out/2/2/1/0/37","428"
"2026-08-14T07:06:23.660Z","IN","m360/DF/0000/out/2/3/1/0/37","1020"
"2026-08-14T07:06:23.661Z","IN","m360/DF/0000/out/2/3/1/0/37","1020"
"2026-08-14T07:06:23.661Z","IN","m360/DF/0000/out/2/4/1/0/37","1022"
"2026-08-14T07:06:23.661Z","IN","m360/DF/0000/out/2/4/1/0/37","1022"
"2026-08-14T07:06:23.661Z","IN","m360/DF/0000/out/2/5/1/0/37","639"
"2026-08-14T07:06:23.661Z","IN","m360/DF/0000/out/2/5/1/0/37","639"
"2026-08-14T07:06:23.661Z","IN","m360/DF/0000/out/2/6/1/0/37","388"
"2026-08-14T07:06:23.661Z","IN","m360/DF/0000/out/2/6/1/0/37","388"
"2026-08-14T07:06:26.068Z","IN","m360/DF/0000/out","{""nodeId"":0,""sensorId"":255,""command"":3,""ack"":0,""type"":22,""payload"":"""",""timestamp"":34741,""description"":""heartbeat"",""event"":""heartbeat"",""uptime"":34741,""rssi"":-64,""wifiRssi"":-64,""batteryLevel"":100,""ip"":""192.168.1.2"",""version"":""2.0"",""source"":""gateway""}"
"2026-08-14T07:06:26.069Z","IN","m360/DF/0000/out","{""nodeId"":0,""sensorId"":255,""command"":3,""ack"":0,""type"":22,""payload"":"""",""timestamp"":34741,""description"":""heartbeat"",""event"":""heartbeat"",""uptime"":34741,""rssi"":-64,""wifiRssi"":-64,""batteryLevel"":100,""ip"":""192.168.1.2"",""version"":""2.0"",""source"":""gateway""}"
"2026-08-14T07:06:26.085Z","IN","m360/DF/0000/gateway/status","{""timestamp"":34741,""isConnected"":true,""connectionTime"":34733,""reconnectCount"":0,""lastErrorCode"":0,""uptime"":34741,""source"":""gateway"",""type"":""mqtt_metrics""}"
"2026-08-14T07:06:43.820Z","IN","m360/DF/0000/out/1/1/1/0/37","349"
"2026-08-14T07:06:43.821Z","IN","m360/DF/0000/out/1/1/1/0/37","349"
"2026-08-14T07:06:43.956Z","IN","m360/DF/0000/out/1/2/1/0/37","304"
"2026-08-14T07:06:43.957Z","IN","m360/DF/0000/out/1/2/1/0/37","304"
"2026-08-14T07:06:43.959Z","IN","m360/DF/0000/out/1/3/1/0/37","122"
"2026-08-14T07:06:43.959Z","IN","m360/DF/0000/out/1/3/1/0/37","122"
"2026-08-14T07:06:43.960Z","IN","m360/DF/0000/out/1/4/1/0/37","425"
"2026-08-14T07:06:43.960Z","IN","m360/DF/0000/out/1/4/1/0/37","425"
"2026-08-14T07:06:44.358Z","IN","m360/DF/0000/out/1/5/1/0/37","333"
"2026-08-14T07:06:44.358Z","IN","m360/DF/0000/out/1/5/1/0/37","333"
"2026-08-14T07:06:44.358Z","IN","m360/DF/0000/out/1/6/1/0/37","261"
"2026-08-14T07:06:44.358Z","IN","m360/DF/0000/out/1/6/1/0/37","261"
"2026-08-14T07:07:06.817Z","IN","m360/DF/0000/out/99/11/1/0/0","14"
"2026-08-14T07:07:06.818Z","IN","m360/DF/0000/out/99/11/1/0/0","14"
"2026-08-14T07:07:06.889Z","IN","m360/DF/0000/out/99/12/1/0/1","21"
"2026-08-14T07:07:06.889Z","IN","m360/DF/0000/out/99/12/1/0/1","21"
"2026-08-14T07:07:23.259Z","IN","m360/DF/0000/out/2/1/1/0/37","114"
"2026-08-14T07:07:23.262Z","IN","m360/DF/0000/out/2/1/1/0/37","114"
"2026-08-14T07:07:23.394Z","IN","m360/DF/0000/out/2/4/1/0/37","1020"
"2026-08-14T07:07:23.394Z","IN","m360/DF/0000/out/2/4/1/0/37","1020"
"2026-08-14T07:07:23.425Z","IN","m360/DF/0000/out/2/5/1/0/37","616"
"2026-08-14T07:07:23.425Z","IN","m360/DF/0000/out/2/5/1/0/37","616"
"2026-08-14T07:07:23.425Z","IN","m360/DF/0000/out/2/6/1/0/37","366"
"2026-08-14T07:07:23.428Z","IN","m360/DF/0000/out/2/6/1/0/37","366"
"2026-08-14T07:07:26.072Z","IN","m360/DF/0000/out","{""nodeId"":0,""sensorId"":255,""command"":3,""ack"":0,""type"":22,""payload"":"""",""timestamp"":34801,""description"":""heartbeat"",""event"":""heartbeat"",""uptime"":34801,""rssi"":-63,""wifiRssi"":-63,""batteryLevel"":100,""ip"":""192.168.1.2"",""version"":""2.0"",""source"":""gateway""}"
"2026-08-14T07:07:26.072Z","IN","m360/DF/0000/out","{""nodeId"":0,""sensorId"":255,""command"":3,""ack"":0,""type"":22,""payload"":"""",""timestamp"":34801,""description"":""heartbeat"",""event"":""heartbeat"",""uptime"":34801,""rssi"":-63,""wifiRssi"":-63,""batteryLevel"":100,""ip"":""192.168.1.2"",""version"":""2.0"",""source"":""gateway""}"
"2026-08-14T07:07:26.089Z","IN","m360/DF/0000/gateway/status","{""timestamp"":34801,""isConnected"":true,""connectionTime"":34793,""reconnectCount"":0,""lastErrorCode"":0,""uptime"":34801,""source"":""gateway"",""type"":""mqtt_metrics""}"
"2026-08-14T07:07:43.899Z","IN","m360/DF/0000/out/1/1/1/0/37","347"
"2026-08-14T07:07:43.899Z","IN","m360/DF/0000/out/1/1/1/0/37","347"
"2026-08-14T07:07:44.033Z","IN","m360/DF/0000/out/1/2/1/0/37","333"
"2026-08-14T07:07:44.035Z","IN","m360/DF/0000/out/1/2/1/0/37","333"
"2026-08-14T07:07:44.035Z","IN","m360/DF/0000/out/1/3/1/0/37","129"
"2026-08-14T07:07:44.037Z","IN","m360/DF/0000/out/1/3/1/0/37","129"
"2026-08-14T07:07:44.252Z","IN","m360/DF/0000/out/1/4/1/0/37","437"
"2026-08-14T07:07:44.252Z","IN","m360/DF/0000/out/1/4/1/0/37","437"
"2026-08-14T07:07:44.252Z","IN","m360/DF/0000/out/1/5/1/0/37","331"
"2026-08-14T07:07:44.252Z","IN","m360/DF/0000/out/1/5/1/0/37","331"
"2026-08-14T07:07:44.252Z","IN","m360/DF/0000/out/1/6/1/0/37","259"
"2026-08-14T07:07:44.252Z","IN","m360/DF/0000/out/1/6/1/0/37","259"
"2026-08-14T07:08:23.262Z","IN","m360/DF/0000/out/2/1/1/0/37","119"
"2026-08-14T07:08:23.262Z","IN","m360/DF/0000/out/2/1/1/0/37","119"
"2026-08-14T07:08:23.364Z","IN","m360/DF/0000/out/2/2/1/0/37","422"
"2026-08-14T07:08:23.365Z","IN","m360/DF/0000/out/2/2/1/0/37","422"
"2026-08-14T07:08:23.681Z","IN","m360/DF/0000/out/2/5/1/0/37","607"
"2026-08-14T07:08:23.681Z","IN","m360/DF/0000/out/2/5/1/0/37","607"
"2026-08-14T07:08:23.681Z","IN","m360/DF/0000/out/2/6/1/0/37","389"
"2026-08-14T07:08:23.681Z","IN","m360/DF/0000/out/2/6/1/0/37","389"
"2026-08-14T07:08:26.075Z","IN","m360/DF/0000/out","{""nodeId"":0,""sensorId"":255,""command"":3,""ack"":0,""type"":22,""payload"":"""",""timestamp"":34861,""description"":""heartbeat"",""event"":""heartbeat"",""uptime"":34861,""rssi"":-64,""wifiRssi"":-64,""batteryLevel"":100,""ip"":""192.168.1.2"",""version"":""2.0"",""source"":""gateway""}"
"2026-08-14T07:08:26.075Z","IN","m360/DF/0000/out","{""nodeId"":0,""sensorId"":255,""command"":3,""ack"":0,""type"":22,""payload"":"""",""timestamp"":34861,""description"":""heartbeat"",""event"":""heartbeat"",""uptime"":34861,""rssi"":-64,""wifiRssi"":-64,""batteryLevel"":100,""ip"":""192.168.1.2"",""version"":""2.0"",""source"":""gateway""}"
"2026-08-14T07:08:26.093Z","IN","m360/DF/0000/gateway/status","{""timestamp"":34861,""isConnected"":true,""connectionTime"":34853,""reconnectCount"":0,""lastErrorCode"":0,""uptime"":34861,""source"":""gateway"",""type"":""mqtt_metrics""}"
"2026-08-14T07:08:43.991Z","IN","m360/DF/0000/out/1/2/1/0/37","252"
"2026-08-14T07:08:43.991Z","IN","m360/DF/0000/out/1/2/1/0/37","252"
"2026-08-14T07:08:44.099Z","IN","m360/DF/0000/out/1/3/1/0/37","106"
"2026-08-14T07:08:44.117Z","IN","m360/DF/0000/out/1/3/1/0/37","106"
"2026-08-14T07:08:44.129Z","IN","m360/DF/0000/out/1/4/1/0/37","411"
"2026-08-14T07:08:44.130Z","IN","m360/DF/0000/out/1/4/1/0/37","411"
"2026-08-14T07:08:44.134Z","IN","m360/DF/0000/out/1/5/1/0/37","316"
"2026-08-14T07:08:44.134Z","IN","m360/DF/0000/out/1/5/1/0/37","316"
"2026-08-14T07:08:44.474Z","IN","m360/DF/0000/out/1/6/1/0/37","250"
"2026-08-14T07:08:44.474Z","IN","m360/DF/0000/out/1/6/1/0/37","250"
"2026-08-14T07:09:23.273Z","IN","m360/DF/0000/out/2/1/1/0/37","131"
"2026-08-14T07:09:23.274Z","IN","m360/DF/0000/out/2/1/1/0/37","131"
"2026-08-14T07:09:23.363Z","IN","m360/DF/0000/out/2/2/1/0/37","428"
"2026-08-14T07:09:23.364Z","IN","m360/DF/0000/out/2/2/1/0/37","428"
"2026-08-14T07:09:23.655Z","IN","m360/DF/0000/out/2/3/1/0/37","1023"
"2026-08-14T07:09:23.655Z","IN","m360/DF/0000/out/2/3/1/0/37","1023"
"2026-08-14T07:09:23.655Z","IN","m360/DF/0000/out/2/5/1/0/37","573"
"2026-08-14T07:09:23.655Z","IN","m360/DF/0000/out/2/5/1/0/37","573"
"2026-08-14T07:09:23.655Z","IN","m360/DF/0000/out/2/6/1/0/37","399"
"2026-08-14T07:09:23.656Z","IN","m360/DF/0000/out/2/6/1/0/37","399"
"2026-08-14T07:09:26.081Z","IN","m360/DF/0000/out","{""nodeId"":0,""sensorId"":255,""command"":3,""ack"":0,""type"":22,""payload"":"""",""timestamp"":34921,""description"":""heartbeat"",""event"":""heartbeat"",""uptime"":34921,""rssi"":-64,""wifiRssi"":-64,""batteryLevel"":100,""ip"":""192.168.1.2"",""version"":""2.0"",""source"":""gateway""}"
"2026-08-14T07:09:26.081Z","IN","m360/DF/0000/out","{""nodeId"":0,""sensorId"":255,""command"":3,""ack"":0,""type"":22,""payload"":"""",""timestamp"":34921,""description"":""heartbeat"",""event"":""heartbeat"",""uptime"":34921,""rssi"":-64,""wifiRssi"":-64,""batteryLevel"":100,""ip"":""192.168.1.2"",""version"":""2.0"",""source"":""gateway""}"
"2026-08-14T07:09:26.098Z","IN","m360/DF/0000/gateway/status","{""timestamp"":34921,""isConnected"":true,""connectionTime"":34913,""reconnectCount"":0,""lastErrorCode"":0,""uptime"":34921,""source"":""gateway"",""type"":""mqtt_metrics""}"
"2026-08-14T07:09:44.078Z","IN","m360/DF/0000/out/1/2/1/0/37","237"
"2026-08-14T07:09:44.078Z","IN","m360/DF/0000/out/1/2/1/0/37","237"
"2026-08-14T07:09:44.319Z","IN","m360/DF/0000/out/1/3/1/0/37","103"
"2026-08-14T07:09:44.320Z","IN","m360/DF/0000/out/1/3/1/0/37","103"
"2026-08-14T07:09:44.322Z","IN","m360/DF/0000/out/1/4/1/0/37","406"
"2026-08-14T07:09:44.322Z","IN","m360/DF/0000/out/1/4/1/0/37","406"
"2026-08-14T07:09:44.323Z","IN","m360/DF/0000/out/1/5/1/0/37","317"
"2026-08-14T07:09:44.323Z","IN","m360/DF/0000/out/1/5/1/0/37","317"
"2026-08-14T07:09:44.324Z","IN","m360/DF/0000/out/1/6/1/0/37","246"
"2026-08-14T07:09:44.325Z","IN","m360/DF/0000/out/1/6/1/0/37","246"
"2026-08-14T07:10:23.301Z","IN","m360/DF/0000/out/2/1/1/0/37","117"
"2026-08-14T07:10:23.301Z","IN","m360/DF/0000/out/2/1/1/0/37","117"
"2026-08-14T07:10:23.451Z","IN","m360/DF/0000/out/2/3/1/0/37","1020"
"2026-08-14T07:10:23.453Z","IN","m360/DF/0000/out/2/3/1/0/37","1020"
"2026-08-14T07:10:23.453Z","IN","m360/DF/0000/out/2/4/1/0/37","1018"
"2026-08-14T07:10:23.454Z","IN","m360/DF/0000/out/2/4/1/0/37","1018"
"2026-08-14T07:10:23.456Z","IN","m360/DF/0000/out/2/5/1/0/37","617"
"2026-08-14T07:10:23.457Z","IN","m360/DF/0000/out/2/5/1/0/37","617"
"2026-08-14T07:10:23.748Z","IN","m360/DF/0000/out/2/6/1/0/37","338"
"2026-08-14T07:10:23.749Z","IN","m360/DF/0000/out/2/6/1/0/37","338"
"2026-08-14T07:10:26.085Z","IN","m360/DF/0000/out","{""nodeId"":0,""sensorId"":255,""command"":3,""ack"":0,""type"":22,""payload"":"""",""timestamp"":34981,""description"":""heartbeat"",""event"":""heartbeat"",""uptime"":34981,""rssi"":-64,""wifiRssi"":-64,""batteryLevel"":100,""ip"":""192.168.1.2"",""version"":""2.0"",""source"":""gateway""}"
"2026-08-14T07:10:26.086Z","IN","m360/DF/0000/out","{""nodeId"":0,""sensorId"":255,""command"":3,""ack"":0,""type"":22,""payload"":"""",""timestamp"":34981,""description"":""heartbeat"",""event"":""heartbeat"",""uptime"":34981,""rssi"":-64,""wifiRssi"":-64,""batteryLevel"":100,""ip"":""192.168.1.2"",""version"":""2.0"",""source"":""gateway""}"
"2026-08-14T07:10:26.102Z","IN","m360/DF/0000/gateway/status","{""timestamp"":34981,""isConnected"":true,""connectionTime"":34973,""reconnectCount"":0,""lastErrorCode"":0,""uptime"":34981,""source"":""gateway"",""type"":""mqtt_metrics""}"
"2026-08-14T07:10:44.127Z","IN","m360/DF/0000/out/1/1/1/0/37","346"
"2026-08-14T07:10:44.128Z","IN","m360/DF/0000/out/1/1/1/0/37","346"
"2026-08-14T07:10:44.255Z","IN","m360/DF/0000/out/1/2/1/0/37","343"
"2026-08-14T07:10:44.258Z","IN","m360/DF/0000/out/1/2/1/0/37","343"
"2026-08-14T07:10:44.261Z","IN","m360/DF/0000/out/1/3/1/0/37","129"
"2026-08-14T07:10:44.261Z","IN","m360/DF/0000/out/1/3/1/0/37","129"
"2026-08-14T07:10:44.635Z","IN","m360/DF/0000/out/1/4/1/0/37","432"
"2026-08-14T07:10:44.636Z","IN","m360/DF/0000/out/1/4/1/0/37","432"
"2026-08-14T07:10:44.636Z","IN","m360/DF/0000/out/1/5/1/0/37","332"
"2026-08-14T07:10:44.636Z","IN","m360/DF/0000/out/1/5/1/0/37","332"
"2026-08-14T07:10:44.697Z","IN","m360/DF/0000/out/1/6/1/0/37","257"
"2026-08-14T07:10:44.697Z","IN","m360/DF/0000/out/1/6/1/0/37","257"
"2026-08-14T07:11:23.298Z","IN","m360/DF/0000/out/2/1/1/0/37","116"
"2026-08-14T07:11:23.299Z","IN","m360/DF/0000/out/2/1/1/0/37","116"
"2026-08-14T07:11:23.385Z","IN","m360/DF/0000/out/2/2/1/0/37","422"
"2026-08-14T07:11:23.385Z","IN","m360/DF/0000/out/2/2/1/0/37","422"
"2026-08-14T07:11:23.657Z","IN","m360/DF/0000/out/2/3/1/0/37","1019"
"2026-08-14T07:11:23.657Z","IN","m360/DF/0000/out/2/3/1/0/37","1019"
"2026-08-14T07:11:23.657Z","IN","m360/DF/0000/out/2/4/1/0/37","1020"
"2026-08-14T07:11:23.657Z","IN","m360/DF/0000/out/2/4/1/0/37","1020"
"2026-08-14T07:11:23.659Z","IN","m360/DF/0000/out/2/5/1/0/37","619"
"2026-08-14T07:11:23.659Z","IN","m360/DF/0000/out/2/5/1/0/37","619"
"2026-08-14T07:11:23.660Z","IN","m360/DF/0000/out/2/6/1/0/37","383"
"2026-08-14T07:11:23.660Z","IN","m360/DF/0000/out/2/6/1/0/37","383"
"2026-08-14T07:11:26.093Z","IN","m360/DF/0000/out","{""nodeId"":0,""sensorId"":255,""command"":3,""ack"":0,""type"":22,""payload"":"""",""timestamp"":35041,""description"":""heartbeat"",""event"":""heartbeat"",""uptime"":35041,""rssi"":-64,""wifiRssi"":-64,""batteryLevel"":100,""ip"":""192.168.1.2"",""version"":""2.0"",""source"":""gateway""}"
"2026-08-14T07:11:26.093Z","IN","m360/DF/0000/out","{""nodeId"":0,""sensorId"":255,""command"":3,""ack"":0,""type"":22,""payload"":"""",""timestamp"":35041,""description"":""heartbeat"",""event"":""heartbeat"",""uptime"":35041,""rssi"":-64,""wifiRssi"":-64,""batteryLevel"":100,""ip"":""192.168.1.2"",""version"":""2.0"",""source"":""gateway""}"
"2026-08-14T07:11:26.107Z","IN","m360/DF/0000/gateway/status","{""timestamp"":35041,""isConnected"":true,""connectionTime"":35033,""reconnectCount"":0,""lastErrorCode"":0,""uptime"":35041,""source"":""gateway"",""type"":""mqtt_metrics""}"
"2026-08-14T07:11:44.186Z","IN","m360/DF/0000/out/1/1/1/0/37","351"
"2026-08-14T07:11:44.186Z","IN","m360/DF/0000/out/1/1/1/0/37","351"
"2026-08-14T07:11:44.351Z","IN","m360/DF/0000/out/1/2/1/0/37","332"
"2026-08-14T07:11:44.352Z","IN","m360/DF/0000/out/1/2/1/0/37","332"
"2026-08-14T07:11:44.356Z","IN","m360/DF/0000/out/1/3/1/0/37","143"
"2026-08-14T07:11:44.357Z","IN","m360/DF/0000/out/1/3/1/0/37","143"
"2026-08-14T07:11:44.357Z","IN","m360/DF/0000/out/1/4/1/0/37","445"
"2026-08-14T07:11:44.357Z","IN","m360/DF/0000/out/1/4/1/0/37","445"
"2026-08-14T07:11:44.357Z","IN","m360/DF/0000/out/1/5/1/0/37","324"
"2026-08-14T07:11:44.357Z","IN","m360/DF/0000/out/1/5/1/0/37","324"
"2026-08-14T07:11:44.751Z","IN","m360/DF/0000/out/1/6/1/0/37","261"
"2026-08-14T07:11:44.751Z","IN","m360/DF/0000/out/1/6/1/0/37","261"
"2026-08-14T07:12:23.316Z","IN","m360/DF/0000/out/2/1/1/0/37","104"
"2026-08-14T07:12:23.317Z","IN","m360/DF/0000/out/2/1/1/0/37","104"
"2026-08-14T07:12:23.523Z","IN","m360/DF/0000/out/2/2/1/0/37","437"
"2026-08-14T07:12:23.524Z","IN","m360/DF/0000/out/2/2/1/0/37","437"
"2026-08-14T07:12:23.525Z","IN","m360/DF/0000/out/2/3/1/0/37","1017"
"2026-08-14T07:12:23.525Z","IN","m360/DF/0000/out/2/3/1/0/37","1017"
"2026-08-14T07:12:23.525Z","IN","m360/DF/0000/out/2/4/1/0/37","1021"
"2026-08-14T07:12:23.525Z","IN","m360/DF/0000/out/2/4/1/0/37","1021"
"2026-08-14T07:12:23.525Z","IN","m360/DF/0000/out/2/5/1/0/37","621"
"2026-08-14T07:12:23.526Z","IN","m360/DF/0000/out/2/5/1/0/37","621"
"2026-08-14T07:12:23.537Z","IN","m360/DF/0000/out/2/6/1/0/37","397"
"2026-08-14T07:12:23.538Z","IN","m360/DF/0000/out/2/6/1/0/37","397"
"2026-08-14T07:12:26.099Z","IN","m360/DF/0000/out/events","{""event"":""node_lost"",""nodeId"":99,""timestamp"":35101,""rssi"":-64,""details"":""Inactivity detected: timeout 300 s""}"
"2026-08-14T07:12:26.099Z","IN","m360/DF/0000/out/events","{""event"":""node_lost"",""nodeId"":99,""timestamp"":35101,""rssi"":-64,""details"":""Inactivity detected: timeout 300 s""}"
"2026-08-14T07:12:26.119Z","IN","m360/DF/0000/out","{""nodeId"":0,""sensorId"":255,""command"":3,""ack"":0,""type"":22,""payload"":"""",""timestamp"":35101,""description"":""heartbeat"",""event"":""heartbeat"",""uptime"":35101,""rssi"":-64,""wifiRssi"":-64,""batteryLevel"":100,""ip"":""192.168.1.2"",""version"":""2.0"",""source"":""gateway""}"
"2026-08-14T07:12:26.119Z","IN","m360/DF/0000/out","{""nodeId"":0,""sensorId"":255,""command"":3,""ack"":0,""type"":22,""payload"":"""",""timestamp"":35101,""description"":""heartbeat"",""event"":""heartbeat"",""uptime"":35101,""rssi"":-64,""wifiRssi"":-64,""batteryLevel"":100,""ip"":""192.168.1.2"",""version"":""2.0"",""source"":""gateway""}"
"2026-08-14T07:12:26.119Z","IN","m360/DF/0000/gateway/status","{""timestamp"":35101,""isConnected"":true,""connectionTime"":35093,""reconnectCount"":0,""lastErrorCode"":0,""uptime"":35101,""source"":""gateway"",""type"":""mqtt_metrics""}"
"2026-08-14T07:12:44.265Z","IN","m360/DF/0000/out/1/1/1/0/37","343"
"2026-08-14T07:12:44.266Z","IN","m360/DF/0000/out/1/1/1/0/37","343"
"2026-08-14T07:12:44.370Z","IN","m360/DF/0000/out/1/2/1/0/37","330"
"2026-08-14T07:12:44.371Z","IN","m360/DF/0000/out/1/2/1/0/37","330"
"2026-08-14T07:12:44.378Z","IN","m360/DF/0000/out/1/3/1/0/37","132"
"2026-08-14T07:12:44.383Z","IN","m360/DF/0000/out/1/3/1/0/37","132"
"2026-08-14T07:12:44.774Z","IN","m360/DF/0000/out/1/4/1/0/37","600"
"2026-08-14T07:12:44.775Z","IN","m360/DF/0000/out/1/4/1/0/37","600"
"2026-08-14T07:12:44.775Z","IN","m360/DF/0000/out/1/5/1/0/37","330"
"2026-08-14T07:12:44.775Z","IN","m360/DF/0000/out/1/5/1/0/37","330"
"2026-08-14T07:12:44.775Z","IN","m360/DF/0000/out/1/6/1/0/37","266"
"2026-08-14T07:12:44.775Z","IN","m360/DF/0000/out/1/6/1/0/37","266"
"2026-08-14T07:13:23.326Z","IN","m360/DF/0000/out/2/1/1/0/37","115"
"2026-08-14T07:13:23.326Z","IN","m360/DF/0000/out/2/1/1/0/37","115"
"2026-08-14T07:13:23.426Z","IN","m360/DF/0000/out/2/2/1/0/37","429"
"2026-08-14T07:13:23.430Z","IN","m360/DF/0000/out/2/2/1/0/37","429"
"2026-08-14T07:13:23.633Z","IN","m360/DF/0000/out/2/3/1/0/37","1020"
"2026-08-14T07:13:23.633Z","IN","m360/DF/0000/out/2/3/1/0/37","1020"
"2026-08-14T07:13:23.667Z","IN","m360/DF/0000/out/2/4/1/0/37","1020"
"2026-08-14T07:13:23.668Z","IN","m360/DF/0000/out/2/4/1/0/37","1020"
"2026-08-14T07:13:23.668Z","IN","m360/DF/0000/out/2/5/1/0/37","619"
"2026-08-14T07:13:23.668Z","IN","m360/DF/0000/out/2/5/1/0/37","619"
"2026-08-14T07:13:23.668Z","IN","m360/DF/0000/out/2/6/1/0/37","396"
"2026-08-14T07:13:23.668Z","IN","m360/DF/0000/out/2/6/1/0/37","396"
"2026-08-14T07:13:26.100Z","IN","m360/DF/0000/out","{""nodeId"":0,""sensorId"":255,""command"":3,""ack"":0,""type"":22,""payload"":"""",""timestamp"":35161,""description"":""heartbeat"",""event"":""heartbeat"",""uptime"":35161,""rssi"":-64,""wifiRssi"":-64,""batteryLevel"":100,""ip"":""192.168.1.2"",""version"":""2.0"",""source"":""gateway""}"
"2026-08-14T07:13:26.102Z","IN","m360/DF/0000/out","{""nodeId"":0,""sensorId"":255,""command"":3,""ack"":0,""type"":22,""payload"":"""",""timestamp"":35161,""description"":""heartbeat"",""event"":""heartbeat"",""uptime"":35161,""rssi"":-64,""wifiRssi"":-64,""batteryLevel"":100,""ip"":""192.168.1.2"",""version"":""2.0"",""source"":""gateway""}"
"2026-08-14T07:13:26.118Z","IN","m360/DF/0000/gateway/status","{""timestamp"":35161,""isConnected"":true,""connectionTime"":35153,""reconnectCount"":0,""lastErrorCode"":0,""uptime"":35161,""source"":""gateway"",""type"":""mqtt_metrics""}"
"2026-08-14T07:13:44.348Z","IN","m360/DF/0000/out/1/1/1/0/37","345"
"2026-08-14T07:13:44.348Z","IN","m360/DF/0000/out/1/1/1/0/37","345"
"2026-08-14T07:13:44.467Z","IN","m360/DF/0000/out/1/2/1/0/37","333"
"2026-08-14T07:13:44.467Z","IN","m360/DF/0000/out/1/2/1/0/37","333"
"2026-08-14T07:13:44.467Z","IN","m360/DF/0000/out/1/3/1/0/37","111"
"2026-08-14T07:13:44.467Z","IN","m360/DF/0000/out/1/3/1/0/37","111"
"2026-08-14T07:13:44.467Z","IN","m360/DF/0000/out/1/4/1/0/37","412"
"2026-08-14T07:13:44.467Z","IN","m360/DF/0000/out/1/4/1/0/37","412"
"2026-08-14T07:13:44.865Z","IN","m360/DF/0000/out/1/5/1/0/37","315"
"2026-08-14T07:13:44.865Z","IN","m360/DF/0000/out/1/5/1/0/37","315"
"2026-08-14T07:13:44.865Z","IN","m360/DF/0000/out/1/6/1/0/37","244"
"2026-08-14T07:13:44.865Z","IN","m360/DF/0000/out/1/6/1/0/37","244"
"2026-08-14T07:14:06.314Z","IN","m360/DF/0000/out/events","{""event"":""node_reconnected"",""nodeId"":99,""timestamp"":35201,""rssi"":-64,""details"":""Node back online or discovered""}"
"2026-08-14T07:14:06.314Z","IN","m360/DF/0000/out/events","{""event"":""node_reconnected"",""nodeId"":99,""timestamp"":35201,""rssi"":-64,""details"":""Node back online or discovered""}"
"2026-08-14T07:14:06.380Z","IN","m360/DF/0000/out/99/21/1/0/24","0"
"2026-08-14T07:14:06.380Z","IN","m360/DF/0000/out/99/21/1/0/24","0"
"2026-08-14T07:14:23.343Z","IN","m360/DF/0000/out/2/1/1/0/37","116"
"2026-08-14T07:14:23.344Z","IN","m360/DF/0000/out/2/1/1/0/37","116"
"2026-08-14T07:14:23.442Z","IN","m360/DF/0000/out/2/2/1/0/37","425"
"2026-08-14T07:14:23.445Z","IN","m360/DF/0000/out/2/2/1/0/37","425"
"2026-08-14T07:14:23.448Z","IN","m360/DF/0000/out/2/3/1/0/37","1019"
"2026-08-14T07:14:23.448Z","IN","m360/DF/0000/out/2/3/1/0/37","1019"
"2026-08-14T07:14:23.747Z","IN","m360/DF/0000/out/2/5/1/0/37","610"
"2026-08-14T07:14:23.747Z","IN","m360/DF/0000/out/2/5/1/0/37","610"
"2026-08-14T07:14:23.747Z","IN","m360/DF/0000/out/2/6/1/0/37","390"
"2026-08-14T07:14:23.747Z","IN","m360/DF/0000/out/2/6/1/0/37","390"
"2026-08-14T07:14:26.103Z","IN","m360/DF/0000/out","{""nodeId"":0,""sensorId"":255,""command"":3,""ack"":0,""type"":22,""payload"":"""",""timestamp"":35221,""description"":""heartbeat"",""event"":""heartbeat"",""uptime"":35221,""rssi"":-64,""wifiRssi"":-64,""batteryLevel"":100,""ip"":""192.168.1.2"",""version"":""2.0"",""source"":""gateway""}"
"2026-08-14T07:14:26.104Z","IN","m360/DF/0000/out","{""nodeId"":0,""sensorId"":255,""command"":3,""ack"":0,""type"":22,""payload"":"""",""timestamp"":35221,""description"":""heartbeat"",""event"":""heartbeat"",""uptime"":35221,""rssi"":-64,""wifiRssi"":-64,""batteryLevel"":100,""ip"":""192.168.1.2"",""version"":""2.0"",""source"":""gateway""}"
"2026-08-14T07:14:26.124Z","IN","m360/DF/0000/gateway/status","{""timestamp"":35221,""isConnected"":true,""connectionTime"":35213,""reconnectCount"":0,""lastErrorCode"":0,""uptime"":35221,""source"":""gateway"",""type"":""mqtt_metrics""}"
"2026-08-14T07:14:44.389Z","IN","m360/DF/0000/out/1/1/1/0/37","348"
"2026-08-14T07:14:44.389Z","IN","m360/DF/0000/out/1/1/1/0/37","348"
"2026-08-14T07:14:44.521Z","IN","m360/DF/0000/out/1/3/1/0/37","108"
"2026-08-14T07:14:44.521Z","IN","m360/DF/0000/out/1/3/1/0/37","108"
"2026-08-14T07:14:44.522Z","IN","m360/DF/0000/out/1/4/1/0/37","419"
"2026-08-14T07:14:44.522Z","IN","m360/DF/0000/out/1/4/1/0/37","419"
"2026-08-14T07:14:44.867Z","IN","m360/DF/0000/out/1/5/1/0/37","326"
"2026-08-14T07:14:44.867Z","IN","m360/DF/0000/out/1/5/1/0/37","326"
"2026-08-14T07:14:44.867Z","IN","m360/DF/0000/out/1/6/1/0/37","256"
"2026-08-14T07:14:44.868Z","IN","m360/DF/0000/out/1/6/1/0/37","256"
"2026-08-14T07:15:23.359Z","IN","m360/DF/0000/out/2/2/1/0/37","348"
"2026-08-14T07:15:23.360Z","IN","m360/DF/0000/out/2/2/1/0/37","348"
"2026-08-14T07:15:23.521Z","IN","m360/DF/0000/out/2/3/1/0/37","1020"
"2026-08-14T07:15:23.521Z","IN","m360/DF/0000/out/2/3/1/0/37","1020"
"2026-08-14T07:15:23.521Z","IN","m360/DF/0000/out/2/4/1/0/37","1021"
"2026-08-14T07:15:23.521Z","IN","m360/DF/0000/out/2/4/1/0/37","1021"
"2026-08-14T07:15:23.521Z","IN","m360/DF/0000/out/2/5/1/0/37","620"
"2026-08-14T07:15:23.522Z","IN","m360/DF/0000/out/2/5/1/0/37","620"
"2026-08-14T07:15:23.751Z","IN","m360/DF/0000/out/2/6/1/0/37","369"
"2026-08-14T07:15:23.751Z","IN","m360/DF/0000/out/2/6/1/0/37","369"
"2026-08-14T07:15:26.109Z","IN","m360/DF/0000/out","{""nodeId"":0,""sensorId"":255,""command"":3,""ack"":0,""type"":22,""payload"":"""",""timestamp"":35281,""description"":""heartbeat"",""event"":""heartbeat"",""uptime"":35281,""rssi"":-63,""wifiRssi"":-63,""batteryLevel"":100,""ip"":""192.168.1.2"",""version"":""2.0"",""source"":""gateway""}"
"2026-08-14T07:15:26.109Z","IN","m360/DF/0000/out","{""nodeId"":0,""sensorId"":255,""command"":3,""ack"":0,""type"":22,""payload"":"""",""timestamp"":35281,""description"":""heartbeat"",""event"":""heartbeat"",""uptime"":35281,""rssi"":-63,""wifiRssi"":-63,""batteryLevel"":100,""ip"":""192.168.1.2"",""version"":""2.0"",""source"":""gateway""}"
"2026-08-14T07:15:26.126Z","IN","m360/DF/0000/gateway/status","{""timestamp"":35281,""isConnected"":true,""connectionTime"":35273,""reconnectCount"":0,""lastErrorCode"":0,""uptime"":35281,""source"":""gateway"",""type"":""mqtt_metrics""}"
"2026-08-14T07:16:06.176Z","IN","m360/DF/0000/out/99/11/1/0/0","15"
"2026-08-14T07:16:06.176Z","IN","m360/DF/0000/out/99/11/1/0/0","15"
"2026-08-14T07:16:06.239Z","IN","m360/DF/0000/out/99/12/1/0/1","20"
"2026-08-14T07:16:06.239Z","IN","m360/DF/0000/out/99/12/1/0/1","20"
"2026-08-14T07:16:23.349Z","IN","m360/DF/0000/out/2/1/1/0/37","126"
"2026-08-14T07:16:23.350Z","IN","m360/DF/0000/out/2/1/1/0/37","126"
"2026-08-14T07:16:23.456Z","IN","m360/DF/0000/out/2/2/1/0/37","429"
"2026-08-14T07:16:23.458Z","IN","m360/DF/0000/out/2/2/1/0/37","429"
"2026-08-14T07:16:23.464Z","IN","m360/DF/0000/out/2/4/1/0/37","1019"
"2026-08-14T07:16:23.464Z","IN","m360/DF/0000/out/2/4/1/0/37","1019"
"2026-08-14T07:16:23.737Z","IN","m360/DF/0000/out/2/5/1/0/37","624"
"2026-08-14T07:16:23.737Z","IN","m360/DF/0000/out/2/5/1/0/37","624"
"2026-08-14T07:16:23.737Z","IN","m360/DF/0000/out/2/6/1/0/37","403"
"2026-08-14T07:16:23.737Z","IN","m360/DF/0000/out/2/6/1/0/37","403"
"2026-08-14T07:16:26.113Z","IN","m360/DF/0000/out","{""nodeId"":0,""sensorId"":255,""command"":3,""ack"":0,""type"":22,""payload"":"""",""timestamp"":35341,""description"":""heartbeat"",""event"":""heartbeat"",""uptime"":35341,""rssi"":-64,""wifiRssi"":-64,""batteryLevel"":100,""ip"":""192.168.1.2"",""version"":""2.0"",""source"":""gateway""}"
"2026-08-14T07:16:26.113Z","IN","m360/DF/0000/out","{""nodeId"":0,""sensorId"":255,""command"":3,""ack"":0,""type"":22,""payload"":"""",""timestamp"":35341,""description"":""heartbeat"",""event"":""heartbeat"",""uptime"":35341,""rssi"":-64,""wifiRssi"":-64,""batteryLevel"":100,""ip"":""192.168.1.2"",""version"":""2.0"",""source"":""gateway""}"
"2026-08-14T07:16:26.130Z","IN","m360/DF/0000/gateway/status","{""timestamp"":35341,""isConnected"":true,""connectionTime"":35333,""reconnectCount"":0,""lastErrorCode"":0,""uptime"":35341,""source"":""gateway"",""type"":""mqtt_metrics""}"
"2026-08-14T07:17:23.364Z","IN","m360/DF/0000/out/2/1/1/0/37","57"
"2026-08-14T07:17:23.364Z","IN","m360/DF/0000/out/2/1/1/0/37","57"
"2026-08-14T07:17:23.520Z","IN","m360/DF/0000/out/2/2/1/0/37","430"
"2026-08-14T07:17:23.521Z","IN","m360/DF/0000/out/2/2/1/0/37","430"
"2026-08-14T07:17:23.521Z","IN","m360/DF/0000/out/2/4/1/0/37","1020"
"2026-08-14T07:17:23.521Z","IN","m360/DF/0000/out/2/4/1/0/37","1020"
"2026-08-14T07:17:23.522Z","IN","m360/DF/0000/out/2/5/1/0/37","622"
"2026-08-14T07:17:23.522Z","IN","m360/DF/0000/out/2/5/1/0/37","622"
"2026-08-14T07:17:23.762Z","IN","m360/DF/0000/out/2/6/1/0/37","399"
"2026-08-14T07:17:23.762Z","IN","m360/DF/0000/out/2/6/1/0/37","399"
"2026-08-14T07:17:26.118Z","IN","m360/DF/0000/out","{""nodeId"":0,""sensorId"":255,""command"":3,""ack"":0,""type"":22,""payload"":"""",""timestamp"":35401,""description"":""heartbeat"",""event"":""heartbeat"",""uptime"":35401,""rssi"":-64,""wifiRssi"":-64,""batteryLevel"":100,""ip"":""192.168.1.2"",""version"":""2.0"",""source"":""gateway""}"
"2026-08-14T07:17:26.118Z","IN","m360/DF/0000/out","{""nodeId"":0,""sensorId"":255,""command"":3,""ack"":0,""type"":22,""payload"":"""",""timestamp"":35401,""description"":""heartbeat"",""event"":""heartbeat"",""uptime"":35401,""rssi"":-64,""wifiRssi"":-64,""batteryLevel"":100,""ip"":""192.168.1.2"",""version"":""2.0"",""source"":""gateway""}"
"2026-08-14T07:17:26.137Z","IN","m360/DF/0000/gateway/status","{""timestamp"":35401,""isConnected"":true,""connectionTime"":35393,""reconnectCount"":0,""lastErrorCode"":0,""uptime"":35401,""source"":""gateway"",""type"":""mqtt_metrics""}"
"2026-08-14T07:17:44.591Z","IN","m360/DF/0000/out/1/2/1/0/37","237"
"2026-08-14T07:17:44.592Z","IN","m360/DF/0000/out/1/2/1/0/37","237"
"2026-08-14T07:17:44.723Z","IN","m360/DF/0000/out/1/3/1/0/37","109"
"2026-08-14T07:17:44.724Z","IN","m360/DF/0000/out/1/3/1/0/37","109"
"2026-08-14T07:17:44.726Z","IN","m360/DF/0000/out/1/4/1/0/37","392"
"2026-08-14T07:17:44.726Z","IN","m360/DF/0000/out/1/4/1/0/37","392"
"2026-08-14T07:17:44.726Z","IN","m360/DF/0000/out/1/5/1/0/37","302"
"2026-08-14T07:17:44.726Z","IN","m360/DF/0000/out/1/5/1/0/37","302"
"2026-08-14T07:17:45.041Z","IN","m360/DF/0000/out/1/6/1/0/37","242"
"2026-08-14T07:17:45.041Z","IN","m360/DF/0000/out/1/6/1/0/37","242"
"2026-08-14T07:18:06.079Z","IN","m360/DF/0000/out/99/11/1/0/0","14"
"2026-08-14T07:18:06.080Z","IN","m360/DF/0000/out/99/11/1/0/0","14"
"2026-08-14T07:18:06.142Z","IN","m360/DF/0000/out/99/12/1/0/1","21"
"2026-08-14T07:18:06.144Z","IN","m360/DF/0000/out/99/12/1/0/1","21"
"2026-08-14T07:18:23.365Z","IN","m360/DF/0000/out/2/1/1/0/37","115"
"2026-08-14T07:18:23.366Z","IN","m360/DF/0000/out/2/1/1/0/37","115"
"2026-08-14T07:18:23.443Z","IN","m360/DF/0000/out/2/2/1/0/37","429"
"2026-08-14T07:18:23.443Z","IN","m360/DF/0000/out/2/2/1/0/37","429"
"2026-08-14T07:18:23.673Z","IN","m360/DF/0000/out/2/4/1/0/37","1022"
"2026-08-14T07:18:23.673Z","IN","m360/DF/0000/out/2/4/1/0/37","1022"
"2026-08-14T07:18:23.673Z","IN","m360/DF/0000/out/2/5/1/0/37","634"
"2026-08-14T07:18:23.673Z","IN","m360/DF/0000/out/2/5/1/0/37","634"
"2026-08-14T07:18:23.674Z","IN","m360/DF/0000/out/2/6/1/0/37","391"
"2026-08-14T07:18:23.674Z","IN","m360/DF/0000/out/2/6/1/0/37","391"
"2026-08-14T07:18:26.122Z","IN","m360/DF/0000/out","{""nodeId"":0,""sensorId"":255,""command"":3,""ack"":0,""type"":22,""payload"":"""",""timestamp"":35461,""description"":""heartbeat"",""event"":""heartbeat"",""uptime"":35461,""rssi"":-63,""wifiRssi"":-63,""batteryLevel"":100,""ip"":""192.168.1.2"",""version"":""2.0"",""source"":""gateway""}"
"2026-08-14T07:18:26.122Z","IN","m360/DF/0000/out","{""nodeId"":0,""sensorId"":255,""command"":3,""ack"":0,""type"":22,""payload"":"""",""timestamp"":35461,""description"":""heartbeat"",""event"":""heartbeat"",""uptime"":35461,""rssi"":-63,""wifiRssi"":-63,""batteryLevel"":100,""ip"":""192.168.1.2"",""version"":""2.0"",""source"":""gateway""}"
"2026-08-14T07:18:26.139Z","IN","m360/DF/0000/gateway/status","{""timestamp"":35461,""isConnected"":true,""connectionTime"":35453,""reconnectCount"":0,""lastErrorCode"":0,""uptime"":35461,""source"":""gateway"",""type"":""mqtt_metrics""}"
"2026-08-14T07:18:44.646Z","IN","m360/DF/0000/out/1/2/1/0/37","240"
"2026-08-14T07:18:44.647Z","IN","m360/DF/0000/out/1/2/1/0/37","240"
"2026-08-14T07:18:44.751Z","IN","m360/DF/0000/out/1/3/1/0/37","114"
"2026-08-14T07:18:44.752Z","IN","m360/DF/0000/out/1/3/1/0/37","114"
"2026-08-14T07:18:44.752Z","IN","m360/DF/0000/out/1/4/1/0/37","418"
"2026-08-14T07:18:44.753Z","IN","m360/DF/0000/out/1/4/1/0/37","418"
"2026-08-14T07:18:45.094Z","IN","m360/DF/0000/out/1/5/1/0/37","314"
"2026-08-14T07:18:45.094Z","IN","m360/DF/0000/out/1/5/1/0/37","314"
"2026-08-14T07:18:45.094Z","IN","m360/DF/0000/out/1/6/1/0/37","244"
"2026-08-14T07:18:45.094Z","IN","m360/DF/0000/out/1/6/1/0/37","244"
"2026-08-14T07:19:23.389Z","IN","m360/DF/0000/out/2/1/1/0/37","116"
"2026-08-14T07:19:23.390Z","IN","m360/DF/0000/out/2/1/1/0/37","116"
"2026-08-14T07:19:23.473Z","IN","m360/DF/0000/out/2/2/1/0/37","431"
"2026-08-14T07:19:23.477Z","IN","m360/DF/0000/out/2/2/1/0/37","431"
"2026-08-14T07:19:23.724Z","IN","m360/DF/0000/out/2/4/1/0/37","1021"
"2026-08-14T07:19:23.724Z","IN","m360/DF/0000/out/2/4/1/0/37","1021"
"2026-08-14T07:19:23.755Z","IN","m360/DF/0000/out/2/5/1/0/37","606"
"2026-08-14T07:19:23.756Z","IN","m360/DF/0000/out/2/5/1/0/37","606"
"2026-08-14T07:19:23.756Z","IN","m360/DF/0000/out/2/6/1/0/37","396"
"2026-08-14T07:19:23.756Z","IN","m360/DF/0000/out/2/6/1/0/37","396"
"2026-08-14T07:19:26.127Z","IN","m360/DF/0000/out","{""nodeId"":0,""sensorId"":255,""command"":3,""ack"":0,""type"":22,""payload"":"""",""timestamp"":35521,""description"":""heartbeat"",""event"":""heartbeat"",""uptime"":35521,""rssi"":-64,""wifiRssi"":-64,""batteryLevel"":100,""ip"":""192.168.1.2"",""version"":""2.0"",""source"":""gateway""}"
"2026-08-14T07:19:26.127Z","IN","m360/DF/0000/out","{""nodeId"":0,""sensorId"":255,""command"":3,""ack"":0,""type"":22,""payload"":"""",""timestamp"":35521,""description"":""heartbeat"",""event"":""heartbeat"",""uptime"":35521,""rssi"":-64,""wifiRssi"":-64,""batteryLevel"":100,""ip"":""192.168.1.2"",""version"":""2.0"",""source"":""gateway""}"
"2026-08-14T07:19:26.144Z","IN","m360/DF/0000/gateway/status","{""timestamp"":35521,""isConnected"":true,""connectionTime"":35513,""reconnectCount"":0,""lastErrorCode"":0,""uptime"":35521,""source"":""gateway"",""type"":""mqtt_metrics""}"
"2026-08-14T07:19:44.687Z","IN","m360/DF/0000/out/1/1/1/0/37","343"
"2026-08-14T07:19:44.687Z","IN","m360/DF/0000/out/1/1/1/0/37","343"
"2026-08-14T07:19:44.778Z","IN","m360/DF/0000/out/1/2/1/0/37","332"
"2026-08-14T07:19:44.779Z","IN","m360/DF/0000/out/1/2/1/0/37","332"
"2026-08-14T07:19:45.061Z","IN","m360/DF/0000/out/1/3/1/0/37","134"
"2026-08-14T07:19:45.061Z","IN","m360/DF/0000/out/1/3/1/0/37","134"
"2026-08-14T07:19:45.063Z","IN","m360/DF/0000/out/1/4/1/0/37","407"
"2026-08-14T07:19:45.063Z","IN","m360/DF/0000/out/1/4/1/0/37","407"
"2026-08-14T07:19:45.063Z","IN","m360/DF/0000/out/1/5/1/0/37","320"
"2026-08-14T07:19:45.063Z","IN","m360/DF/0000/out/1/5/1/0/37","320"
"2026-08-14T07:19:45.063Z","IN","m360/DF/0000/out/1/6/1/0/37","250"
"2026-08-14T07:19:45.063Z","IN","m360/DF/0000/out/1/6/1/0/37","250"
"2026-08-14T07:20:23.387Z","IN","m360/DF/0000/out/2/1/1/0/37","118"
"2026-08-14T07:20:23.388Z","IN","m360/DF/0000/out/2/1/1/0/37","118"
"2026-08-14T07:20:23.519Z","IN","m360/DF/0000/out/2/3/1/0/37","1019"
"2026-08-14T07:20:23.520Z","IN","m360/DF/0000/out/2/3/1/0/37","1019"
"2026-08-14T07:20:23.528Z","IN","m360/DF/0000/out/2/5/1/0/37","621"
"2026-08-14T07:20:23.529Z","IN","m360/DF/0000/out/2/5/1/0/37","621"
"2026-08-14T07:20:23.884Z","IN","m360/DF/0000/out/2/6/1/0/37","393"
"2026-08-14T07:20:23.884Z","IN","m360/DF/0000/out/2/6/1/0/37","393"
"2026-08-14T07:20:26.131Z","IN","m360/DF/0000/out","{""nodeId"":0,""sensorId"":255,""command"":3,""ack"":0,""type"":22,""payload"":"""",""timestamp"":35581,""description"":""heartbeat"",""event"":""heartbeat"",""uptime"":35581,""rssi"":-65,""wifiRssi"":-65,""batteryLevel"":100,""ip"":""192.168.1.2"",""version"":""2.0"",""source"":""gateway""}"
"2026-08-14T07:20:26.131Z","IN","m360/DF/0000/out","{""nodeId"":0,""sensorId"":255,""command"":3,""ack"":0,""type"":22,""payload"":"""",""timestamp"":35581,""description"":""heartbeat"",""event"":""heartbeat"",""uptime"":35581,""rssi"":-65,""wifiRssi"":-65,""batteryLevel"":100,""ip"":""192.168.1.2"",""version"":""2.0"",""source"":""gateway""}"
"2026-08-14T07:20:26.149Z","IN","m360/DF/0000/gateway/status","{""timestamp"":35581,""isConnected"":true,""connectionTime"":35573,""reconnectCount"":0,""lastErrorCode"":0,""uptime"":35581,""source"":""gateway"",""type"":""mqtt_metrics""}"
"2026-08-14T07:20:44.766Z","IN","m360/DF/0000/out/1/1/1/0/37","342"
"2026-08-14T07:20:44.767Z","IN","m360/DF/0000/out/1/1/1/0/37","342"
"2026-08-14T07:20:44.858Z","IN","m360/DF/0000/out/1/2/1/0/37","335"
"2026-08-14T07:20:44.859Z","IN","m360/DF/0000/out/1/2/1/0/37","335"
"2026-08-14T07:20:45.145Z","IN","m360/DF/0000/out/1/3/1/0/37","114"
"2026-08-14T07:20:45.146Z","IN","m360/DF/0000/out/1/3/1/0/37","114"
"2026-08-14T07:20:45.146Z","IN","m360/DF/0000/out/1/4/1/0/37","417"
"2026-08-14T07:20:45.146Z","IN","m360/DF/0000/out/1/4/1/0/37","417"
"2026-08-14T07:20:45.146Z","IN","m360/DF/0000/out/1/5/1/0/37","326"
"2026-08-14T07:20:45.146Z","IN","m360/DF/0000/out/1/5/1/0/37","326"
"2026-08-14T07:20:45.146Z","IN","m360/DF/0000/out/1/6/1/0/37","273"
"2026-08-14T07:20:45.146Z","IN","m360/DF/0000/out/1/6/1/0/37","273"
"2026-08-14T07:21:23.372Z","IN","m360/DF/0000/out/2/1/1/0/37","121"
"2026-08-14T07:21:23.375Z","IN","m360/DF/0000/out/2/1/1/0/37","121"
"2026-08-14T07:21:23.622Z","IN","m360/DF/0000/out/2/4/1/0/37","1002"
"2026-08-14T07:21:23.622Z","IN","m360/DF/0000/out/2/4/1/0/37","1002"
"2026-08-14T07:21:23.622Z","IN","m360/DF/0000/out/2/5/1/0/37","622"
"2026-08-14T07:21:23.623Z","IN","m360/DF/0000/out/2/5/1/0/37","622"
"2026-08-14T07:21:23.633Z","IN","m360/DF/0000/out/2/6/1/0/37","385"
"2026-08-14T07:21:23.634Z","IN","m360/DF/0000/out/2/6/1/0/37","385"
"2026-08-14T07:21:26.138Z","IN","m360/DF/0000/out","{""nodeId"":0,""sensorId"":255,""command"":3,""ack"":0,""type"":22,""payload"":"""",""timestamp"":35641,""description"":""heartbeat"",""event"":""heartbeat"",""uptime"":35641,""rssi"":-63,""wifiRssi"":-63,""batteryLevel"":100,""ip"":""192.168.1.2"",""version"":""2.0"",""source"":""gateway""}"
"2026-08-14T07:21:26.138Z","IN","m360/DF/0000/out","{""nodeId"":0,""sensorId"":255,""command"":3,""ack"":0,""type"":22,""payload"":"""",""timestamp"":35641,""description"":""heartbeat"",""event"":""heartbeat"",""uptime"":35641,""rssi"":-63,""wifiRssi"":-63,""batteryLevel"":100,""ip"":""192.168.1.2"",""version"":""2.0"",""source"":""gateway""}"
"2026-08-14T07:21:26.155Z","IN","m360/DF/0000/gateway/status","{""timestamp"":35641,""isConnected"":true,""connectionTime"":35633,""reconnectCount"":0,""lastErrorCode"":0,""uptime"":35641,""source"":""gateway"",""type"":""mqtt_metrics""}"
"2026-08-14T07:21:44.854Z","IN","m360/DF/0000/out/1/2/1/0/37","249"
"2026-08-14T07:21:44.855Z","IN","m360/DF/0000/out/1/2/1/0/37","249"
"2026-08-14T07:21:45.126Z","IN","m360/DF/0000/out/1/3/1/0/37","104"
"2026-08-14T07:21:45.126Z","IN","m360/DF/0000/out/1/3/1/0/37","104"
"2026-08-14T07:21:45.126Z","IN","m360/DF/0000/out/1/4/1/0/37","404"
"2026-08-14T07:21:45.127Z","IN","m360/DF/0000/out/1/4/1/0/37","404"
"2026-08-14T07:21:45.127Z","IN","m360/DF/0000/out/1/5/1/0/37","317"
"2026-08-14T07:21:45.127Z","IN","m360/DF/0000/out/1/5/1/0/37","317"
"2026-08-14T07:21:45.127Z","IN","m360/DF/0000/out/1/6/1/0/37","254"
"2026-08-14T07:21:45.127Z","IN","m360/DF/0000/out/1/6/1/0/37","254"
"2026-08-14T07:22:23.357Z","IN","m360/DF/0000/out/2/1/1/0/37","113"
"2026-08-14T07:22:23.357Z","IN","m360/DF/0000/out/2/1/1/0/37","113"
"2026-08-14T07:22:23.548Z","IN","m360/DF/0000/out/2/2/1/0/37","427"
"2026-08-14T07:22:23.548Z","IN","m360/DF/0000/out/2/2/1/0/37","427"
"2026-08-14T07:22:23.548Z","IN","m360/DF/0000/out/2/3/1/0/37","1013"
"2026-08-14T07:22:23.552Z","IN","m360/DF/0000/out/2/3/1/0/37","1013"
"2026-08-14T07:22:23.552Z","IN","m360/DF/0000/out/2/4/1/0/37","1020"
"2026-08-14T07:22:23.552Z","IN","m360/DF/0000/out/2/4/1/0/37","1020"
"2026-08-14T07:22:23.552Z","IN","m360/DF/0000/out/2/5/1/0/37","667"
"2026-08-14T07:22:23.552Z","IN","m360/DF/0000/out/2/5/1/0/37","667"
"2026-08-14T07:22:23.845Z","IN","m360/DF/0000/out/2/6/1/0/37","392"
"2026-08-14T07:22:23.846Z","IN","m360/DF/0000/out/2/6/1/0/37","392"
"2026-08-14T07:22:26.140Z","IN","m360/DF/0000/out","{""nodeId"":0,""sensorId"":255,""command"":3,""ack"":0,""type"":22,""payload"":"""",""timestamp"":35701,""description"":""heartbeat"",""event"":""heartbeat"",""uptime"":35701,""rssi"":-63,""wifiRssi"":-63,""batteryLevel"":100,""ip"":""192.168.1.2"",""version"":""2.0"",""source"":""gateway""}"
"2026-08-14T07:22:26.141Z","IN","m360/DF/0000/out","{""nodeId"":0,""sensorId"":255,""command"":3,""ack"":0,""type"":22,""payload"":"""",""timestamp"":35701,""description"":""heartbeat"",""event"":""heartbeat"",""uptime"":35701,""rssi"":-63,""wifiRssi"":-63,""batteryLevel"":100,""ip"":""192.168.1.2"",""version"":""2.0"",""source"":""gateway""}"
"2026-08-14T07:22:26.157Z","IN","m360/DF/0000/gateway/status","{""timestamp"":35701,""isConnected"":true,""connectionTime"":35693,""reconnectCount"":0,""lastErrorCode"":0,""uptime"":35701,""source"":""gateway"",""type"":""mqtt_metrics""}"
"2026-08-14T07:22:44.946Z","IN","m360/DF/0000/out/1/2/1/0/37","244"
"2026-08-14T07:22:44.946Z","IN","m360/DF/0000/out/1/2/1/0/37","244"
"2026-08-14T07:22:45.043Z","IN","m360/DF/0000/out/1/3/1/0/37","109"
"2026-08-14T07:22:45.043Z","IN","m360/DF/0000/out/1/3/1/0/37","109"
"2026-08-14T07:22:45.342Z","IN","m360/DF/0000/out/1/4/1/0/37","412"
"2026-08-14T07:22:45.342Z","IN","m360/DF/0000/out/1/4/1/0/37","412"
"2026-08-14T07:22:45.343Z","IN","m360/DF/0000/out/1/6/1/0/37","238"
"2026-08-14T07:22:45.343Z","IN","m360/DF/0000/out/1/6/1/0/37","238"
"2026-08-14T07:23:23.372Z","IN","m360/DF/0000/out/2/1/1/0/37","116"
"2026-08-14T07:23:23.372Z","IN","m360/DF/0000/out/2/1/1/0/37","116"
"2026-08-14T07:23:23.645Z","IN","m360/DF/0000/out/2/2/1/0/37","430"
"2026-08-14T07:23:23.645Z","IN","m360/DF/0000/out/2/2/1/0/37","430"
"2026-08-14T07:23:23.645Z","IN","m360/DF/0000/out/2/3/1/0/37","1018"
"2026-08-14T07:23:23.645Z","IN","m360/DF/0000/out/2/3/1/0/37","1018"
"2026-08-14T07:23:23.645Z","IN","m360/DF/0000/out/2/4/1/0/37","1019"
"2026-08-14T07:23:23.645Z","IN","m360/DF/0000/out/2/4/1/0/37","1019"
"2026-08-14T07:23:23.645Z","IN","m360/DF/0000/out/2/5/1/0/37","607"
"2026-08-14T07:23:23.645Z","IN","m360/DF/0000/out/2/5/1/0/37","607"
"2026-08-14T07:23:23.646Z","IN","m360/DF/0000/out/2/6/1/0/37","407"
"2026-08-14T07:23:23.646Z","IN","m360/DF/0000/out/2/6/1/0/37","407"
"2026-08-14T07:23:26.149Z","IN","m360/DF/0000/out/events","{""event"":""node_lost"",""nodeId"":99,""timestamp"":35761,""rssi"":-65,""details"":""Inactivity detected: timeout 300 s""}"
"2026-08-14T07:23:26.150Z","IN","m360/DF/0000/out/events","{""event"":""node_lost"",""nodeId"":99,""timestamp"":35761,""rssi"":-65,""details"":""Inactivity detected: timeout 300 s""}"
"2026-08-14T07:23:26.167Z","IN","m360/DF/0000/out","{""nodeId"":0,""sensorId"":255,""command"":3,""ack"":0,""type"":22,""payload"":"""",""timestamp"":35761,""description"":""heartbeat"",""event"":""heartbeat"",""uptime"":35761,""rssi"":-65,""wifiRssi"":-65,""batteryLevel"":100,""ip"":""192.168.1.2"",""version"":""2.0"",""source"":""gateway""}"
"2026-08-14T07:23:26.168Z","IN","m360/DF/0000/out","{""nodeId"":0,""sensorId"":255,""command"":3,""ack"":0,""type"":22,""payload"":"""",""timestamp"":35761,""description"":""heartbeat"",""event"":""heartbeat"",""uptime"":35761,""rssi"":-65,""wifiRssi"":-65,""batteryLevel"":100,""ip"":""192.168.1.2"",""version"":""2.0"",""source"":""gateway""}"
"2026-08-14T07:23:26.168Z","IN","m360/DF/0000/gateway/status","{""timestamp"":35761,""isConnected"":true,""connectionTime"":35753,""reconnectCount"":0,""lastErrorCode"":0,""uptime"":35761,""source"":""gateway"",""type"":""mqtt_metrics""}"
"2026-08-14T07:23:45.047Z","IN","m360/DF/0000/out/1/1/1/0/37","346"
"2026-08-14T07:23:45.047Z","IN","m360/DF/0000/out/1/1/1/0/37","346"
"2026-08-14T07:23:45.224Z","IN","m360/DF/0000/out/1/2/1/0/37","330"
"2026-08-14T07:23:45.225Z","IN","m360/DF/0000/out/1/2/1/0/37","330"
"2026-08-14T07:23:45.228Z","IN","m360/DF/0000/out/1/3/1/0/37","129"
"2026-08-14T07:23:45.228Z","IN","m360/DF/0000/out/1/3/1/0/37","129"
"2026-08-14T07:23:45.639Z","IN","m360/DF/0000/out/1/4/1/0/37","402"
"2026-08-14T07:23:45.639Z","IN","m360/DF/0000/out/1/4/1/0/37","402"
"2026-08-14T07:23:45.642Z","IN","m360/DF/0000/out/1/5/1/0/37","332"
"2026-08-14T07:23:45.642Z","IN","m360/DF/0000/out/1/5/1/0/37","332"
"2026-08-14T07:23:45.642Z","IN","m360/DF/0000/out/1/6/1/0/37","266"
"2026-08-14T07:23:45.642Z","IN","m360/DF/0000/out/1/6/1/0/37","266"
"2026-08-14T07:24:23.392Z","IN","m360/DF/0000/out/2/1/1/0/37","120"
"2026-08-14T07:24:23.397Z","IN","m360/DF/0000/out/2/1/1/0/37","120"
"2026-08-14T07:24:23.528Z","IN","m360/DF/0000/out/2/2/1/0/37","433"
"2026-08-14T07:24:23.528Z","IN","m360/DF/0000/out/2/2/1/0/37","433"
"2026-08-14T07:24:23.532Z","IN","m360/DF/0000/out/2/3/1/0/37","1020"
"2026-08-14T07:24:23.532Z","IN","m360/DF/0000/out/2/3/1/0/37","1020"
"2026-08-14T07:24:23.833Z","IN","m360/DF/0000/out/2/5/1/0/37","653"
"2026-08-14T07:24:23.833Z","IN","m360/DF/0000/out/2/5/1/0/37","653"
"2026-08-14T07:24:23.875Z","IN","m360/DF/0000/out/2/6/1/0/37","392"
"2026-08-14T07:24:23.875Z","IN","m360/DF/0000/out/2/6/1/0/37","392"
"2026-08-14T07:24:26.149Z","IN","m360/DF/0000/out","{""nodeId"":0,""sensorId"":255,""command"":3,""ack"":0,""type"":22,""payload"":"""",""timestamp"":35821,""description"":""heartbeat"",""event"":""heartbeat"",""uptime"":35821,""rssi"":-63,""wifiRssi"":-63,""batteryLevel"":100,""ip"":""192.168.1.2"",""version"":""2.0"",""source"":""gateway""}"
"2026-08-14T07:24:26.150Z","IN","m360/DF/0000/out","{""nodeId"":0,""sensorId"":255,""command"":3,""ack"":0,""type"":22,""payload"":"""",""timestamp"":35821,""description"":""heartbeat"",""event"":""heartbeat"",""uptime"":35821,""rssi"":-63,""wifiRssi"":-63,""batteryLevel"":100,""ip"":""192.168.1.2"",""version"":""2.0"",""source"":""gateway""}"
"2026-08-14T07:24:26.169Z","IN","m360/DF/0000/gateway/status","{""timestamp"":35821,""isConnected"":true,""connectionTime"":35813,""reconnectCount"":0,""lastErrorCode"":0,""uptime"":35821,""source"":""gateway"",""type"":""mqtt_metrics""}"
"2026-08-14T07:24:45.111Z","IN","m360/DF/0000/out/1/1/1/0/37","343"
"2026-08-14T07:24:45.112Z","IN","m360/DF/0000/out/1/1/1/0/37","343"
"2026-08-14T07:24:45.237Z","IN","m360/DF/0000/out/1/2/1/0/37","331"
"2026-08-14T07:24:45.237Z","IN","m360/DF/0000/out/1/2/1/0/37","331"
"2026-08-14T07:24:45.240Z","IN","m360/DF/0000/out/1/3/1/0/37","133"
"2026-08-14T07:24:45.241Z","IN","m360/DF/0000/out/1/3/1/0/37","133"
"2026-08-14T07:24:45.572Z","IN","m360/DF/0000/out/1/4/1/0/37","418"
"2026-08-14T07:24:45.572Z","IN","m360/DF/0000/out/1/4/1/0/37","418"
"2026-08-14T07:24:45.664Z","IN","m360/DF/0000/out/1/5/1/0/37","329"
"2026-08-14T07:24:45.664Z","IN","m360/DF/0000/out/1/5/1/0/37","329"
"2026-08-14T07:24:45.664Z","IN","m360/DF/0000/out/1/6/1/0/37","267"
"2026-08-14T07:24:45.664Z","IN","m360/DF/0000/out/1/6/1/0/37","267"
"2026-08-14T07:25:05.669Z","IN","m360/DF/0000/out/events","{""event"":""node_reconnected"",""nodeId"":99,""timestamp"":35860,""rssi"":-64,""details"":""Node back online or discovered""}"
"2026-08-14T07:25:05.669Z","IN","m360/DF/0000/out/events","{""event"":""node_reconnected"",""nodeId"":99,""timestamp"":35860,""rssi"":-64,""details"":""Node back online or discovered""}"
"2026-08-14T07:25:05.737Z","IN","m360/DF/0000/out/99/21/1/0/24","0"
"2026-08-14T07:25:05.737Z","IN","m360/DF/0000/out/99/21/1/0/24","0"
"2026-08-14T07:25:23.411Z","IN","m360/DF/0000/out/2/1/1/0/37","117"
"2026-08-14T07:25:23.412Z","IN","m360/DF/0000/out/2/1/1/0/37","117"
"2026-08-14T07:25:23.531Z","IN","m360/DF/0000/out/2/2/1/0/37","432"
"2026-08-14T07:25:23.531Z","IN","m360/DF/0000/out/2/2/1/0/37","432"
"2026-08-14T07:25:23.538Z","IN","m360/DF/0000/out/2/3/1/0/37","1023"
"2026-08-14T07:25:23.538Z","IN","m360/DF/0000/out/2/3/1/0/37","1023"
"2026-08-14T07:25:23.939Z","IN","m360/DF/0000/out/2/4/1/0/37","1020"
"2026-08-14T07:25:23.939Z","IN","m360/DF/0000/out/2/4/1/0/37","1020"
"2026-08-14T07:25:23.939Z","IN","m360/DF/0000/out/2/5/1/0/37","656"
"2026-08-14T07:25:23.939Z","IN","m360/DF/0000/out/2/5/1/0/37","656"
"2026-08-14T07:25:23.939Z","IN","m360/DF/0000/out/2/6/1/0/37","400"
"2026-08-14T07:25:23.939Z","IN","m360/DF/0000/out/2/6/1/0/37","400"
"2026-08-14T07:25:26.158Z","IN","m360/DF/0000/out","{""nodeId"":0,""sensorId"":255,""command"":3,""ack"":0,""type"":22,""payload"":"""",""timestamp"":35881,""description"":""heartbeat"",""event"":""heartbeat"",""uptime"":35881,""rssi"":-64,""wifiRssi"":-64,""batteryLevel"":100,""ip"":""192.168.1.2"",""version"":""2.0"",""source"":""gateway""}"
"2026-08-14T07:25:26.160Z","IN","m360/DF/0000/out","{""nodeId"":0,""sensorId"":255,""command"":3,""ack"":0,""type"":22,""payload"":"""",""timestamp"":35881,""description"":""heartbeat"",""event"":""heartbeat"",""uptime"":35881,""rssi"":-64,""wifiRssi"":-64,""batteryLevel"":100,""ip"":""192.168.1.2"",""version"":""2.0"",""source"":""gateway""}"
"2026-08-14T07:25:26.173Z","IN","m360/DF/0000/gateway/status","{""timestamp"":35881,""isConnected"":true,""connectionTime"":35873,""reconnectCount"":0,""lastErrorCode"":0,""uptime"":35881,""source"":""gateway"",""type"":""mqtt_metrics""}"
"2026-08-14T07:25:45.194Z","IN","m360/DF/0000/out/1/1/1/0/37","346"
"2026-08-14T07:25:45.195Z","IN","m360/DF/0000/out/1/1/1/0/37","346"
"2026-08-14T07:25:45.336Z","IN","m360/DF/0000/out/1/2/1/0/37","327"
"2026-08-14T07:25:45.337Z","IN","m360/DF/0000/out/1/2/1/0/37","327"
"2026-08-14T07:25:45.340Z","IN","m360/DF/0000/out/1/3/1/0/37","129"
"2026-08-14T07:25:45.342Z","IN","m360/DF/0000/out/1/3/1/0/37","129"
"2026-08-14T07:25:45.343Z","IN","m360/DF/0000/out/1/4/1/0/37","419"
"2026-08-14T07:25:45.343Z","IN","m360/DF/0000/out/1/4/1/0/37","419"
"2026-08-14T07:25:45.681Z","IN","m360/DF/0000/out/1/5/1/0/37","322"
"2026-08-14T07:25:45.681Z","IN","m360/DF/0000/out/1/5/1/0/37","322"
"2026-08-14T07:25:45.681Z","IN","m360/DF/0000/out/1/6/1/0/37","261"
"2026-08-14T07:25:45.681Z","IN","m360/DF/0000/out/1/6/1/0/37","261"
"2026-08-14T07:26:23.427Z","IN","m360/DF/0000/out/2/1/1/0/37","124"
"2026-08-14T07:26:23.427Z","IN","m360/DF/0000/out/2/1/1/0/37","124"
"2026-08-14T07:26:23.523Z","IN","m360/DF/0000/out/2/2/1/0/37","430"
"2026-08-14T07:26:23.523Z","IN","m360/DF/0000/out/2/2/1/0/37","430"
"2026-08-14T07:26:23.760Z","IN","m360/DF/0000/out/2/3/1/0/37","1020"
"2026-08-14T07:26:23.760Z","IN","m360/DF/0000/out/2/3/1/0/37","1020"
"2026-08-14T07:26:23.760Z","IN","m360/DF/0000/out/2/5/1/0/37","630"
"2026-08-14T07:26:23.761Z","IN","m360/DF/0000/out/2/5/1/0/37","630"
"2026-08-14T07:26:23.761Z","IN","m360/DF/0000/out/2/6/1/0/37","403"
"2026-08-14T07:26:23.761Z","IN","m360/DF/0000/out/2/6/1/0/37","403"
"2026-08-14T07:26:26.161Z","IN","m360/DF/0000/out","{""nodeId"":0,""sensorId"":255,""command"":3,""ack"":0,""type"":22,""payload"":"""",""timestamp"":35941,""description"":""heartbeat"",""event"":""heartbeat"",""uptime"":35941,""rssi"":-63,""wifiRssi"":-63,""batteryLevel"":100,""ip"":""192.168.1.2"",""version"":""2.0"",""source"":""gateway""}"
"2026-08-14T07:26:26.161Z","IN","m360/DF/0000/out","{""nodeId"":0,""sensorId"":255,""command"":3,""ack"":0,""type"":22,""payload"":"""",""timestamp"":35941,""description"":""heartbeat"",""event"":""heartbeat"",""uptime"":35941,""rssi"":-63,""wifiRssi"":-63,""batteryLevel"":100,""ip"":""192.168.1.2"",""version"":""2.0"",""source"":""gateway""}"
"2026-08-14T07:26:26.176Z","IN","m360/DF/0000/gateway/status","{""timestamp"":35941,""isConnected"":true,""connectionTime"":35933,""reconnectCount"":0,""lastErrorCode"":0,""uptime"":35941,""source"":""gateway"",""type"":""mqtt_metrics""}"
"2026-08-14T07:26:45.248Z","IN","m360/DF/0000/out/1/1/1/0/37","349"
"2026-08-14T07:26:45.249Z","IN","m360/DF/0000/out/1/1/1/0/37","349"
"2026-08-14T07:26:45.358Z","IN","m360/DF/0000/out/1/2/1/0/37","331"
"2026-08-14T07:26:45.359Z","IN","m360/DF/0000/out/1/2/1/0/37","331"
"2026-08-14T07:26:45.635Z","IN","m360/DF/0000/out/1/4/1/0/37","413"
"2026-08-14T07:26:45.635Z","IN","m360/DF/0000/out/1/4/1/0/37","413"
"2026-08-14T07:26:45.638Z","IN","m360/DF/0000/out/1/5/1/0/37","317"
"2026-08-14T07:26:45.638Z","IN","m360/DF/0000/out/1/5/1/0/37","317"
"2026-08-14T07:26:45.638Z","IN","m360/DF/0000/out/1/6/1/0/37","254"
"2026-08-14T07:26:45.638Z","IN","m360/DF/0000/out/1/6/1/0/37","254"
"2026-08-14T07:27:23.411Z","IN","m360/DF/0000/out/2/1/1/0/37","117"
"2026-08-14T07:27:23.411Z","IN","m360/DF/0000/out/2/1/1/0/37","117"
"2026-08-14T07:27:23.524Z","IN","m360/DF/0000/out/2/3/1/0/37","1019"
"2026-08-14T07:27:23.524Z","IN","m360/DF/0000/out/2/3/1/0/37","1019"
"2026-08-14T07:27:23.524Z","IN","m360/DF/0000/out/2/5/1/0/37","623"
"2026-08-14T07:27:23.524Z","IN","m360/DF/0000/out/2/5/1/0/37","623"
"2026-08-14T07:27:23.874Z","IN","m360/DF/0000/out/2/6/1/0/37","389"
"2026-08-14T07:27:23.874Z","IN","m360/DF/0000/out/2/6/1/0/37","389"
"2026-08-14T07:27:26.163Z","IN","m360/DF/0000/out","{""nodeId"":0,""sensorId"":255,""command"":3,""ack"":0,""type"":22,""payload"":"""",""timestamp"":36001,""description"":""heartbeat"",""event"":""heartbeat"",""uptime"":36001,""rssi"":-64,""wifiRssi"":-64,""batteryLevel"":100,""ip"":""192.168.1.2"",""version"":""2.0"",""source"":""gateway""}"
"2026-08-14T07:27:26.163Z","IN","m360/DF/0000/out","{""nodeId"":0,""sensorId"":255,""command"":3,""ack"":0,""type"":22,""payload"":"""",""timestamp"":36001,""description"":""heartbeat"",""event"":""heartbeat"",""uptime"":36001,""rssi"":-64,""wifiRssi"":-64,""batteryLevel"":100,""ip"":""192.168.1.2"",""version"":""2.0"",""source"":""gateway""}"
"2026-08-14T07:27:26.181Z","IN","m360/DF/0000/gateway/status","{""timestamp"":36001,""isConnected"":true,""connectionTime"":35993,""reconnectCount"":0,""lastErrorCode"":0,""uptime"":36001,""source"":""gateway"",""type"":""mqtt_metrics""}"
"2026-08-14T07:27:45.302Z","IN","m360/DF/0000/out/1/1/1/0/37","348"
"2026-08-14T07:27:45.303Z","IN","m360/DF/0000/out/1/1/1/0/37","348"
"2026-08-14T07:27:45.438Z","IN","m360/DF/0000/out/1/2/1/0/37","332"
"2026-08-14T07:27:45.439Z","IN","m360/DF/0000/out/1/2/1/0/37","332"
"2026-08-14T07:27:45.441Z","IN","m360/DF/0000/out/1/3/1/0/37","118"
"2026-08-14T07:27:45.442Z","IN","m360/DF/0000/out/1/3/1/0/37","118"
"2026-08-14T07:27:45.442Z","IN","m360/DF/0000/out/1/5/1/0/37","310"
"2026-08-14T07:27:45.442Z","IN","m360/DF/0000/out/1/5/1/0/37","310"
"2026-08-14T07:27:45.789Z","IN","m360/DF/0000/out/1/6/1/0/37","249"
"2026-08-14T07:27:45.789Z","IN","m360/DF/0000/out/1/6/1/0/37","249"
"2026-08-14T07:28:23.415Z","IN","m360/DF/0000/out/2/1/1/0/37","115"
"2026-08-14T07:28:23.416Z","IN","m360/DF/0000/out/2/1/1/0/37","115"
"2026-08-14T07:28:23.493Z","IN","m360/DF/0000/out/2/2/1/0/37","432"
"2026-08-14T07:28:23.493Z","IN","m360/DF/0000/out/2/2/1/0/37","432"
"2026-08-14T07:28:23.747Z","IN","m360/DF/0000/out/2/3/1/0/37","1023"
"2026-08-14T07:28:23.747Z","IN","m360/DF/0000/out/2/3/1/0/37","1023"
"2026-08-14T07:28:23.747Z","IN","m360/DF/0000/out/2/5/1/0/37","624"
"2026-08-14T07:28:23.747Z","IN","m360/DF/0000/out/2/5/1/0/37","624"
"2026-08-14T07:28:23.749Z","IN","m360/DF/0000/out/2/6/1/0/37","395"
"2026-08-14T07:28:23.750Z","IN","m360/DF/0000/out/2/6/1/0/37","395"
"2026-08-14T07:28:26.170Z","IN","m360/DF/0000/out","{""nodeId"":0,""sensorId"":255,""command"":3,""ack"":0,""type"":22,""payload"":"""",""timestamp"":36061,""description"":""heartbeat"",""event"":""heartbeat"",""uptime"":36061,""rssi"":-64,""wifiRssi"":-64,""batteryLevel"":100,""ip"":""192.168.1.2"",""version"":""2.0"",""source"":""gateway""}"
"2026-08-14T07:28:26.171Z","IN","m360/DF/0000/out","{""nodeId"":0,""sensorId"":255,""command"":3,""ack"":0,""type"":22,""payload"":"""",""timestamp"":36061,""description"":""heartbeat"",""event"":""heartbeat"",""uptime"":36061,""rssi"":-64,""wifiRssi"":-64,""batteryLevel"":100,""ip"":""192.168.1.2"",""version"":""2.0"",""source"":""gateway""}"
"2026-08-14T07:28:26.188Z","IN","m360/DF/0000/gateway/status","{""timestamp"":36061,""isConnected"":true,""connectionTime"":36053,""reconnectCount"":0,""lastErrorCode"":0,""uptime"":36061,""source"":""gateway"",""type"":""mqtt_metrics""}"
"2026-08-14T07:28:45.362Z","IN","m360/DF/0000/out/1/1/1/0/37","345"
"2026-08-14T07:28:45.362Z","IN","m360/DF/0000/out/1/1/1/0/37","345"
"2026-08-14T07:28:45.652Z","IN","m360/DF/0000/out/1/2/1/0/37","331"
"2026-08-14T07:28:45.652Z","IN","m360/DF/0000/out/1/2/1/0/37","331"
"2026-08-14T07:28:45.652Z","IN","m360/DF/0000/out/1/3/1/0/37","120"
"2026-08-14T07:28:45.652Z","IN","m360/DF/0000/out/1/3/1/0/37","120"
"2026-08-14T07:28:45.652Z","IN","m360/DF/0000/out/1/4/1/0/37","403"
"2026-08-14T07:28:45.652Z","IN","m360/DF/0000/out/1/4/1/0/37","403"
"2026-08-14T07:28:45.652Z","IN","m360/DF/0000/out/1/5/1/0/37","314"
"2026-08-14T07:28:45.652Z","IN","m360/DF/0000/out/1/5/1/0/37","314"
"2026-08-14T07:28:45.652Z","IN","m360/DF/0000/out/1/6/1/0/37","252"
"2026-08-14T07:28:45.652Z","IN","m360/DF/0000/out/1/6/1/0/37","252"
"2026-08-14T07:29:05.383Z","IN","m360/DF/0000/out/99/11/1/0/0","14"
"2026-08-14T07:29:05.383Z","IN","m360/DF/0000/out/99/11/1/0/0","14"
"2026-08-14T07:29:05.447Z","IN","m360/DF/0000/out/99/12/1/0/1","21"
"2026-08-14T07:29:05.447Z","IN","m360/DF/0000/out/99/12/1/0/1","21"
"2026-08-14T07:29:23.436Z","IN","m360/DF/0000/out/2/1/1/0/37","107"
"2026-08-14T07:29:23.437Z","IN","m360/DF/0000/out/2/1/1/0/37","107"
"2026-08-14T07:29:23.519Z","IN","m360/DF/0000/out/2/2/1/0/37","431"
"2026-08-14T07:29:23.520Z","IN","m360/DF/0000/out/2/2/1/0/37","431"
"2026-08-14T07:29:23.761Z","IN","m360/DF/0000/out/2/3/1/0/37","1020"
"2026-08-14T07:29:23.761Z","IN","m360/DF/0000/out/2/3/1/0/37","1020"
"2026-08-14T07:29:23.761Z","IN","m360/DF/0000/out/2/4/1/0/37","1018"
"2026-08-14T07:29:23.761Z","IN","m360/DF/0000/out/2/4/1/0/37","1018"
"2026-08-14T07:29:23.761Z","IN","m360/DF/0000/out/2/5/1/0/37","635"
"2026-08-14T07:29:23.761Z","IN","m360/DF/0000/out/2/5/1/0/37","635"
"2026-08-14T07:29:23.761Z","IN","m360/DF/0000/out/2/6/1/0/37","485"
"2026-08-14T07:29:23.761Z","IN","m360/DF/0000/out/2/6/1/0/37","485"
"2026-08-14T07:29:26.173Z","IN","m360/DF/0000/out","{""nodeId"":0,""sensorId"":255,""command"":3,""ack"":0,""type"":22,""payload"":"""",""timestamp"":36121,""description"":""heartbeat"",""event"":""heartbeat"",""uptime"":36121,""rssi"":-64,""wifiRssi"":-64,""batteryLevel"":100,""ip"":""192.168.1.2"",""version"":""2.0"",""source"":""gateway""}"
"2026-08-14T07:29:26.173Z","IN","m360/DF/0000/out","{""nodeId"":0,""sensorId"":255,""command"":3,""ack"":0,""type"":22,""payload"":"""",""timestamp"":36121,""description"":""heartbeat"",""event"":""heartbeat"",""uptime"":36121,""rssi"":-64,""wifiRssi"":-64,""batteryLevel"":100,""ip"":""192.168.1.2"",""version"":""2.0"",""source"":""gateway""}"
"2026-08-14T07:29:26.190Z","IN","m360/DF/0000/gateway/status","{""timestamp"":36121,""isConnected"":true,""connectionTime"":36113,""reconnectCount"":0,""lastErrorCode"":0,""uptime"":36121,""source"":""gateway"",""type"":""mqtt_metrics""}"
"2026-08-14T07:29:45.406Z","IN","m360/DF/0000/out/1/1/1/0/37","344"
"2026-08-14T07:29:45.406Z","IN","m360/DF/0000/out/1/1/1/0/37","344"
"2026-08-14T07:29:45.532Z","IN","m360/DF/0000/out/1/2/1/0/37","334"
"2026-08-14T07:29:45.533Z","IN","m360/DF/0000/out/1/2/1/0/37","334"
"2026-08-14T07:29:45.534Z","IN","m360/DF/0000/out/1/3/1/0/37","119"
"2026-08-14T07:29:45.534Z","IN","m360/DF/0000/out/1/3/1/0/37","119"
"2026-08-14T07:29:45.534Z","IN","m360/DF/0000/out/1/4/1/0/37","413"
"2026-08-14T07:29:45.535Z","IN","m360/DF/0000/out/1/4/1/0/37","413"
"2026-08-14T07:29:45.926Z","IN","m360/DF/0000/out/1/5/1/0/37","321"
"2026-08-14T07:29:45.927Z","IN","m360/DF/0000/out/1/5/1/0/37","321"
"2026-08-14T07:29:45.969Z","IN","m360/DF/0000/out/1/6/1/0/37","258"
"2026-08-14T07:29:45.969Z","IN","m360/DF/0000/out/1/6/1/0/37","258"
"2026-08-14T07:30:23.429Z","IN","m360/DF/0000/out/2/1/1/0/37","118"
"2026-08-14T07:30:23.430Z","IN","m360/DF/0000/out/2/1/1/0/37","118"
"2026-08-14T07:30:23.513Z","IN","m360/DF/0000/out/2/4/1/0/37","1020"
"2026-08-14T07:30:23.517Z","IN","m360/DF/0000/out/2/4/1/0/37","1020"
"2026-08-14T07:30:23.833Z","IN","m360/DF/0000/out/2/5/1/0/37","621"
"2026-08-14T07:30:23.833Z","IN","m360/DF/0000/out/2/5/1/0/37","621"
"2026-08-14T07:30:23.833Z","IN","m360/DF/0000/out/2/6/1/0/37","393"
"2026-08-14T07:30:23.833Z","IN","m360/DF/0000/out/2/6/1/0/37","393"
"2026-08-14T07:30:26.176Z","IN","m360/DF/0000/out","{""nodeId"":0,""sensorId"":255,""command"":3,""ack"":0,""type"":22,""payload"":"""",""timestamp"":36181,""description"":""heartbeat"",""event"":""heartbeat"",""uptime"":36181,""rssi"":-64,""wifiRssi"":-64,""batteryLevel"":100,""ip"":""192.168.1.2"",""version"":""2.0"",""source"":""gateway""}"
"2026-08-14T07:30:26.176Z","IN","m360/DF/0000/out","{""nodeId"":0,""sensorId"":255,""command"":3,""ack"":0,""type"":22,""payload"":"""",""timestamp"":36181,""description"":""heartbeat"",""event"":""heartbeat"",""uptime"":36181,""rssi"":-64,""wifiRssi"":-64,""batteryLevel"":100,""ip"":""192.168.1.2"",""version"":""2.0"",""source"":""gateway""}"
"2026-08-14T07:30:26.194Z","IN","m360/DF/0000/gateway/status","{""timestamp"":36181,""isConnected"":true,""connectionTime"":36173,""reconnectCount"":0,""lastErrorCode"":0,""uptime"":36181,""source"":""gateway"",""type"":""mqtt_metrics""}"
"2026-08-14T07:30:45.490Z","IN","m360/DF/0000/out/1/1/1/0/37","345"
"2026-08-14T07:30:45.490Z","IN","m360/DF/0000/out/1/1/1/0/37","345"
"2026-08-14T07:30:45.644Z","IN","m360/DF/0000/out/1/2/1/0/37","333"
"2026-08-14T07:30:45.645Z","IN","m360/DF/0000/out/1/2/1/0/37","333"
"2026-08-14T07:30:45.650Z","IN","m360/DF/0000/out/1/3/1/0/37","118"
"2026-08-14T07:30:45.651Z","IN","m360/DF/0000/out/1/3/1/0/37","118"
"2026-08-14T07:30:45.651Z","IN","m360/DF/0000/out/1/4/1/0/37","426"
"2026-08-14T07:30:45.651Z","IN","m360/DF/0000/out/1/4/1/0/37","426"
"2026-08-14T07:30:45.984Z","IN","m360/DF/0000/out/1/5/1/0/37","304"
"2026-08-14T07:30:45.984Z","IN","m360/DF/0000/out/1/5/1/0/37","304"
"2026-08-14T07:30:45.984Z","IN","m360/DF/0000/out/1/6/1/0/37","263"
"2026-08-14T07:30:45.984Z","IN","m360/DF/0000/out/1/6/1/0/37","263"
"2026-08-14T07:31:23.409Z","IN","m360/DF/0000/out/2/1/1/0/37","117"
"2026-08-14T07:31:23.409Z","IN","m360/DF/0000/out/2/1/1/0/37","117"
"2026-08-14T07:31:23.531Z","IN","m360/DF/0000/out/2/2/1/0/37","434"
"2026-08-14T07:31:23.532Z","IN","m360/DF/0000/out/2/2/1/0/37","434"
"2026-08-14T07:31:23.537Z","IN","m360/DF/0000/out/2/5/1/0/37","626"
"2026-08-14T07:31:23.538Z","IN","m360/DF/0000/out/2/5/1/0/37","626"
"2026-08-14T07:31:23.934Z","IN","m360/DF/0000/out/2/6/1/0/37","399"
"2026-08-14T07:31:23.934Z","IN","m360/DF/0000/out/2/6/1/0/37","399"
"2026-08-14T07:31:26.183Z","IN","m360/DF/0000/out","{""nodeId"":0,""sensorId"":255,""command"":3,""ack"":0,""type"":22,""payload"":"""",""timestamp"":36241,""description"":""heartbeat"",""event"":""heartbeat"",""uptime"":36241,""rssi"":-63,""wifiRssi"":-63,""batteryLevel"":100,""ip"":""192.168.1.2"",""version"":""2.0"",""source"":""gateway""}"
"2026-08-14T07:31:26.183Z","IN","m360/DF/0000/out","{""nodeId"":0,""sensorId"":255,""command"":3,""ack"":0,""type"":22,""payload"":"""",""timestamp"":36241,""description"":""heartbeat"",""event"":""heartbeat"",""uptime"":36241,""rssi"":-63,""wifiRssi"":-63,""batteryLevel"":100,""ip"":""192.168.1.2"",""version"":""2.0"",""source"":""gateway""}"
"2026-08-14T07:31:26.202Z","IN","m360/DF/0000/gateway/status","{""timestamp"":36241,""isConnected"":true,""connectionTime"":36233,""reconnectCount"":0,""lastErrorCode"":0,""uptime"":36241,""source"":""gateway"",""type"":""mqtt_metrics""}"
"2026-08-14T07:31:45.572Z","IN","m360/DF/0000/out/1/1/1/0/37","358"
"2026-08-14T07:31:45.572Z","IN","m360/DF/0000/out/1/1/1/0/37","358"
"2026-08-14T07:31:45.674Z","IN","m360/DF/0000/out/1/2/1/0/37","334"
"2026-08-14T07:31:45.675Z","IN","m360/DF/0000/out/1/2/1/0/37","334"
"2026-08-14T07:31:45.675Z","IN","m360/DF/0000/out/1/3/1/0/37","115"
"2026-08-14T07:31:45.675Z","IN","m360/DF/0000/out/1/3/1/0/37","115"
"2026-08-14T07:31:45.996Z","IN","m360/DF/0000/out/1/4/1/0/37","423"
"2026-08-14T07:31:45.996Z","IN","m360/DF/0000/out/1/4/1/0/37","423"
"2026-08-14T07:31:46.061Z","IN","m360/DF/0000/out/1/5/1/0/37","331"
"2026-08-14T07:31:46.062Z","IN","m360/DF/0000/out/1/5/1/0/37","331"
"2026-08-14T07:31:46.062Z","IN","m360/DF/0000/out/1/6/1/0/37","264"
"2026-08-14T07:31:46.062Z","IN","m360/DF/0000/out/1/6/1/0/37","264"
"2026-08-14T07:32:23.421Z","IN","m360/DF/0000/out/2/1/1/0/37","123"
"2026-08-14T07:32:23.422Z","IN","m360/DF/0000/out/2/1/1/0/37","123"
"2026-08-14T07:32:23.536Z","IN","m360/DF/0000/out/2/2/1/0/37","428"
"2026-08-14T07:32:23.537Z","IN","m360/DF/0000/out/2/2/1/0/37","428"
"2026-08-14T07:32:23.540Z","IN","m360/DF/0000/out/2/4/1/0/37","1023"
"2026-08-14T07:32:23.540Z","IN","m360/DF/0000/out/2/4/1/0/37","1023"
"2026-08-14T07:32:23.879Z","IN","m360/DF/0000/out/2/5/1/0/37","622"
"2026-08-14T07:32:23.880Z","IN","m360/DF/0000/out/2/5/1/0/37","622"
"2026-08-14T07:32:23.880Z","IN","m360/DF/0000/out/2/6/1/0/37","390"
"2026-08-14T07:32:23.880Z","IN","m360/DF/0000/out/2/6/1/0/37","390"
"2026-08-14T07:32:26.187Z","IN","m360/DF/0000/out","{""nodeId"":0,""sensorId"":255,""command"":3,""ack"":0,""type"":22,""payload"":"""",""timestamp"":36301,""description"":""heartbeat"",""event"":""heartbeat"",""uptime"":36301,""rssi"":-63,""wifiRssi"":-63,""batteryLevel"":100,""ip"":""192.168.1.2"",""version"":""2.0"",""source"":""gateway""}"
"2026-08-14T07:32:26.187Z","IN","m360/DF/0000/out","{""nodeId"":0,""sensorId"":255,""command"":3,""ack"":0,""type"":22,""payload"":"""",""timestamp"":36301,""description"":""heartbeat"",""event"":""heartbeat"",""uptime"":36301,""rssi"":-63,""wifiRssi"":-63,""batteryLevel"":100,""ip"":""192.168.1.2"",""version"":""2.0"",""source"":""gateway""}"
"2026-08-14T07:32:26.204Z","IN","m360/DF/0000/gateway/status","{""timestamp"":36301,""isConnected"":true,""connectionTime"":36293,""reconnectCount"":0,""lastErrorCode"":0,""uptime"":36301,""source"":""gateway"",""type"":""mqtt_metrics""}"
"2026-08-14T07:32:45.650Z","IN","m360/DF/0000/out/1/1/1/0/37","347"
"2026-08-14T07:32:45.651Z","IN","m360/DF/0000/out/1/1/1/0/37","347"
"2026-08-14T07:32:45.744Z","IN","m360/DF/0000/out/1/3/1/0/37","106"
"2026-08-14T07:32:45.748Z","IN","m360/DF/0000/out/1/3/1/0/37","106"
"2026-08-14T07:32:46.032Z","IN","m360/DF/0000/out/1/4/1/0/37","421"
"2026-08-14T07:32:46.032Z","IN","m360/DF/0000/out/1/4/1/0/37","421"
"2026-08-14T07:32:46.032Z","IN","m360/DF/0000/out/1/5/1/0/37","327"
"2026-08-14T07:32:46.034Z","IN","m360/DF/0000/out/1/5/1/0/37","327"
"2026-08-14T07:32:46.034Z","IN","m360/DF/0000/out/1/6/1/0/37","254"
"2026-08-14T07:32:46.034Z","IN","m360/DF/0000/out/1/6/1/0/37","254"
"2026-08-14T07:33:23.420Z","IN","m360/DF/0000/out/2/1/1/0/37","122"
"2026-08-14T07:33:23.420Z","IN","m360/DF/0000/out/2/1/1/0/37","122"
"2026-08-14T07:33:23.522Z","IN","m360/DF/0000/out/2/2/1/0/37","430"
"2026-08-14T07:33:23.523Z","IN","m360/DF/0000/out/2/2/1/0/37","430"
"2026-08-14T07:33:23.778Z","IN","m360/DF/0000/out/2/3/1/0/37","1019"
"2026-08-14T07:33:23.778Z","IN","m360/DF/0000/out/2/3/1/0/37","1019"
"2026-08-14T07:33:23.778Z","IN","m360/DF/0000/out/2/4/1/0/37","1019"
"2026-08-14T07:33:23.778Z","IN","m360/DF/0000/out/2/4/1/0/37","1019"
"2026-08-14T07:33:23.778Z","IN","m360/DF/0000/out/2/5/1/0/37","606"
"2026-08-14T07:33:23.778Z","IN","m360/DF/0000/out/2/5/1/0/37","606"
"2026-08-14T07:33:23.778Z","IN","m360/DF/0000/out/2/6/1/0/37","273"
"2026-08-14T07:33:23.778Z","IN","m360/DF/0000/out/2/6/1/0/37","273"
"2026-08-14T07:33:26.191Z","IN","m360/DF/0000/out","{""nodeId"":0,""sensorId"":255,""command"":3,""ack"":0,""type"":22,""payload"":"""",""timestamp"":36361,""description"":""heartbeat"",""event"":""heartbeat"",""uptime"":36361,""rssi"":-62,""wifiRssi"":-62,""batteryLevel"":100,""ip"":""192.168.1.2"",""version"":""2.0"",""source"":""gateway""}"
"2026-08-14T07:33:26.191Z","IN","m360/DF/0000/out","{""nodeId"":0,""sensorId"":255,""command"":3,""ack"":0,""type"":22,""payload"":"""",""timestamp"":36361,""description"":""heartbeat"",""event"":""heartbeat"",""uptime"":36361,""rssi"":-62,""wifiRssi"":-62,""batteryLevel"":100,""ip"":""192.168.1.2"",""version"":""2.0"",""source"":""gateway""}"
"2026-08-14T07:33:26.209Z","IN","m360/DF/0000/gateway/status","{""timestamp"":36361,""isConnected"":true,""connectionTime"":36353,""reconnectCount"":0,""lastErrorCode"":0,""uptime"":36361,""source"":""gateway"",""type"":""mqtt_metrics""}"
"2026-08-14T07:33:45.740Z","IN","m360/DF/0000/out/1/1/1/0/37","348"
"2026-08-14T07:33:45.740Z","IN","m360/DF/0000/out/1/1/1/0/37","348"
"2026-08-14T07:33:45.850Z","IN","m360/DF/0000/out/1/2/1/0/37","330"
"2026-08-14T07:33:45.852Z","IN","m360/DF/0000/out/1/2/1/0/37","330"
"2026-08-14T07:33:45.854Z","IN","m360/DF/0000/out/1/3/1/0/37","128"
"2026-08-14T07:33:45.854Z","IN","m360/DF/0000/out/1/3/1/0/37","128"
"2026-08-14T07:33:46.346Z","IN","m360/DF/0000/out/1/4/1/0/37","438"
"2026-08-14T07:33:46.346Z","IN","m360/DF/0000/out/1/4/1/0/37","438"
"2026-08-14T07:33:46.346Z","IN","m360/DF/0000/out/1/5/1/0/37","347"
"2026-08-14T07:33:46.346Z","IN","m360/DF/0000/out/1/5/1/0/37","347"
"2026-08-14T07:33:46.346Z","IN","m360/DF/0000/out/1/6/1/0/37","263"
"2026-08-14T07:33:46.346Z","IN","m360/DF/0000/out/1/6/1/0/37","263"
"2026-08-14T07:34:23.408Z","IN","m360/DF/0000/out/2/1/1/0/37","117"
"2026-08-14T07:34:23.408Z","IN","m360/DF/0000/out/2/1/1/0/37","117"
"2026-08-14T07:34:23.518Z","IN","m360/DF/0000/out/2/2/1/0/37","429"
"2026-08-14T07:34:23.519Z","IN","m360/DF/0000/out/2/2/1/0/37","429"
"2026-08-14T07:34:23.519Z","IN","m360/DF/0000/out/2/4/1/0/37","1020"
"2026-08-14T07:34:23.519Z","IN","m360/DF/0000/out/2/4/1/0/37","1020"
"2026-08-14T07:34:23.763Z","IN","m360/DF/0000/out/2/5/1/0/37","625"
"2026-08-14T07:34:23.763Z","IN","m360/DF/0000/out/2/5/1/0/37","625"
"2026-08-14T07:34:23.837Z","IN","m360/DF/0000/out/2/6/1/0/37","384"
"2026-08-14T07:34:23.837Z","IN","m360/DF/0000/out/2/6/1/0/37","384"
"2026-08-14T07:34:26.199Z","IN","m360/DF/0000/out/events","{""event"":""node_lost"",""nodeId"":99,""timestamp"":36421,""rssi"":-62,""details"":""Inactivity detected: timeout 300 s""}"
"2026-08-14T07:34:26.200Z","IN","m360/DF/0000/out/events","{""event"":""node_lost"",""nodeId"":99,""timestamp"":36421,""rssi"":-62,""details"":""Inactivity detected: timeout 300 s""}"
"2026-08-14T07:34:26.219Z","IN","m360/DF/0000/out","{""nodeId"":0,""sensorId"":255,""command"":3,""ack"":0,""type"":22,""payload"":"""",""timestamp"":36421,""description"":""heartbeat"",""event"":""heartbeat"",""uptime"":36421,""rssi"":-62,""wifiRssi"":-62,""batteryLevel"":100,""ip"":""192.168.1.2"",""version"":""2.0"",""source"":""gateway""}"
"2026-08-14T07:34:26.219Z","IN","m360/DF/0000/out","{""nodeId"":0,""sensorId"":255,""command"":3,""ack"":0,""type"":22,""payload"":"""",""timestamp"":36421,""description"":""heartbeat"",""event"":""heartbeat"",""uptime"":36421,""rssi"":-62,""wifiRssi"":-62,""batteryLevel"":100,""ip"":""192.168.1.2"",""version"":""2.0"",""source"":""gateway""}"
"2026-08-14T07:34:26.219Z","IN","m360/DF/0000/gateway/status","{""timestamp"":36421,""isConnected"":true,""connectionTime"":36413,""reconnectCount"":0,""lastErrorCode"":0,""uptime"":36421,""source"":""gateway"",""type"":""mqtt_metrics""}"
"2026-08-14T07:34:45.822Z","IN","m360/DF/0000/out/1/1/1/0/37","349"
"2026-08-14T07:34:45.823Z","IN","m360/DF/0000/out/1/1/1/0/37","349"
"2026-08-14T07:34:46.159Z","IN","m360/DF/0000/out/1/2/1/0/37","328"
"2026-08-14T07:34:46.159Z","IN","m360/DF/0000/out/1/2/1/0/37","328"
"2026-08-14T07:34:46.159Z","IN","m360/DF/0000/out/1/4/1/0/37","421"
"2026-08-14T07:34:46.159Z","IN","m360/DF/0000/out/1/4/1/0/37","421"
"2026-08-14T07:34:46.159Z","IN","m360/DF/0000/out/1/5/1/0/37","325"
"2026-08-14T07:34:46.159Z","IN","m360/DF/0000/out/1/5/1/0/37","325"
"2026-08-14T07:34:46.159Z","IN","m360/DF/0000/out/1/6/1/0/37","258"
"2026-08-14T07:34:46.159Z","IN","m360/DF/0000/out/1/6/1/0/37","258"
"2026-08-14T07:35:23.440Z","IN","m360/DF/0000/out/2/2/1/0/37","349"
"2026-08-14T07:35:23.441Z","IN","m360/DF/0000/out/2/2/1/0/37","349"
"2026-08-14T07:35:23.515Z","IN","m360/DF/0000/out/2/3/1/0/37","1018"
"2026-08-14T07:35:23.515Z","IN","m360/DF/0000/out/2/3/1/0/37","1018"
"2026-08-14T07:35:23.772Z","IN","m360/DF/0000/out/2/5/1/0/37","620"
"2026-08-14T07:35:23.772Z","IN","m360/DF/0000/out/2/5/1/0/37","620"
"2026-08-14T07:35:23.772Z","IN","m360/DF/0000/out/2/6/1/0/37","389"
"2026-08-14T07:35:23.772Z","IN","m360/DF/0000/out/2/6/1/0/37","389"
"2026-08-14T07:35:26.202Z","IN","m360/DF/0000/out","{""nodeId"":0,""sensorId"":255,""command"":3,""ack"":0,""type"":22,""payload"":"""",""timestamp"":36481,""description"":""heartbeat"",""event"":""heartbeat"",""uptime"":36481,""rssi"":-62,""wifiRssi"":-62,""batteryLevel"":100,""ip"":""192.168.1.2"",""version"":""2.0"",""source"":""gateway""}"
"2026-08-14T07:35:26.203Z","IN","m360/DF/0000/out","{""nodeId"":0,""sensorId"":255,""command"":3,""ack"":0,""type"":22,""payload"":"""",""timestamp"":36481,""description"":""heartbeat"",""event"":""heartbeat"",""uptime"":36481,""rssi"":-62,""wifiRssi"":-62,""batteryLevel"":100,""ip"":""192.168.1.2"",""version"":""2.0"",""source"":""gateway""}"
"2026-08-14T07:35:26.219Z","IN","m360/DF/0000/gateway/status","{""timestamp"":36481,""isConnected"":true,""connectionTime"":36473,""reconnectCount"":0,""lastErrorCode"":0,""uptime"":36481,""source"":""gateway"",""type"":""mqtt_metrics""}"
"2026-08-14T07:35:45.909Z","IN","m360/DF/0000/out/1/1/1/0/37","351"
"2026-08-14T07:35:45.910Z","IN","m360/DF/0000/out/1/1/1/0/37","351"
"2026-08-14T07:35:46.048Z","IN","m360/DF/0000/out/1/2/1/0/37","325"
"2026-08-14T07:35:46.050Z","IN","m360/DF/0000/out/1/2/1/0/37","325"
"2026-08-14T07:35:46.050Z","IN","m360/DF/0000/out/1/3/1/0/37","127"
"2026-08-14T07:35:46.050Z","IN","m360/DF/0000/out/1/3/1/0/37","127"
"2026-08-14T07:35:46.440Z","IN","m360/DF/0000/out/1/4/1/0/37","437"
"2026-08-14T07:35:46.440Z","IN","m360/DF/0000/out/1/4/1/0/37","437"
"2026-08-14T07:35:46.440Z","IN","m360/DF/0000/out/1/5/1/0/37","333"
"2026-08-14T07:35:46.440Z","IN","m360/DF/0000/out/1/5/1/0/37","333"
"2026-08-14T07:35:46.440Z","IN","m360/DF/0000/out/1/6/1/0/37","262"
"2026-08-14T07:35:46.440Z","IN","m360/DF/0000/out/1/6/1/0/37","262"
"2026-08-14T07:36:04.878Z","IN","m360/DF/0000/out/events","{""event"":""node_reconnected"",""nodeId"":99,""timestamp"":36519,""rssi"":-62,""details"":""Node back online or discovered""}"
"2026-08-14T07:36:04.878Z","IN","m360/DF/0000/out/events","{""event"":""node_reconnected"",""nodeId"":99,""timestamp"":36519,""rssi"":-62,""details"":""Node back online or discovered""}"
"2026-08-14T07:36:04.936Z","IN","m360/DF/0000/out/99/21/1/0/24","0"
"2026-08-14T07:36:04.936Z","IN","m360/DF/0000/out/99/21/1/0/24","0"
"2026-08-14T07:36:23.423Z","IN","m360/DF/0000/out/2/1/1/0/37","112"
"2026-08-14T07:36:23.423Z","IN","m360/DF/0000/out/2/1/1/0/37","112"
"2026-08-14T07:36:23.535Z","IN","m360/DF/0000/out/2/2/1/0/37","430"
"2026-08-14T07:36:23.536Z","IN","m360/DF/0000/out/2/2/1/0/37","430"
"2026-08-14T07:36:23.537Z","IN","m360/DF/0000/out/2/3/1/0/37","1020"
"2026-08-14T07:36:23.537Z","IN","m360/DF/0000/out/2/3/1/0/37","1020"
"2026-08-14T07:36:23.855Z","IN","m360/DF/0000/out/2/5/1/0/37","625"
"2026-08-14T07:36:23.855Z","IN","m360/DF/0000/out/2/5/1/0/37","625"
"2026-08-14T07:36:26.206Z","IN","m360/DF/0000/out","{""nodeId"":0,""sensorId"":255,""command"":3,""ack"":0,""type"":22,""payload"":"""",""timestamp"":36541,""description"":""heartbeat"",""event"":""heartbeat"",""uptime"":36541,""rssi"":-63,""wifiRssi"":-63,""batteryLevel"":100,""ip"":""192.168.1.2"",""version"":""2.0"",""source"":""gateway""}"
"2026-08-14T07:36:26.207Z","IN","m360/DF/0000/out","{""nodeId"":0,""sensorId"":255,""command"":3,""ack"":0,""type"":22,""payload"":"""",""timestamp"":36541,""description"":""heartbeat"",""event"":""heartbeat"",""uptime"":36541,""rssi"":-63,""wifiRssi"":-63,""batteryLevel"":100,""ip"":""192.168.1.2"",""version"":""2.0"",""source"":""gateway""}"
"2026-08-14T07:36:26.223Z","IN","m360/DF/0000/gateway/status","{""timestamp"":36541,""isConnected"":true,""connectionTime"":36533,""reconnectCount"":0,""lastErrorCode"":0,""uptime"":36541,""source"":""gateway"",""type"":""mqtt_metrics""}"
"2026-08-14T07:36:46.001Z","IN","m360/DF/0000/out/1/2/1/0/37","247"
"2026-08-14T07:36:46.002Z","IN","m360/DF/0000/out/1/2/1/0/37","247"
"2026-08-14T07:36:46.223Z","IN","m360/DF/0000/out/1/3/1/0/37","110"
"2026-08-14T07:36:46.223Z","IN","m360/DF/0000/out/1/3/1/0/37","110"
"2026-08-14T07:36:46.224Z","IN","m360/DF/0000/out/1/4/1/0/37","422"
"2026-08-14T07:36:46.224Z","IN","m360/DF/0000/out/1/4/1/0/37","422"
"2026-08-14T07:36:46.224Z","IN","m360/DF/0000/out/1/5/1/0/37","329"
"2026-08-14T07:36:46.225Z","IN","m360/DF/0000/out/1/5/1/0/37","329"
"2026-08-14T07:36:46.351Z","IN","m360/DF/0000/out/1/6/1/0/37","255"
"2026-08-14T07:36:46.352Z","IN","m360/DF/0000/out/1/6/1/0/37","255"
"2026-08-14T07:37:23.403Z","IN","m360/DF/0000/out/2/1/1/0/37","119"
"2026-08-14T07:37:23.403Z","IN","m360/DF/0000/out/2/1/1/0/37","119"
"2026-08-14T07:37:23.524Z","IN","m360/DF/0000/out/2/2/1/0/37","431"
"2026-08-14T07:37:23.524Z","IN","m360/DF/0000/out/2/2/1/0/37","431"
"2026-08-14T07:37:23.525Z","IN","m360/DF/0000/out/2/3/1/0/37","1019"
"2026-08-14T07:37:23.525Z","IN","m360/DF/0000/out/2/3/1/0/37","1019"
"2026-08-14T07:37:23.525Z","IN","m360/DF/0000/out/2/4/1/0/37","1019"
"2026-08-14T07:37:23.526Z","IN","m360/DF/0000/out/2/4/1/0/37","1019"
"2026-08-14T07:37:23.955Z","IN","m360/DF/0000/out/2/5/1/0/37","640"
"2026-08-14T07:37:23.955Z","IN","m360/DF/0000/out/2/5/1/0/37","640"
"2026-08-14T07:37:23.955Z","IN","m360/DF/0000/out/2/6/1/0/37","397"
"2026-08-14T07:37:23.955Z","IN","m360/DF/0000/out/2/6/1/0/37","397"
"2026-08-14T07:37:26.209Z","IN","m360/DF/0000/out","{""nodeId"":0,""sensorId"":255,""command"":3,""ack"":0,""type"":22,""payload"":"""",""timestamp"":36601,""description"":""heartbeat"",""event"":""heartbeat"",""uptime"":36601,""rssi"":-64,""wifiRssi"":-64,""batteryLevel"":100,""ip"":""192.168.1.2"",""version"":""2.0"",""source"":""gateway""}"
"2026-08-14T07:37:26.210Z","IN","m360/DF/0000/out","{""nodeId"":0,""sensorId"":255,""command"":3,""ack"":0,""type"":22,""payload"":"""",""timestamp"":36601,""description"":""heartbeat"",""event"":""heartbeat"",""uptime"":36601,""rssi"":-64,""wifiRssi"":-64,""batteryLevel"":100,""ip"":""192.168.1.2"",""version"":""2.0"",""source"":""gateway""}"
"2026-08-14T07:37:26.227Z","IN","m360/DF/0000/gateway/status","{""timestamp"":36601,""isConnected"":true,""connectionTime"":36593,""reconnectCount"":0,""lastErrorCode"":0,""uptime"":36601,""source"":""gateway"",""type"":""mqtt_metrics""}"
"2026-08-14T07:37:46.083Z","IN","m360/DF/0000/out/1/1/1/0/37","348"
"2026-08-14T07:37:46.084Z","IN","m360/DF/0000/out/1/1/1/0/37","348"
"2026-08-14T07:37:46.195Z","IN","m360/DF/0000/out/1/2/1/0/37","331"
"2026-08-14T07:37:46.196Z","IN","m360/DF/0000/out/1/2/1/0/37","331"
"2026-08-14T07:37:46.216Z","IN","m360/DF/0000/out/1/3/1/0/37","119"
"2026-08-14T07:37:46.216Z","IN","m360/DF/0000/out/1/3/1/0/37","119"
"2026-08-14T07:37:46.441Z","IN","m360/DF/0000/out/1/4/1/0/37","433"
"2026-08-14T07:37:46.441Z","IN","m360/DF/0000/out/1/4/1/0/37","433"
"2026-08-14T07:37:46.555Z","IN","m360/DF/0000/out/1/5/1/0/37","336"
"2026-08-14T07:37:46.555Z","IN","m360/DF/0000/out/1/5/1/0/37","336"
"2026-08-14T07:37:46.555Z","IN","m360/DF/0000/out/1/6/1/0/37","260"
"2026-08-14T07:37:46.556Z","IN","m360/DF/0000/out/1/6/1/0/37","260"
"2026-08-14T07:38:23.402Z","IN","m360/DF/0000/out/2/1/1/0/37","138"
"2026-08-14T07:38:23.403Z","IN","m360/DF/0000/out/2/1/1/0/37","138"
"2026-08-14T07:38:23.496Z","IN","m360/DF/0000/out/2/3/1/0/37","1020"
"2026-08-14T07:38:23.496Z","IN","m360/DF/0000/out/2/3/1/0/37","1020"
"2026-08-14T07:38:23.518Z","IN","m360/DF/0000/out/2/5/1/0/37","615"
"2026-08-14T07:38:23.519Z","IN","m360/DF/0000/out/2/5/1/0/37","615"
"2026-08-14T07:38:23.848Z","IN","m360/DF/0000/out/2/6/1/0/37","376"
"2026-08-14T07:38:23.848Z","IN","m360/DF/0000/out/2/6/1/0/37","376"
"2026-08-14T07:38:26.216Z","IN","m360/DF/0000/out","{""nodeId"":0,""sensorId"":255,""command"":3,""ack"":0,""type"":22,""payload"":"""",""timestamp"":36661,""description"":""heartbeat"",""event"":""heartbeat"",""uptime"":36661,""rssi"":-63,""wifiRssi"":-63,""batteryLevel"":100,""ip"":""192.168.1.2"",""version"":""2.0"",""source"":""gateway""}"
"2026-08-14T07:38:26.217Z","IN","m360/DF/0000/out","{""nodeId"":0,""sensorId"":255,""command"":3,""ack"":0,""type"":22,""payload"":"""",""timestamp"":36661,""description"":""heartbeat"",""event"":""heartbeat"",""uptime"":36661,""rssi"":-63,""wifiRssi"":-63,""batteryLevel"":100,""ip"":""192.168.1.2"",""version"":""2.0"",""source"":""gateway""}"
"2026-08-14T07:38:26.235Z","IN","m360/DF/0000/gateway/status","{""timestamp"":36661,""isConnected"":true,""connectionTime"":36653,""reconnectCount"":0,""lastErrorCode"":0,""uptime"":36661,""source"":""gateway"",""type"":""mqtt_metrics""}"
"2026-08-14T07:38:46.139Z","IN","m360/DF/0000/out/1/1/1/0/37","350"
"2026-08-14T07:38:46.140Z","IN","m360/DF/0000/out/1/1/1/0/37","350"
"2026-08-14T07:38:46.427Z","IN","m360/DF/0000/out/1/2/1/0/37","318"
"2026-08-14T07:38:46.427Z","IN","m360/DF/0000/out/1/2/1/0/37","318"
"2026-08-14T07:38:46.433Z","IN","m360/DF/0000/out/1/3/1/0/37","128"
"2026-08-14T07:38:46.433Z","IN","m360/DF/0000/out/1/3/1/0/37","128"
"2026-08-14T07:38:46.433Z","IN","m360/DF/0000/out/1/4/1/0/37","432"
"2026-08-14T07:38:46.433Z","IN","m360/DF/0000/out/1/4/1/0/37","432"
"2026-08-14T07:38:46.434Z","IN","m360/DF/0000/out/1/5/1/0/37","330"
"2026-08-14T07:38:46.434Z","IN","m360/DF/0000/out/1/5/1/0/37","330"
"2026-08-14T07:39:23.382Z","IN","m360/DF/0000/out/2/1/1/0/37","117"
"2026-08-14T07:39:23.383Z","IN","m360/DF/0000/out/2/1/1/0/37","117"
"2026-08-14T07:39:23.480Z","IN","m360/DF/0000/out/2/2/1/0/37","434"
"2026-08-14T07:39:23.483Z","IN","m360/DF/0000/out/2/2/1/0/37","434"
"2026-08-14T07:39:23.651Z","IN","m360/DF/0000/out/2/3/1/0/37","1019"
"2026-08-14T07:39:23.651Z","IN","m360/DF/0000/out/2/3/1/0/37","1019"
"2026-08-14T07:39:23.742Z","IN","m360/DF/0000/out/2/5/1/0/37","641"
"2026-08-14T07:39:23.742Z","IN","m360/DF/0000/out/2/5/1/0/37","641"
"2026-08-14T07:39:23.742Z","IN","m360/DF/0000/out/2/6/1/0/37","396"
"2026-08-14T07:39:23.742Z","IN","m360/DF/0000/out/2/6/1/0/37","396"
"2026-08-14T07:39:26.227Z","IN","m360/DF/0000/out","{""nodeId"":0,""sensorId"":255,""command"":3,""ack"":0,""type"":22,""payload"":"""",""timestamp"":36721,""description"":""heartbeat"",""event"":""heartbeat"",""uptime"":36721,""rssi"":-63,""wifiRssi"":-63,""batteryLevel"":100,""ip"":""192.168.1.2"",""version"":""2.0"",""source"":""gateway""}"
"2026-08-14T07:39:26.227Z","IN","m360/DF/0000/out","{""nodeId"":0,""sensorId"":255,""command"":3,""ack"":0,""type"":22,""payload"":"""",""timestamp"":36721,""description"":""heartbeat"",""event"":""heartbeat"",""uptime"":36721,""rssi"":-63,""wifiRssi"":-63,""batteryLevel"":100,""ip"":""192.168.1.2"",""version"":""2.0"",""source"":""gateway""}"
"2026-08-14T07:39:26.242Z","IN","m360/DF/0000/gateway/status","{""timestamp"":36721,""isConnected"":true,""connectionTime"":36713,""reconnectCount"":0,""lastErrorCode"":0,""uptime"":36721,""source"":""gateway"",""type"":""mqtt_metrics""}"
"2026-08-14T07:39:46.202Z","IN","m360/DF/0000/out/1/1/1/0/37","345"
"2026-08-14T07:39:46.202Z","IN","m360/DF/0000/out/1/1/1/0/37","345"
"2026-08-14T07:39:46.325Z","IN","m360/DF/0000/out/1/2/1/0/37","331"
"2026-08-14T07:39:46.325Z","IN","m360/DF/0000/out/1/2/1/0/37","331"
"2026-08-14T07:39:46.329Z","IN","m360/DF/0000/out/1/3/1/0/37","122"
"2026-08-14T07:39:46.329Z","IN","m360/DF/0000/out/1/3/1/0/37","122"
"2026-08-14T07:39:46.683Z","IN","m360/DF/0000/out/1/4/1/0/37","440"
"2026-08-14T07:39:46.683Z","IN","m360/DF/0000/out/1/4/1/0/37","440"
"2026-08-14T07:39:46.683Z","IN","m360/DF/0000/out/1/5/1/0/37","342"
"2026-08-14T07:39:46.684Z","IN","m360/DF/0000/out/1/5/1/0/37","342"
"2026-08-14T07:39:46.684Z","IN","m360/DF/0000/out/1/6/1/0/37","283"
"2026-08-14T07:39:46.684Z","IN","m360/DF/0000/out/1/6/1/0/37","283"
"2026-08-14T07:40:04.656Z","IN","m360/DF/0000/out/99/11/1/0/0","14"
"2026-08-14T07:40:04.657Z","IN","m360/DF/0000/out/99/11/1/0/0","14"
"2026-08-14T07:40:04.717Z","IN","m360/DF/0000/out/99/12/1/0/1","21"
"2026-08-14T07:40:04.717Z","IN","m360/DF/0000/out/99/12/1/0/1","21"
"2026-08-14T07:40:26.223Z","IN","m360/DF/0000/out","{""nodeId"":0,""sensorId"":255,""command"":3,""ack"":0,""type"":22,""payload"":"""",""timestamp"":36781,""description"":""heartbeat"",""event"":""heartbeat"",""uptime"":36781,""rssi"":-63,""wifiRssi"":-63,""batteryLevel"":100,""ip"":""192.168.1.2"",""version"":""2.0"",""source"":""gateway""}"
"2026-08-14T07:40:26.223Z","IN","m360/DF/0000/out","{""nodeId"":0,""sensorId"":255,""command"":3,""ack"":0,""type"":22,""payload"":"""",""timestamp"":36781,""description"":""heartbeat"",""event"":""heartbeat"",""uptime"":36781,""rssi"":-63,""wifiRssi"":-63,""batteryLevel"":100,""ip"":""192.168.1.2"",""version"":""2.0"",""source"":""gateway""}"
"2026-08-14T07:40:26.281Z","IN","m360/DF/0000/gateway/status","{""timestamp"":36781,""isConnected"":true,""connectionTime"":36773,""reconnectCount"":0,""lastErrorCode"":0,""uptime"":36781,""source"":""gateway"",""type"":""mqtt_metrics""}"
"2026-08-14T07:41:26.229Z","IN","m360/DF/0000/out","{""nodeId"":0,""sensorId"":255,""command"":3,""ack"":0,""type"":22,""payload"":"""",""timestamp"":36841,""description"":""heartbeat"",""event"":""heartbeat"",""uptime"":36841,""rssi"":-63,""wifiRssi"":-63,""batteryLevel"":100,""ip"":""192.168.1.2"",""version"":""2.0"",""source"":""gateway""}"
"2026-08-14T07:41:26.234Z","IN","m360/DF/0000/out","{""nodeId"":0,""sensorId"":255,""command"":3,""ack"":0,""type"":22,""payload"":"""",""timestamp"":36841,""description"":""heartbeat"",""event"":""heartbeat"",""uptime"":36841,""rssi"":-63,""wifiRssi"":-63,""batteryLevel"":100,""ip"":""192.168.1.2"",""version"":""2.0"",""source"":""gateway""}"
"2026-08-14T07:41:26.286Z","IN","m360/DF/0000/gateway/status","{""timestamp"":36841,""isConnected"":true,""connectionTime"":36833,""reconnectCount"":0,""lastErrorCode"":0,""uptime"":36841,""source"":""gateway"",""type"":""mqtt_metrics""}"
"2026-08-14T07:42:26.233Z","IN","m360/DF/0000/out","{""nodeId"":0,""sensorId"":255,""command"":3,""ack"":0,""type"":22,""payload"":"""",""timestamp"":36901,""description"":""heartbeat"",""event"":""heartbeat"",""uptime"":36901,""rssi"":-63,""wifiRssi"":-63,""batteryLevel"":100,""ip"":""192.168.1.2"",""version"":""2.0"",""source"":""gateway""}"
"2026-08-14T07:42:26.234Z","IN","m360/DF/0000/out","{""nodeId"":0,""sensorId"":255,""command"":3,""ack"":0,""type"":22,""payload"":"""",""timestamp"":36901,""description"":""heartbeat"",""event"":""heartbeat"",""uptime"":36901,""rssi"":-63,""wifiRssi"":-63,""batteryLevel"":100,""ip"":""192.168.1.2"",""version"":""2.0"",""source"":""gateway""}"
"2026-08-14T07:42:26.290Z","IN","m360/DF/0000/gateway/status","{""timestamp"":36901,""isConnected"":true,""connectionTime"":36893,""reconnectCount"":0,""lastErrorCode"":0,""uptime"":36901,""source"":""gateway"",""type"":""mqtt_metrics""}"
"2026-08-14T07:42:46.387Z","IN","m360/DF/0000/out/1/1/1/0/37","344"
"2026-08-14T07:42:46.387Z","IN","m360/DF/0000/out/1/1/1/0/37","344"
"2026-08-14T07:42:46.496Z","IN","m360/DF/0000/out/1/2/1/0/37","329"
"2026-08-14T07:42:46.496Z","IN","m360/DF/0000/out/1/2/1/0/37","329"
"2026-08-14T07:42:46.518Z","IN","m360/DF/0000/out/1/3/1/0/37","113"
"2026-08-14T07:42:46.518Z","IN","m360/DF/0000/out/1/3/1/0/37","113"
"2026-08-14T07:42:46.871Z","IN","m360/DF/0000/out/1/4/1/0/37","423"
"2026-08-14T07:42:46.871Z","IN","m360/DF/0000/out/1/4/1/0/37","423"
"2026-08-14T07:42:46.872Z","IN","m360/DF/0000/out/1/5/1/0/37","343"
"2026-08-14T07:42:46.872Z","IN","m360/DF/0000/out/1/5/1/0/37","343"
"2026-08-14T07:42:46.872Z","IN","m360/DF/0000/out/1/6/1/0/37","251"
"2026-08-14T07:42:46.872Z","IN","m360/DF/0000/out/1/6/1/0/37","251"
"2026-08-14T07:43:26.239Z","IN","m360/DF/0000/out","{""nodeId"":0,""sensorId"":255,""command"":3,""ack"":0,""type"":22,""payload"":"""",""timestamp"":36961,""description"":""heartbeat"",""event"":""heartbeat"",""uptime"":36961,""rssi"":-62,""wifiRssi"":-62,""batteryLevel"":100,""ip"":""192.168.1.2"",""version"":""2.0"",""source"":""gateway""}"
"2026-08-14T07:43:26.240Z","IN","m360/DF/0000/out","{""nodeId"":0,""sensorId"":255,""command"":3,""ack"":0,""type"":22,""payload"":"""",""timestamp"":36961,""description"":""heartbeat"",""event"":""heartbeat"",""uptime"":36961,""rssi"":-62,""wifiRssi"":-62,""batteryLevel"":100,""ip"":""192.168.1.2"",""version"":""2.0"",""source"":""gateway""}"
"2026-08-14T07:43:26.303Z","IN","m360/DF/0000/gateway/status","{""timestamp"":36961,""isConnected"":true,""connectionTime"":36953,""reconnectCount"":0,""lastErrorCode"":0,""uptime"":36961,""source"":""gateway"",""type"":""mqtt_metrics""}"
"2026-08-14T07:43:46.474Z","IN","m360/DF/0000/out/1/1/1/0/37","338"
"2026-08-14T07:43:46.475Z","IN","m360/DF/0000/out/1/1/1/0/37","338"
"2026-08-14T07:43:46.575Z","IN","m360/DF/0000/out/1/2/1/0/37","332"
"2026-08-14T07:43:46.575Z","IN","m360/DF/0000/out/1/2/1/0/37","332"
"2026-08-14T07:43:46.919Z","IN","m360/DF/0000/out/1/3/1/0/37","131"
"2026-08-14T07:43:46.919Z","IN","m360/DF/0000/out/1/3/1/0/37","131"
"2026-08-14T07:43:46.919Z","IN","m360/DF/0000/out/1/5/1/0/37","329"
"2026-08-14T07:43:46.920Z","IN","m360/DF/0000/out/1/5/1/0/37","329"
"2026-08-14T07:43:46.920Z","IN","m360/DF/0000/out/1/6/1/0/37","249"
"2026-08-14T07:43:46.920Z","IN","m360/DF/0000/out/1/6/1/0/37","249"
"2026-08-14T07:44:26.246Z","IN","m360/DF/0000/out/events","{""event"":""node_lost"",""nodeId"":2,""timestamp"":37021,""rssi"":-63,""details"":""Inactivity detected: timeout 300 s""}"
"2026-08-14T07:44:26.246Z","IN","m360/DF/0000/out/events","{""event"":""node_lost"",""nodeId"":2,""timestamp"":37021,""rssi"":-63,""details"":""Inactivity detected: timeout 300 s""}"
"2026-08-14T07:44:26.318Z","IN","m360/DF/0000/out","{""nodeId"":0,""sensorId"":255,""command"":3,""ack"":0,""type"":22,""payload"":"""",""timestamp"":37021,""description"":""heartbeat"",""event"":""heartbeat"",""uptime"":37021,""rssi"":-63,""wifiRssi"":-63,""batteryLevel"":100,""ip"":""192.168.1.2"",""version"":""2.0"",""source"":""gateway""}"
"2026-08-14T07:44:26.318Z","IN","m360/DF/0000/out","{""nodeId"":0,""sensorId"":255,""command"":3,""ack"":0,""type"":22,""payload"":"""",""timestamp"":37021,""description"":""heartbeat"",""event"":""heartbeat"",""uptime"":37021,""rssi"":-63,""wifiRssi"":-63,""batteryLevel"":100,""ip"":""192.168.1.2"",""version"":""2.0"",""source"":""gateway""}"
"2026-08-14T07:44:26.318Z","IN","m360/DF/0000/gateway/status","{""timestamp"":37021,""isConnected"":true,""connectionTime"":37013,""reconnectCount"":0,""lastErrorCode"":0,""uptime"":37021,""source"":""gateway"",""type"":""mqtt_metrics""}"
"2026-08-14T07:44:46.560Z","IN","m360/DF/0000/out/1/1/1/0/37","344"
"2026-08-14T07:44:46.561Z","IN","m360/DF/0000/out/1/1/1/0/37","344"
"2026-08-14T07:44:46.669Z","IN","m360/DF/0000/out/1/2/1/0/37","334"
"2026-08-14T07:44:46.670Z","IN","m360/DF/0000/out/1/2/1/0/37","334"
"2026-08-14T07:44:46.672Z","IN","m360/DF/0000/out/1/3/1/0/37","130"
"2026-08-14T07:44:46.673Z","IN","m360/DF/0000/out/1/3/1/0/37","130"
"2026-08-14T07:44:47.083Z","IN","m360/DF/0000/out/1/4/1/0/37","433"
"2026-08-14T07:44:47.083Z","IN","m360/DF/0000/out/1/4/1/0/37","433"
"2026-08-14T07:44:47.083Z","IN","m360/DF/0000/out/1/5/1/0/37","350"
"2026-08-14T07:44:47.083Z","IN","m360/DF/0000/out/1/5/1/0/37","350"
"2026-08-14T07:44:47.083Z","IN","m360/DF/0000/out/1/6/1/0/37","270"
"2026-08-14T07:44:47.083Z","IN","m360/DF/0000/out/1/6/1/0/37","270"
"2026-08-14T07:45:23.398Z","IN","m360/DF/0000/out/events","{""event"":""node_reconnected"",""nodeId"":2,""timestamp"":37078,""rssi"":-63,""details"":""Node back online or discovered""}"
"2026-08-14T07:45:23.398Z","IN","m360/DF/0000/out/events","{""event"":""node_reconnected"",""nodeId"":2,""timestamp"":37078,""rssi"":-63,""details"":""Node back online or discovered""}"
"2026-08-14T07:45:23.458Z","IN","m360/DF/0000/out/2/1/1/0/37","117"
"2026-08-14T07:45:23.459Z","IN","m360/DF/0000/out/2/1/1/0/37","117"
"2026-08-14T07:45:23.459Z","IN","m360/DF/0000/out/2/2/1/0/37","411"
"2026-08-14T07:45:23.459Z","IN","m360/DF/0000/out/2/2/1/0/37","411"
"2026-08-14T07:45:23.858Z","IN","m360/DF/0000/out/2/5/1/0/37","619"
"2026-08-14T07:45:23.858Z","IN","m360/DF/0000/out/2/5/1/0/37","619"
"2026-08-14T07:45:23.858Z","IN","m360/DF/0000/out/2/6/1/0/37","391"
"2026-08-14T07:45:23.858Z","IN","m360/DF/0000/out/2/6/1/0/37","391"
"2026-08-14T07:45:26.255Z","IN","m360/DF/0000/out/events","{""event"":""node_lost"",""nodeId"":99,""timestamp"":37081,""rssi"":-63,""details"":""Inactivity detected: timeout 300 s""}"
"2026-08-14T07:45:26.255Z","IN","m360/DF/0000/out/events","{""event"":""node_lost"",""nodeId"":99,""timestamp"":37081,""rssi"":-63,""details"":""Inactivity detected: timeout 300 s""}"
"2026-08-14T07:45:26.270Z","IN","m360/DF/0000/out","{""nodeId"":0,""sensorId"":255,""command"":3,""ack"":0,""type"":22,""payload"":"""",""timestamp"":37081,""description"":""heartbeat"",""event"":""heartbeat"",""uptime"":37081,""rssi"":-63,""wifiRssi"":-63,""batteryLevel"":100,""ip"":""192.168.1.2"",""version"":""2.0"",""source"":""gateway""}"
"2026-08-14T07:45:26.270Z","IN","m360/DF/0000/out","{""nodeId"":0,""sensorId"":255,""command"":3,""ack"":0,""type"":22,""payload"":"""",""timestamp"":37081,""description"":""heartbeat"",""event"":""heartbeat"",""uptime"":37081,""rssi"":-63,""wifiRssi"":-63,""batteryLevel"":100,""ip"":""192.168.1.2"",""version"":""2.0"",""source"":""gateway""}"
"2026-08-14T07:45:26.270Z","IN","m360/DF/0000/gateway/status","{""timestamp"":37081,""isConnected"":true,""connectionTime"":37073,""reconnectCount"":0,""lastErrorCode"":0,""uptime"":37081,""source"":""gateway"",""type"":""mqtt_metrics""}"
"2026-08-14T07:45:46.606Z","IN","m360/DF/0000/out/1/1/1/0/37","349"
"2026-08-14T07:45:46.606Z","IN","m360/DF/0000/out/1/1/1/0/37","349"
"2026-08-14T07:45:46.757Z","IN","m360/DF/0000/out/1/2/1/0/37","337"
"2026-08-14T07:45:46.758Z","IN","m360/DF/0000/out/1/2/1/0/37","337"
"2026-08-14T07:45:46.764Z","IN","m360/DF/0000/out/1/3/1/0/37","120"
"2026-08-14T07:45:46.765Z","IN","m360/DF/0000/out/1/3/1/0/37","120"
"2026-08-14T07:45:46.765Z","IN","m360/DF/0000/out/1/4/1/0/37","428"
"2026-08-14T07:45:46.765Z","IN","m360/DF/0000/out/1/4/1/0/37","428"
"2026-08-14T07:45:47.149Z","IN","m360/DF/0000/out/1/5/1/0/37","348"
"2026-08-14T07:45:47.149Z","IN","m360/DF/0000/out/1/5/1/0/37","348"
"2026-08-14T07:45:47.245Z","IN","m360/DF/0000/out/1/6/1/0/37","263"
"2026-08-14T07:45:47.245Z","IN","m360/DF/0000/out/1/6/1/0/37","263"
"2026-08-14T07:46:23.425Z","IN","m360/DF/0000/out/2/1/1/0/37","109"
"2026-08-14T07:46:23.426Z","IN","m360/DF/0000/out/2/1/1/0/37","109"
"2026-08-14T07:46:23.534Z","IN","m360/DF/0000/out/2/2/1/0/37","391"
"2026-08-14T07:46:23.534Z","IN","m360/DF/0000/out/2/2/1/0/37","391"
"2026-08-14T07:46:23.535Z","IN","m360/DF/0000/out/2/4/1/0/37","1023"
"2026-08-14T07:46:23.535Z","IN","m360/DF/0000/out/2/4/1/0/37","1023"
"2026-08-14T07:46:23.898Z","IN","m360/DF/0000/out/2/5/1/0/37","605"
"2026-08-14T07:46:23.898Z","IN","m360/DF/0000/out/2/5/1/0/37","605"
"2026-08-14T07:46:23.953Z","IN","m360/DF/0000/out/2/6/1/0/37","366"
"2026-08-14T07:46:23.954Z","IN","m360/DF/0000/out/2/6/1/0/37","366"
"2026-08-14T07:46:26.253Z","IN","m360/DF/0000/out","{""nodeId"":0,""sensorId"":255,""command"":3,""ack"":0,""type"":22,""payload"":"""",""timestamp"":37141,""description"":""heartbeat"",""event"":""heartbeat"",""uptime"":37141,""rssi"":-63,""wifiRssi"":-63,""batteryLevel"":100,""ip"":""192.168.1.2"",""version"":""2.0"",""source"":""gateway""}"
"2026-08-14T07:46:26.254Z","IN","m360/DF/0000/out","{""nodeId"":0,""sensorId"":255,""command"":3,""ack"":0,""type"":22,""payload"":"""",""timestamp"":37141,""description"":""heartbeat"",""event"":""heartbeat"",""uptime"":37141,""rssi"":-63,""wifiRssi"":-63,""batteryLevel"":100,""ip"":""192.168.1.2"",""version"":""2.0"",""source"":""gateway""}"
"2026-08-14T07:46:26.273Z","IN","m360/DF/0000/gateway/status","{""timestamp"":37141,""isConnected"":true,""connectionTime"":37133,""reconnectCount"":0,""lastErrorCode"":0,""uptime"":37141,""source"":""gateway"",""type"":""mqtt_metrics""}"
"2026-08-14T07:46:46.663Z","IN","m360/DF/0000/out/1/1/1/0/37","346"
"2026-08-14T07:46:46.664Z","IN","m360/DF/0000/out/1/1/1/0/37","346"
"2026-08-14T07:46:46.785Z","IN","m360/DF/0000/out/1/2/1/0/37","331"
"2026-08-14T07:46:46.790Z","IN","m360/DF/0000/out/1/2/1/0/37","331"
"2026-08-14T07:46:46.818Z","IN","m360/DF/0000/out/1/3/1/0/37","133"
"2026-08-14T07:46:46.819Z","IN","m360/DF/0000/out/1/3/1/0/37","133"
"2026-08-14T07:46:46.822Z","IN","m360/DF/0000/out/1/4/1/0/37","429"
"2026-08-14T07:46:46.822Z","IN","m360/DF/0000/out/1/4/1/0/37","429"
"2026-08-14T07:46:47.123Z","IN","m360/DF/0000/out/1/5/1/0/37","342"
"2026-08-14T07:46:47.123Z","IN","m360/DF/0000/out/1/5/1/0/37","342"
"2026-08-14T07:46:47.123Z","IN","m360/DF/0000/out/1/6/1/0/37","260"
"2026-08-14T07:46:47.123Z","IN","m360/DF/0000/out/1/6/1/0/37","260"
"2026-08-14T07:47:04.181Z","IN","m360/DF/0000/out/events","{""event"":""node_reconnected"",""nodeId"":99,""timestamp"":37179,""rssi"":-63,""details"":""Node back online or discovered""}"
"2026-08-14T07:47:04.182Z","IN","m360/DF/0000/out/events","{""event"":""node_reconnected"",""nodeId"":99,""timestamp"":37179,""rssi"":-63,""details"":""Node back online or discovered""}"
"2026-08-14T07:47:04.243Z","IN","m360/DF/0000/out/99/21/1/0/24","0"
"2026-08-14T07:47:04.243Z","IN","m360/DF/0000/out/99/21/1/0/24","0"
"2026-08-14T07:47:23.426Z","IN","m360/DF/0000/out/2/1/1/0/37","117"
"2026-08-14T07:47:23.426Z","IN","m360/DF/0000/out/2/1/1/0/37","117"
"2026-08-14T07:47:23.539Z","IN","m360/DF/0000/out/2/2/1/0/37","424"
"2026-08-14T07:47:23.539Z","IN","m360/DF/0000/out/2/2/1/0/37","424"
"2026-08-14T07:47:23.547Z","IN","m360/DF/0000/out/2/3/1/0/37","1020"
"2026-08-14T07:47:23.547Z","IN","m360/DF/0000/out/2/3/1/0/37","1020"
"2026-08-14T07:47:23.871Z","IN","m360/DF/0000/out/2/4/1/0/37","1020"
"2026-08-14T07:47:23.871Z","IN","m360/DF/0000/out/2/4/1/0/37","1020"
"2026-08-14T07:47:23.871Z","IN","m360/DF/0000/out/2/5/1/0/37","710"
"2026-08-14T07:47:23.871Z","IN","m360/DF/0000/out/2/5/1/0/37","710"
"2026-08-14T07:47:23.936Z","IN","m360/DF/0000/out/2/6/1/0/37","379"
"2026-08-14T07:47:23.936Z","IN","m360/DF/0000/out/2/6/1/0/37","379"
"2026-08-14T07:47:26.256Z","IN","m360/DF/0000/out","{""nodeId"":0,""sensorId"":255,""command"":3,""ack"":0,""type"":22,""payload"":"""",""timestamp"":37201,""description"":""heartbeat"",""event"":""heartbeat"",""uptime"":37201,""rssi"":-63,""wifiRssi"":-63,""batteryLevel"":100,""ip"":""192.168.1.2"",""version"":""2.0"",""source"":""gateway""}"
"2026-08-14T07:47:26.256Z","IN","m360/DF/0000/out","{""nodeId"":0,""sensorId"":255,""command"":3,""ack"":0,""type"":22,""payload"":"""",""timestamp"":37201,""description"":""heartbeat"",""event"":""heartbeat"",""uptime"":37201,""rssi"":-63,""wifiRssi"":-63,""batteryLevel"":100,""ip"":""192.168.1.2"",""version"":""2.0"",""source"":""gateway""}"
"2026-08-14T07:47:26.273Z","IN","m360/DF/0000/gateway/status","{""timestamp"":37201,""isConnected"":true,""connectionTime"":37193,""reconnectCount"":0,""lastErrorCode"":0,""uptime"":37201,""source"":""gateway"",""type"":""mqtt_metrics""}"
"2026-08-14T07:47:46.741Z","IN","m360/DF/0000/out/1/1/1/0/37","351"
"2026-08-14T07:47:46.742Z","IN","m360/DF/0000/out/1/1/1/0/37","351"
"2026-08-14T07:47:46.856Z","IN","m360/DF/0000/out/1/2/1/0/37","333"
"2026-08-14T07:47:46.857Z","IN","m360/DF/0000/out/1/2/1/0/37","333"
"2026-08-14T07:47:46.863Z","IN","m360/DF/0000/out/1/3/1/0/37","129"
"2026-08-14T07:47:46.864Z","IN","m360/DF/0000/out/1/3/1/0/37","129"
"2026-08-14T07:47:47.294Z","IN","m360/DF/0000/out/1/4/1/0/37","431"
"2026-08-14T07:47:47.295Z","IN","m360/DF/0000/out/1/4/1/0/37","431"
"2026-08-14T07:47:47.295Z","IN","m360/DF/0000/out/1/5/1/0/37","347"
"2026-08-14T07:47:47.295Z","IN","m360/DF/0000/out/1/5/1/0/37","347"
"2026-08-14T07:47:47.295Z","IN","m360/DF/0000/out/1/6/1/0/37","266"
"2026-08-14T07:47:47.295Z","IN","m360/DF/0000/out/1/6/1/0/37","266"
"2026-08-14T07:48:23.427Z","IN","m360/DF/0000/out/2/1/1/0/37","115"
"2026-08-14T07:48:23.427Z","IN","m360/DF/0000/out/2/1/1/0/37","115"
"2026-08-14T07:48:23.535Z","IN","m360/DF/0000/out/2/2/1/0/37","428"
"2026-08-14T07:48:23.536Z","IN","m360/DF/0000/out/2/2/1/0/37","428"
"2026-08-14T07:48:23.538Z","IN","m360/DF/0000/out/2/3/1/0/37","1023"
"2026-08-14T07:48:23.538Z","IN","m360/DF/0000/out/2/3/1/0/37","1023"
"2026-08-14T07:48:23.850Z","IN","m360/DF/0000/out/2/5/1/0/37","621"
"2026-08-14T07:48:23.850Z","IN","m360/DF/0000/out/2/5/1/0/37","621"
"2026-08-14T07:48:23.850Z","IN","m360/DF/0000/out/2/6/1/0/37","446"
"2026-08-14T07:48:23.850Z","IN","m360/DF/0000/out/2/6/1/0/37","446"
"2026-08-14T07:48:26.260Z","IN","m360/DF/0000/out","{""nodeId"":0,""sensorId"":255,""command"":3,""ack"":0,""type"":22,""payload"":"""",""timestamp"":37261,""description"":""heartbeat"",""event"":""heartbeat"",""uptime"":37261,""rssi"":-64,""wifiRssi"":-64,""batteryLevel"":100,""ip"":""192.168.1.2"",""version"":""2.0"",""source"":""gateway""}"
"2026-08-14T07:48:26.261Z","IN","m360/DF/0000/out","{""nodeId"":0,""sensorId"":255,""command"":3,""ack"":0,""type"":22,""payload"":"""",""timestamp"":37261,""description"":""heartbeat"",""event"":""heartbeat"",""uptime"":37261,""rssi"":-64,""wifiRssi"":-64,""batteryLevel"":100,""ip"":""192.168.1.2"",""version"":""2.0"",""source"":""gateway""}"
"2026-08-14T07:48:26.277Z","IN","m360/DF/0000/gateway/status","{""timestamp"":37261,""isConnected"":true,""connectionTime"":37253,""reconnectCount"":0,""lastErrorCode"":0,""uptime"":37261,""source"":""gateway"",""type"":""mqtt_metrics""}"
"2026-08-14T07:48:46.793Z","IN","m360/DF/0000/out/1/1/1/0/37","353"
"2026-08-14T07:48:46.794Z","IN","m360/DF/0000/out/1/1/1/0/37","353"
"2026-08-14T07:48:46.879Z","IN","m360/DF/0000/out/1/2/1/0/37","334"
"2026-08-14T07:48:46.879Z","IN","m360/DF/0000/out/1/2/1/0/37","334"
"2026-08-14T07:48:46.880Z","IN","m360/DF/0000/out/1/3/1/0/37","117"
"2026-08-14T07:48:46.880Z","IN","m360/DF/0000/out/1/3/1/0/37","117"
"2026-08-14T07:48:47.191Z","IN","m360/DF/0000/out/1/4/1/0/37","434"
"2026-08-14T07:48:47.191Z","IN","m360/DF/0000/out/1/4/1/0/37","434"
"2026-08-14T07:48:47.251Z","IN","m360/DF/0000/out/1/5/1/0/37","350"
"2026-08-14T07:48:47.251Z","IN","m360/DF/0000/out/1/5/1/0/37","350"
"2026-08-14T07:48:47.251Z","IN","m360/DF/0000/out/1/6/1/0/37","261"
"2026-08-14T07:48:47.252Z","IN","m360/DF/0000/out/1/6/1/0/37","261"
"2026-08-14T07:49:23.411Z","IN","m360/DF/0000/out/2/1/1/0/37","117"
"2026-08-14T07:49:23.411Z","IN","m360/DF/0000/out/2/1/1/0/37","117"
"2026-08-14T07:49:23.499Z","IN","m360/DF/0000/out/2/2/1/0/37","435"
"2026-08-14T07:49:23.499Z","IN","m360/DF/0000/out/2/2/1/0/37","435"
"2026-08-14T07:49:23.936Z","IN","m360/DF/0000/out/2/3/1/0/37","1018"
"2026-08-14T07:49:23.936Z","IN","m360/DF/0000/out/2/3/1/0/37","1018"
"2026-08-14T07:49:23.946Z","IN","m360/DF/0000/out/2/5/1/0/37","627"
"2026-08-14T07:49:23.947Z","IN","m360/DF/0000/out/2/5/1/0/37","627"
"2026-08-14T07:49:23.947Z","IN","m360/DF/0000/out/2/6/1/0/37","385"
"2026-08-14T07:49:23.947Z","IN","m360/DF/0000/out/2/6/1/0/37","385"
"2026-08-14T07:49:26.271Z","IN","m360/DF/0000/out","{""nodeId"":0,""sensorId"":255,""command"":3,""ack"":0,""type"":22,""payload"":"""",""timestamp"":37321,""description"":""heartbeat"",""event"":""heartbeat"",""uptime"":37321,""rssi"":-65,""wifiRssi"":-65,""batteryLevel"":100,""ip"":""192.168.1.2"",""version"":""2.0"",""source"":""gateway""}"
"2026-08-14T07:49:26.271Z","IN","m360/DF/0000/out","{""nodeId"":0,""sensorId"":255,""command"":3,""ack"":0,""type"":22,""payload"":"""",""timestamp"":37321,""description"":""heartbeat"",""event"":""heartbeat"",""uptime"":37321,""rssi"":-65,""wifiRssi"":-65,""batteryLevel"":100,""ip"":""192.168.1.2"",""version"":""2.0"",""source"":""gateway""}"
"2026-08-14T07:49:26.286Z","IN","m360/DF/0000/gateway/status","{""timestamp"":37321,""isConnected"":true,""connectionTime"":37313,""reconnectCount"":0,""lastErrorCode"":0,""uptime"":37321,""source"":""gateway"",""type"":""mqtt_metrics""}"
"2026-08-14T07:49:46.877Z","IN","m360/DF/0000/out/1/1/1/0/37","348"
"2026-08-14T07:49:46.879Z","IN","m360/DF/0000/out/1/1/1/0/37","348"
"2026-08-14T07:49:47.153Z","IN","m360/DF/0000/out/1/2/1/0/37","337"
"2026-08-14T07:49:47.153Z","IN","m360/DF/0000/out/1/2/1/0/37","337"
"2026-08-14T07:49:47.155Z","IN","m360/DF/0000/out/1/3/1/0/37","128"
"2026-08-14T07:49:47.155Z","IN","m360/DF/0000/out/1/3/1/0/37","128"
"2026-08-14T07:49:47.155Z","IN","m360/DF/0000/out/1/4/1/0/37","443"
"2026-08-14T07:49:47.155Z","IN","m360/DF/0000/out/1/4/1/0/37","443"
"2026-08-14T07:49:47.155Z","IN","m360/DF/0000/out/1/5/1/0/37","355"
"2026-08-14T07:49:47.155Z","IN","m360/DF/0000/out/1/5/1/0/37","355"
"2026-08-14T07:49:47.155Z","IN","m360/DF/0000/out/1/6/1/0/37","270"
"2026-08-14T07:49:47.155Z","IN","m360/DF/0000/out/1/6/1/0/37","270"
"2026-08-14T07:50:23.428Z","IN","m360/DF/0000/out/2/1/1/0/37","116"
"2026-08-14T07:50:23.429Z","IN","m360/DF/0000/out/2/1/1/0/37","116"
"2026-08-14T07:50:23.521Z","IN","m360/DF/0000/out/2/2/1/0/37","434"
"2026-08-14T07:50:23.521Z","IN","m360/DF/0000/out/2/2/1/0/37","434"
"2026-08-14T07:50:23.749Z","IN","m360/DF/0000/out/2/3/1/0/37","1010"
"2026-08-14T07:50:23.749Z","IN","m360/DF/0000/out/2/3/1/0/37","1010"
"2026-08-14T07:50:23.751Z","IN","m360/DF/0000/out/2/5/1/0/37","640"
"2026-08-14T07:50:23.751Z","IN","m360/DF/0000/out/2/5/1/0/37","640"
"2026-08-14T07:50:23.751Z","IN","m360/DF/0000/out/2/6/1/0/37","393"
"2026-08-14T07:50:23.751Z","IN","m360/DF/0000/out/2/6/1/0/37","393"
"2026-08-14T07:50:26.278Z","IN","m360/DF/0000/out","{""nodeId"":0,""sensorId"":255,""command"":3,""ack"":0,""type"":22,""payload"":"""",""timestamp"":37381,""description"":""heartbeat"",""event"":""heartbeat"",""uptime"":37381,""rssi"":-63,""wifiRssi"":-63,""batteryLevel"":100,""ip"":""192.168.1.2"",""version"":""2.0"",""source"":""gateway""}"
"2026-08-14T07:50:26.278Z","IN","m360/DF/0000/out","{""nodeId"":0,""sensorId"":255,""command"":3,""ack"":0,""type"":22,""payload"":"""",""timestamp"":37381,""description"":""heartbeat"",""event"":""heartbeat"",""uptime"":37381,""rssi"":-63,""wifiRssi"":-63,""batteryLevel"":100,""ip"":""192.168.1.2"",""version"":""2.0"",""source"":""gateway""}"
"2026-08-14T07:50:26.287Z","IN","m360/DF/0000/gateway/status","{""timestamp"":37381,""isConnected"":true,""connectionTime"":37373,""reconnectCount"":0,""lastErrorCode"":0,""uptime"":37381,""source"":""gateway"",""type"":""mqtt_metrics""}"
"2026-08-14T07:51:03.917Z","IN","m360/DF/0000/out/99/11/1/0/0","14"
"2026-08-14T07:51:03.920Z","IN","m360/DF/0000/out/99/11/1/0/0","14"
"2026-08-14T07:51:03.973Z","IN","m360/DF/0000/out/99/12/1/0/1","21"
"2026-08-14T07:51:03.973Z","IN","m360/DF/0000/out/99/12/1/0/1","21"
"2026-08-14T07:51:23.410Z","IN","m360/DF/0000/out/2/1/1/0/37","132"
"2026-08-14T07:51:23.411Z","IN","m360/DF/0000/out/2/1/1/0/37","132"
"2026-08-14T07:51:23.648Z","IN","m360/DF/0000/out/2/2/1/0/37","428"
"2026-08-14T07:51:23.648Z","IN","m360/DF/0000/out/2/2/1/0/37","428"
"2026-08-14T07:51:23.651Z","IN","m360/DF/0000/out/2/3/1/0/37","1020"
"2026-08-14T07:51:23.651Z","IN","m360/DF/0000/out/2/3/1/0/37","1020"
"2026-08-14T07:51:23.651Z","IN","m360/DF/0000/out/2/5/1/0/37","620"
"2026-08-14T07:51:23.651Z","IN","m360/DF/0000/out/2/5/1/0/37","620"
"2026-08-14T07:51:23.651Z","IN","m360/DF/0000/out/2/6/1/0/37","377"
"2026-08-14T07:51:23.651Z","IN","m360/DF/0000/out/2/6/1/0/37","377"
"2026-08-14T07:51:26.274Z","IN","m360/DF/0000/out","{""nodeId"":0,""sensorId"":255,""command"":3,""ack"":0,""type"":22,""payload"":"""",""timestamp"":37441,""description"":""heartbeat"",""event"":""heartbeat"",""uptime"":37441,""rssi"":-63,""wifiRssi"":-63,""batteryLevel"":100,""ip"":""192.168.1.2"",""version"":""2.0"",""source"":""gateway""}"
"2026-08-14T07:51:26.274Z","IN","m360/DF/0000/out","{""nodeId"":0,""sensorId"":255,""command"":3,""ack"":0,""type"":22,""payload"":"""",""timestamp"":37441,""description"":""heartbeat"",""event"":""heartbeat"",""uptime"":37441,""rssi"":-63,""wifiRssi"":-63,""batteryLevel"":100,""ip"":""192.168.1.2"",""version"":""2.0"",""source"":""gateway""}"
"2026-08-14T07:51:26.291Z","IN","m360/DF/0000/gateway/status","{""timestamp"":37441,""isConnected"":true,""connectionTime"":37433,""reconnectCount"":0,""lastErrorCode"":0,""uptime"":37441,""source"":""gateway"",""type"":""mqtt_metrics""}"
"2026-08-14T07:52:23.425Z","IN","m360/DF/0000/out/2/1/1/0/37","119"
"2026-08-14T07:52:23.425Z","IN","m360/DF/0000/out/2/1/1/0/37","119"
"2026-08-14T07:52:23.521Z","IN","m360/DF/0000/out/2/2/1/0/37","431"
"2026-08-14T07:52:23.522Z","IN","m360/DF/0000/out/2/2/1/0/37","431"
"2026-08-14T07:52:23.839Z","IN","m360/DF/0000/out/2/3/1/0/37","1019"
"2026-08-14T07:52:23.839Z","IN","m360/DF/0000/out/2/3/1/0/37","1019"
"2026-08-14T07:52:23.840Z","IN","m360/DF/0000/out/2/5/1/0/37","621"
"2026-08-14T07:52:23.840Z","IN","m360/DF/0000/out/2/5/1/0/37","621"
"2026-08-14T07:52:23.840Z","IN","m360/DF/0000/out/2/6/1/0/37","371"
"2026-08-14T07:52:23.840Z","IN","m360/DF/0000/out/2/6/1/0/37","371"
"2026-08-14T07:52:26.279Z","IN","m360/DF/0000/out","{""nodeId"":0,""sensorId"":255,""command"":3,""ack"":0,""type"":22,""payload"":"""",""timestamp"":37501,""description"":""heartbeat"",""event"":""heartbeat"",""uptime"":37501,""rssi"":-62,""wifiRssi"":-62,""batteryLevel"":100,""ip"":""192.168.1.2"",""version"":""2.0"",""source"":""gateway""}"
"2026-08-14T07:52:26.279Z","IN","m360/DF/0000/out","{""nodeId"":0,""sensorId"":255,""command"":3,""ack"":0,""type"":22,""payload"":"""",""timestamp"":37501,""description"":""heartbeat"",""event"":""heartbeat"",""uptime"":37501,""rssi"":-62,""wifiRssi"":-62,""batteryLevel"":100,""ip"":""192.168.1.2"",""version"":""2.0"",""source"":""gateway""}"
"2026-08-14T07:52:26.297Z","IN","m360/DF/0000/gateway/status","{""timestamp"":37501,""isConnected"":true,""connectionTime"":37493,""reconnectCount"":0,""lastErrorCode"":0,""uptime"":37501,""source"":""gateway"",""type"":""mqtt_metrics""}"
"2026-08-14T07:53:23.418Z","IN","m360/DF/0000/out/2/1/1/0/37","116"
"2026-08-14T07:53:23.419Z","IN","m360/DF/0000/out/2/1/1/0/37","116"
"2026-08-14T07:53:23.500Z","IN","m360/DF/0000/out/2/2/1/0/37","425"
"2026-08-14T07:53:23.500Z","IN","m360/DF/0000/out/2/2/1/0/37","425"
"2026-08-14T07:53:23.733Z","IN","m360/DF/0000/out/2/3/1/0/37","1021"
"2026-08-14T07:53:23.733Z","IN","m360/DF/0000/out/2/3/1/0/37","1021"
"2026-08-14T07:53:23.769Z","IN","m360/DF/0000/out/2/5/1/0/37","619"
"2026-08-14T07:53:23.769Z","IN","m360/DF/0000/out/2/5/1/0/37","619"
"2026-08-14T07:53:23.769Z","IN","m360/DF/0000/out/2/6/1/0/37","391"
"2026-08-14T07:53:23.770Z","IN","m360/DF/0000/out/2/6/1/0/37","391"
"2026-08-14T07:53:26.286Z","IN","m360/DF/0000/out","{""nodeId"":0,""sensorId"":255,""command"":3,""ack"":0,""type"":22,""payload"":"""",""timestamp"":37561,""description"":""heartbeat"",""event"":""heartbeat"",""uptime"":37561,""rssi"":-63,""wifiRssi"":-63,""batteryLevel"":100,""ip"":""192.168.1.2"",""version"":""2.0"",""source"":""gateway""}"
"2026-08-14T07:53:26.286Z","IN","m360/DF/0000/out","{""nodeId"":0,""sensorId"":255,""command"":3,""ack"":0,""type"":22,""payload"":"""",""timestamp"":37561,""description"":""heartbeat"",""event"":""heartbeat"",""uptime"":37561,""rssi"":-63,""wifiRssi"":-63,""batteryLevel"":100,""ip"":""192.168.1.2"",""version"":""2.0"",""source"":""gateway""}"
"2026-08-14T07:53:26.301Z","IN","m360/DF/0000/gateway/status","{""timestamp"":37561,""isConnected"":true,""connectionTime"":37553,""reconnectCount"":0,""lastErrorCode"":0,""uptime"":37561,""source"":""gateway"",""type"":""mqtt_metrics""}"
"2026-08-14T07:54:23.436Z","IN","m360/DF/0000/out/2/1/1/0/37","117"
"2026-08-14T07:54:23.436Z","IN","m360/DF/0000/out/2/1/1/0/37","117"
"2026-08-14T07:54:23.532Z","IN","m360/DF/0000/out/2/2/1/0/37","417"
"2026-08-14T07:54:23.532Z","IN","m360/DF/0000/out/2/2/1/0/37","417"
"2026-08-14T07:54:23.765Z","IN","m360/DF/0000/out/2/3/1/0/37","1019"
"2026-08-14T07:54:23.765Z","IN","m360/DF/0000/out/2/3/1/0/37","1019"
"2026-08-14T07:54:23.765Z","IN","m360/DF/0000/out/2/5/1/0/37","628"
"2026-08-14T07:54:23.765Z","IN","m360/DF/0000/out/2/5/1/0/37","628"
"2026-08-14T07:54:23.765Z","IN","m360/DF/0000/out/2/6/1/0/37","390"
"2026-08-14T07:54:23.765Z","IN","m360/DF/0000/out/2/6/1/0/37","390"
"2026-08-14T07:54:26.291Z","IN","m360/DF/0000/out","{""nodeId"":0,""sensorId"":255,""command"":3,""ack"":0,""type"":22,""payload"":"""",""timestamp"":37621,""description"":""heartbeat"",""event"":""heartbeat"",""uptime"":37621,""rssi"":-63,""wifiRssi"":-63,""batteryLevel"":100,""ip"":""192.168.1.2"",""version"":""2.0"",""source"":""gateway""}"
"2026-08-14T07:54:26.291Z","IN","m360/DF/0000/out","{""nodeId"":0,""sensorId"":255,""command"":3,""ack"":0,""type"":22,""payload"":"""",""timestamp"":37621,""description"":""heartbeat"",""event"":""heartbeat"",""uptime"":37621,""rssi"":-63,""wifiRssi"":-63,""batteryLevel"":100,""ip"":""192.168.1.2"",""version"":""2.0"",""source"":""gateway""}"
"2026-08-14T07:54:26.306Z","IN","m360/DF/0000/gateway/status","{""timestamp"":37621,""isConnected"":true,""connectionTime"":37613,""reconnectCount"":0,""lastErrorCode"":0,""uptime"":37621,""source"":""gateway"",""type"":""mqtt_metrics""}"
"2026-08-14T07:55:23.433Z","IN","m360/DF/0000/out/2/1/1/0/37","116"
"2026-08-14T07:55:23.434Z","IN","m360/DF/0000/out/2/1/1/0/37","116"
"2026-08-14T07:55:23.543Z","IN","m360/DF/0000/out/2/2/1/0/37","432"
"2026-08-14T07:55:23.544Z","IN","m360/DF/0000/out/2/2/1/0/37","432"
"2026-08-14T07:55:23.546Z","IN","m360/DF/0000/out/2/3/1/0/37","1020"
"2026-08-14T07:55:23.548Z","IN","m360/DF/0000/out/2/3/1/0/37","1020"
"2026-08-14T07:55:23.888Z","IN","m360/DF/0000/out/2/5/1/0/37","644"
"2026-08-14T07:55:23.888Z","IN","m360/DF/0000/out/2/5/1/0/37","644"
"2026-08-14T07:55:23.888Z","IN","m360/DF/0000/out/2/6/1/0/37","396"
"2026-08-14T07:55:23.888Z","IN","m360/DF/0000/out/2/6/1/0/37","396"
"2026-08-14T07:55:26.298Z","IN","m360/DF/0000/out/events","{""event"":""node_lost"",""nodeId"":1,""timestamp"":37681,""rssi"":-63,""details"":""Inactivity detected: timeout 300 s""}"
"2026-08-14T07:55:26.298Z","IN","m360/DF/0000/out/events","{""event"":""node_lost"",""nodeId"":1,""timestamp"":37681,""rssi"":-63,""details"":""Inactivity detected: timeout 300 s""}"
"2026-08-14T07:55:26.317Z","IN","m360/DF/0000/out","{""nodeId"":0,""sensorId"":255,""command"":3,""ack"":0,""type"":22,""payload"":"""",""timestamp"":37681,""description"":""heartbeat"",""event"":""heartbeat"",""uptime"":37681,""rssi"":-63,""wifiRssi"":-63,""batteryLevel"":100,""ip"":""192.168.1.2"",""version"":""2.0"",""source"":""gateway""}"
"2026-08-14T07:55:26.317Z","IN","m360/DF/0000/out","{""nodeId"":0,""sensorId"":255,""command"":3,""ack"":0,""type"":22,""payload"":"""",""timestamp"":37681,""description"":""heartbeat"",""event"":""heartbeat"",""uptime"":37681,""rssi"":-63,""wifiRssi"":-63,""batteryLevel"":100,""ip"":""192.168.1.2"",""version"":""2.0"",""source"":""gateway""}"
"2026-08-14T07:55:26.317Z","IN","m360/DF/0000/gateway/status","{""timestamp"":37681,""isConnected"":true,""connectionTime"":37673,""reconnectCount"":0,""lastErrorCode"":0,""uptime"":37681,""source"":""gateway"",""type"":""mqtt_metrics""}"
"2026-08-14T07:56:23.445Z","IN","m360/DF/0000/out/2/1/1/0/37","110"
"2026-08-14T07:56:23.445Z","IN","m360/DF/0000/out/2/1/1/0/37","110"
"2026-08-14T07:56:23.531Z","IN","m360/DF/0000/out/2/2/1/0/37","423"
"2026-08-14T07:56:23.532Z","IN","m360/DF/0000/out/2/2/1/0/37","423"
"2026-08-14T07:56:23.533Z","IN","m360/DF/0000/out/2/3/1/0/37","1019"
"2026-08-14T07:56:23.533Z","IN","m360/DF/0000/out/2/3/1/0/37","1019"
"2026-08-14T07:56:23.923Z","IN","m360/DF/0000/out/2/5/1/0/37","617"
"2026-08-14T07:56:23.923Z","IN","m360/DF/0000/out/2/5/1/0/37","617"
"2026-08-14T07:56:23.923Z","IN","m360/DF/0000/out/2/6/1/0/37","388"
"2026-08-14T07:56:23.923Z","IN","m360/DF/0000/out/2/6/1/0/37","388"
"2026-08-14T07:56:26.304Z","IN","m360/DF/0000/out/events","{""event"":""node_lost"",""nodeId"":99,""timestamp"":37741,""rssi"":-63,""details"":""Inactivity detected: timeout 300 s""}"
"2026-08-14T07:56:26.305Z","IN","m360/DF/0000/out/events","{""event"":""node_lost"",""nodeId"":99,""timestamp"":37741,""rssi"":-63,""details"":""Inactivity detected: timeout 300 s""}"
"2026-08-14T07:56:26.329Z","IN","m360/DF/0000/out","{""nodeId"":0,""sensorId"":255,""command"":3,""ack"":0,""type"":22,""payload"":"""",""timestamp"":37741,""description"":""heartbeat"",""event"":""heartbeat"",""uptime"":37741,""rssi"":-63,""wifiRssi"":-63,""batteryLevel"":100,""ip"":""192.168.1.2"",""version"":""2.0"",""source"":""gateway""}"
"2026-08-14T07:56:26.331Z","IN","m360/DF/0000/out","{""nodeId"":0,""sensorId"":255,""command"":3,""ack"":0,""type"":22,""payload"":"""",""timestamp"":37741,""description"":""heartbeat"",""event"":""heartbeat"",""uptime"":37741,""rssi"":-63,""wifiRssi"":-63,""batteryLevel"":100,""ip"":""192.168.1.2"",""version"":""2.0"",""source"":""gateway""}"
"2026-08-14T07:56:26.331Z","IN","m360/DF/0000/gateway/status","{""timestamp"":37741,""isConnected"":true,""connectionTime"":37733,""reconnectCount"":0,""lastErrorCode"":0,""uptime"":37741,""source"":""gateway"",""type"":""mqtt_metrics""}"
"2026-08-14T07:57:23.475Z","IN","m360/DF/0000/out/2/1/1/0/37","114"
"2026-08-14T07:57:23.475Z","IN","m360/DF/0000/out/2/1/1/0/37","114"
"2026-08-14T07:57:23.577Z","IN","m360/DF/0000/out/2/2/1/0/37","427"
"2026-08-14T07:57:23.577Z","IN","m360/DF/0000/out/2/2/1/0/37","427"
"2026-08-14T07:57:23.577Z","IN","m360/DF/0000/out/2/3/1/0/37","1020"
"2026-08-14T07:57:23.578Z","IN","m360/DF/0000/out/2/3/1/0/37","1020"
"2026-08-14T07:57:23.967Z","IN","m360/DF/0000/out/2/4/1/0/37","1019"
"2026-08-14T07:57:23.967Z","IN","m360/DF/0000/out/2/4/1/0/37","1019"
"2026-08-14T07:57:23.967Z","IN","m360/DF/0000/out/2/5/1/0/37","635"
"2026-08-14T07:57:23.967Z","IN","m360/DF/0000/out/2/5/1/0/37","635"
"2026-08-14T07:57:23.967Z","IN","m360/DF/0000/out/2/6/1/0/37","403"
"2026-08-14T07:57:23.967Z","IN","m360/DF/0000/out/2/6/1/0/37","403"
"2026-08-14T07:57:26.302Z","IN","m360/DF/0000/out","{""nodeId"":0,""sensorId"":255,""command"":3,""ack"":0,""type"":22,""payload"":"""",""timestamp"":37801,""description"":""heartbeat"",""event"":""heartbeat"",""uptime"":37801,""rssi"":-63,""wifiRssi"":-63,""batteryLevel"":100,""ip"":""192.168.1.2"",""version"":""2.0"",""source"":""gateway""}"
"2026-08-14T07:57:26.302Z","IN","m360/DF/0000/out","{""nodeId"":0,""sensorId"":255,""command"":3,""ack"":0,""type"":22,""payload"":"""",""timestamp"":37801,""description"":""heartbeat"",""event"":""heartbeat"",""uptime"":37801,""rssi"":-63,""wifiRssi"":-63,""batteryLevel"":100,""ip"":""192.168.1.2"",""version"":""2.0"",""source"":""gateway""}"
"2026-08-14T07:57:26.319Z","IN","m360/DF/0000/gateway/status","{""timestamp"":37801,""isConnected"":true,""connectionTime"":37793,""reconnectCount"":0,""lastErrorCode"":0,""uptime"":37801,""source"":""gateway"",""type"":""mqtt_metrics""}"
"2026-08-14T07:58:03.527Z","IN","m360/DF/0000/out/events","{""event"":""node_reconnected"",""nodeId"":99,""timestamp"":37838,""rssi"":-63,""details"":""Node back online or discovered""}"
"2026-08-14T07:58:03.527Z","IN","m360/DF/0000/out/events","{""event"":""node_reconnected"",""nodeId"":99,""timestamp"":37838,""rssi"":-63,""details"":""Node back online or discovered""}"
"2026-08-14T07:58:03.593Z","IN","m360/DF/0000/out/99/21/1/0/24","0"
"2026-08-14T07:58:03.593Z","IN","m360/DF/0000/out/99/21/1/0/24","0"
"2026-08-14T07:58:23.467Z","IN","m360/DF/0000/out/2/1/1/0/37","119"
"2026-08-14T07:58:23.467Z","IN","m360/DF/0000/out/2/1/1/0/37","119"
"2026-08-14T07:58:23.567Z","IN","m360/DF/0000/out/2/2/1/0/37","430"
"2026-08-14T07:58:23.568Z","IN","m360/DF/0000/out/2/2/1/0/37","430"
"2026-08-14T07:58:23.875Z","IN","m360/DF/0000/out/2/4/1/0/37","1020"
"2026-08-14T07:58:23.875Z","IN","m360/DF/0000/out/2/4/1/0/37","1020"
"2026-08-14T07:58:23.875Z","IN","m360/DF/0000/out/2/5/1/0/37","643"
"2026-08-14T07:58:23.875Z","IN","m360/DF/0000/out/2/5/1/0/37","643"
"2026-08-14T07:58:23.875Z","IN","m360/DF/0000/out/2/6/1/0/37","394"
"2026-08-14T07:58:23.875Z","IN","m360/DF/0000/out/2/6/1/0/37","394"
"2026-08-14T07:58:26.307Z","IN","m360/DF/0000/out","{""nodeId"":0,""sensorId"":255,""command"":3,""ack"":0,""type"":22,""payload"":"""",""timestamp"":37861,""description"":""heartbeat"",""event"":""heartbeat"",""uptime"":37861,""rssi"":-63,""wifiRssi"":-63,""batteryLevel"":100,""ip"":""192.168.1.2"",""version"":""2.0"",""source"":""gateway""}"
"2026-08-14T07:58:26.307Z","IN","m360/DF/0000/out","{""nodeId"":0,""sensorId"":255,""command"":3,""ack"":0,""type"":22,""payload"":"""",""timestamp"":37861,""description"":""heartbeat"",""event"":""heartbeat"",""uptime"":37861,""rssi"":-63,""wifiRssi"":-63,""batteryLevel"":100,""ip"":""192.168.1.2"",""version"":""2.0"",""source"":""gateway""}"
"2026-08-14T07:58:26.324Z","IN","m360/DF/0000/gateway/status","{""timestamp"":37861,""isConnected"":true,""connectionTime"":37853,""reconnectCount"":0,""lastErrorCode"":0,""uptime"":37861,""source"":""gateway"",""type"":""mqtt_metrics""}"
"2026-08-14T07:58:47.408Z","IN","m360/DF/0000/out/events","{""event"":""node_reconnected"",""nodeId"":1,""timestamp"":37882,""rssi"":-63,""details"":""Node back online or discovered""}"
"2026-08-14T07:58:47.409Z","IN","m360/DF/0000/out/events","{""event"":""node_reconnected"",""nodeId"":1,""timestamp"":37882,""rssi"":-63,""details"":""Node back online or discovered""}"
"2026-08-14T07:58:47.473Z","IN","m360/DF/0000/out/1/1/1/0/37","335"
"2026-08-14T07:58:47.473Z","IN","m360/DF/0000/out/1/1/1/0/37","335"
"2026-08-14T07:58:47.474Z","IN","m360/DF/0000/out/1/2/1/0/37","341"
"2026-08-14T07:58:47.474Z","IN","m360/DF/0000/out/1/2/1/0/37","341"
"2026-08-14T07:58:47.852Z","IN","m360/DF/0000/out/1/3/1/0/37","127"
"2026-08-14T07:58:47.852Z","IN","m360/DF/0000/out/1/3/1/0/37","127"
"2026-08-14T07:58:47.852Z","IN","m360/DF/0000/out/1/4/1/0/37","411"
"2026-08-14T07:58:47.852Z","IN","m360/DF/0000/out/1/4/1/0/37","411"
"2026-08-14T07:58:47.948Z","IN","m360/DF/0000/out/1/5/1/0/37","354"
"2026-08-14T07:58:47.948Z","IN","m360/DF/0000/out/1/5/1/0/37","354"
"2026-08-14T07:58:47.949Z","IN","m360/DF/0000/out/1/6/1/0/37","258"
"2026-08-14T07:58:47.949Z","IN","m360/DF/0000/out/1/6/1/0/37","258"
"2026-08-14T07:59:23.446Z","IN","m360/DF/0000/out/2/1/1/0/37","123"
"2026-08-14T07:59:23.446Z","IN","m360/DF/0000/out/2/1/1/0/37","123"
"2026-08-14T07:59:23.550Z","IN","m360/DF/0000/out/2/4/1/0/37","1019"
"2026-08-14T07:59:23.550Z","IN","m360/DF/0000/out/2/4/1/0/37","1019"
"2026-08-14T07:59:23.869Z","IN","m360/DF/0000/out/2/5/1/0/37","626"
"2026-08-14T07:59:23.870Z","IN","m360/DF/0000/out/2/5/1/0/37","626"
"2026-08-14T07:59:23.870Z","IN","m360/DF/0000/out/2/6/1/0/37","403"
"2026-08-14T07:59:23.870Z","IN","m360/DF/0000/out/2/6/1/0/37","403"
"2026-08-14T07:59:26.310Z","IN","m360/DF/0000/out","{""nodeId"":0,""sensorId"":255,""command"":3,""ack"":0,""type"":22,""payload"":"""",""timestamp"":37921,""description"":""heartbeat"",""event"":""heartbeat"",""uptime"":37921,""rssi"":-64,""wifiRssi"":-64,""batteryLevel"":100,""ip"":""192.168.1.2"",""version"":""2.0"",""source"":""gateway""}"
"2026-08-14T07:59:26.311Z","IN","m360/DF/0000/out","{""nodeId"":0,""sensorId"":255,""command"":3,""ack"":0,""type"":22,""payload"":"""",""timestamp"":37921,""description"":""heartbeat"",""event"":""heartbeat"",""uptime"":37921,""rssi"":-64,""wifiRssi"":-64,""batteryLevel"":100,""ip"":""192.168.1.2"",""version"":""2.0"",""source"":""gateway""}"
"2026-08-14T07:59:26.365Z","IN","m360/DF/0000/gateway/status","{""timestamp"":37921,""isConnected"":true,""connectionTime"":37913,""reconnectCount"":0,""lastErrorCode"":0,""uptime"":37921,""source"":""gateway"",""type"":""mqtt_metrics""}"
"2026-08-14T07:59:47.492Z","IN","m360/DF/0000/out/1/1/1/0/37","338"
"2026-08-14T07:59:47.493Z","IN","m360/DF/0000/out/1/1/1/0/37","338"
"2026-08-14T07:59:47.599Z","IN","m360/DF/0000/out/1/2/1/0/37","330"
"2026-08-14T07:59:47.599Z","IN","m360/DF/0000/out/1/2/1/0/37","330"
"2026-08-14T07:59:47.617Z","IN","m360/DF/0000/out/1/3/1/0/37","116"
"2026-08-14T07:59:47.617Z","IN","m360/DF/0000/out/1/3/1/0/37","116"
"2026-08-14T07:59:47.880Z","IN","m360/DF/0000/out/1/4/1/0/37","405"
"2026-08-14T07:59:47.880Z","IN","m360/DF/0000/out/1/4/1/0/37","405"
"2026-08-14T07:59:47.957Z","IN","m360/DF/0000/out/1/5/1/0/37","345"
"2026-08-14T07:59:47.957Z","IN","m360/DF/0000/out/1/5/1/0/37","345"
"2026-08-14T07:59:47.957Z","IN","m360/DF/0000/out/1/6/1/0/37","256"
"2026-08-14T07:59:47.957Z","IN","m360/DF/0000/out/1/6/1/0/37","256"
"2026-08-14T08:00:23.460Z","IN","m360/DF/0000/out/2/1/1/0/37","117"
"2026-08-14T08:00:23.461Z","IN","m360/DF/0000/out/2/1/1/0/37","117"
"2026-08-14T08:00:23.632Z","IN","m360/DF/0000/out/2/2/1/0/37","436"
"2026-08-14T08:00:23.632Z","IN","m360/DF/0000/out/2/2/1/0/37","436"
"2026-08-14T08:00:23.639Z","IN","m360/DF/0000/out/2/3/1/0/37","1017"
"2026-08-14T08:00:23.644Z","IN","m360/DF/0000/out/2/3/1/0/37","1017"
"2026-08-14T08:00:23.644Z","IN","m360/DF/0000/out/2/4/1/0/37","1020"
"2026-08-14T08:00:23.644Z","IN","m360/DF/0000/out/2/4/1/0/37","1020"
"2026-08-14T08:00:24.057Z","IN","m360/DF/0000/out/2/5/1/0/37","627"
"2026-08-14T08:00:24.058Z","IN","m360/DF/0000/out/2/5/1/0/37","627"
"2026-08-14T08:00:24.182Z","IN","m360/DF/0000/out/2/6/1/0/37","400"
"2026-08-14T08:00:24.182Z","IN","m360/DF/0000/out/2/6/1/0/37","400"
"2026-08-14T08:00:26.320Z","IN","m360/DF/0000/out","{""nodeId"":0,""sensorId"":255,""command"":3,""ack"":0,""type"":22,""payload"":"""",""timestamp"":37981,""description"":""heartbeat"",""event"":""heartbeat"",""uptime"":37981,""rssi"":-63,""wifiRssi"":-63,""batteryLevel"":100,""ip"":""192.168.1.2"",""version"":""2.0"",""source"":""gateway""}"
"2026-08-14T08:00:26.321Z","IN","m360/DF/0000/out","{""nodeId"":0,""sensorId"":255,""command"":3,""ack"":0,""type"":22,""payload"":"""",""timestamp"":37981,""description"":""heartbeat"",""event"":""heartbeat"",""uptime"":37981,""rssi"":-63,""wifiRssi"":-63,""batteryLevel"":100,""ip"":""192.168.1.2"",""version"":""2.0"",""source"":""gateway""}"
"2026-08-14T08:00:26.334Z","IN","m360/DF/0000/gateway/status","{""timestamp"":37981,""isConnected"":true,""connectionTime"":37973,""reconnectCount"":0,""lastErrorCode"":0,""uptime"":37981,""source"":""gateway"",""type"":""mqtt_metrics""}"
"2026-08-14T08:00:47.542Z","IN","m360/DF/0000/out/1/1/1/0/37","340"
"2026-08-14T08:00:47.543Z","IN","m360/DF/0000/out/1/1/1/0/37","340"
"2026-08-14T08:00:47.633Z","IN","m360/DF/0000/out/1/2/1/0/37","331"
"2026-08-14T08:00:47.634Z","IN","m360/DF/0000/out/1/2/1/0/37","331"
"2026-08-14T08:00:47.927Z","IN","m360/DF/0000/out/1/3/1/0/37","130"
"2026-08-14T08:00:47.928Z","IN","m360/DF/0000/out/1/3/1/0/37","130"
"2026-08-14T08:00:47.928Z","IN","m360/DF/0000/out/1/4/1/0/37","444"
"2026-08-14T08:00:47.928Z","IN","m360/DF/0000/out/1/4/1/0/37","444"
"2026-08-14T08:00:47.928Z","IN","m360/DF/0000/out/1/5/1/0/37","355"
"2026-08-14T08:00:47.928Z","IN","m360/DF/0000/out/1/5/1/0/37","355"
"2026-08-14T08:00:47.928Z","IN","m360/DF/0000/out/1/6/1/0/37","273"
"2026-08-14T08:00:47.928Z","IN","m360/DF/0000/out/1/6/1/0/37","273"
"2026-08-14T08:01:23.464Z","IN","m360/DF/0000/out/2/1/1/0/37","115"
"2026-08-14T08:01:23.465Z","IN","m360/DF/0000/out/2/1/1/0/37","115"
"2026-08-14T08:01:23.574Z","IN","m360/DF/0000/out/2/2/1/0/37","427"
"2026-08-14T08:01:23.575Z","IN","m360/DF/0000/out/2/2/1/0/37","427"
"2026-08-14T08:01:23.576Z","IN","m360/DF/0000/out/2/3/1/0/37","1020"
"2026-08-14T08:01:23.576Z","IN","m360/DF/0000/out/2/3/1/0/37","1020"
"2026-08-14T08:01:23.993Z","IN","m360/DF/0000/out/2/5/1/0/37","628"
"2026-08-14T08:01:23.993Z","IN","m360/DF/0000/out/2/5/1/0/37","628"
"2026-08-14T08:01:23.993Z","IN","m360/DF/0000/out/2/6/1/0/37","399"
"2026-08-14T08:01:23.993Z","IN","m360/DF/0000/out/2/6/1/0/37","399"
"2026-08-14T08:01:26.601Z","IN","m360/DF/0000/out","{""nodeId"":0,""sensorId"":255,""command"":3,""ack"":0,""type"":22,""payload"":"""",""timestamp"":38041,""description"":""heartbeat"",""event"":""heartbeat"",""uptime"":38041,""rssi"":-63,""wifiRssi"":-63,""batteryLevel"":100,""ip"":""192.168.1.2"",""version"":""2.0"",""source"":""gateway""}"
"2026-08-14T08:01:26.601Z","IN","m360/DF/0000/out","{""nodeId"":0,""sensorId"":255,""command"":3,""ack"":0,""type"":22,""payload"":"""",""timestamp"":38041,""description"":""heartbeat"",""event"":""heartbeat"",""uptime"":38041,""rssi"":-63,""wifiRssi"":-63,""batteryLevel"":100,""ip"":""192.168.1.2"",""version"":""2.0"",""source"":""gateway""}"
"2026-08-14T08:01:26.617Z","IN","m360/DF/0000/gateway/status","{""timestamp"":38041,""isConnected"":true,""connectionTime"":38033,""reconnectCount"":0,""lastErrorCode"":0,""uptime"":38041,""source"":""gateway"",""type"":""mqtt_metrics""}"
"2026-08-14T08:02:03.291Z","IN","m360/DF/0000/out/99/11/1/0/0","14"
"2026-08-14T08:02:03.292Z","IN","m360/DF/0000/out/99/11/1/0/0","14"
"2026-08-14T08:02:03.372Z","IN","m360/DF/0000/out/99/12/1/0/1","21"
"2026-08-14T08:02:03.372Z","IN","m360/DF/0000/out/99/12/1/0/1","21"
"2026-08-14T08:02:23.447Z","IN","m360/DF/0000/out/2/1/1/0/37","117"
"2026-08-14T08:02:23.447Z","IN","m360/DF/0000/out/2/1/1/0/37","117"
"2026-08-14T08:02:23.563Z","IN","m360/DF/0000/out/2/2/1/0/37","450"
"2026-08-14T08:02:23.564Z","IN","m360/DF/0000/out/2/2/1/0/37","450"
"2026-08-14T08:02:23.848Z","IN","m360/DF/0000/out/2/5/1/0/37","626"
"2026-08-14T08:02:23.848Z","IN","m360/DF/0000/out/2/5/1/0/37","626"
"2026-08-14T08:02:23.947Z","IN","m360/DF/0000/out/2/6/1/0/37","373"
"2026-08-14T08:02:23.948Z","IN","m360/DF/0000/out/2/6/1/0/37","373"
"2026-08-14T08:02:26.605Z","IN","m360/DF/0000/out","{""nodeId"":0,""sensorId"":255,""command"":3,""ack"":0,""type"":22,""payload"":"""",""timestamp"":38101,""description"":""heartbeat"",""event"":""heartbeat"",""uptime"":38101,""rssi"":-62,""wifiRssi"":-62,""batteryLevel"":100,""ip"":""192.168.1.2"",""version"":""2.0"",""source"":""gateway""}"
"2026-08-14T08:02:26.605Z","IN","m360/DF/0000/out","{""nodeId"":0,""sensorId"":255,""command"":3,""ack"":0,""type"":22,""payload"":"""",""timestamp"":38101,""description"":""heartbeat"",""event"":""heartbeat"",""uptime"":38101,""rssi"":-62,""wifiRssi"":-62,""batteryLevel"":100,""ip"":""192.168.1.2"",""version"":""2.0"",""source"":""gateway""}"
"2026-08-14T08:02:26.622Z","IN","m360/DF/0000/gateway/status","{""timestamp"":38101,""isConnected"":true,""connectionTime"":38093,""reconnectCount"":0,""lastErrorCode"":0,""uptime"":38101,""source"":""gateway"",""type"":""mqtt_metrics""}"
"2026-08-14T08:02:47.639Z","IN","m360/DF/0000/out/1/1/1/0/37","338"
"2026-08-14T08:02:47.640Z","IN","m360/DF/0000/out/1/1/1/0/37","338"
"2026-08-14T08:02:47.753Z","IN","m360/DF/0000/out/1/2/1/0/37","332"
"2026-08-14T08:02:47.753Z","IN","m360/DF/0000/out/1/2/1/0/37","332"
"2026-08-14T08:02:47.819Z","IN","m360/DF/0000/out/1/3/1/0/37","131"
"2026-08-14T08:02:47.820Z","IN","m360/DF/0000/out/1/3/1/0/37","131"
"2026-08-14T08:02:47.820Z","IN","m360/DF/0000/out/1/4/1/0/37","400"
"2026-08-14T08:02:47.820Z","IN","m360/DF/0000/out/1/4/1/0/37","400"
"2026-08-14T08:02:47.831Z","IN","m360/DF/0000/out/1/5/1/0/37","336"
"2026-08-14T08:02:47.831Z","IN","m360/DF/0000/out/1/5/1/0/37","336"
"2026-08-14T08:02:48.057Z","IN","m360/DF/0000/out/1/6/1/0/37","251"
"2026-08-14T08:02:48.057Z","IN","m360/DF/0000/out/1/6/1/0/37","251"
"2026-08-14T08:03:26.611Z","IN","m360/DF/0000/out","{""nodeId"":0,""sensorId"":255,""command"":3,""ack"":0,""type"":22,""payload"":"""",""timestamp"":38161,""description"":""heartbeat"",""event"":""heartbeat"",""uptime"":38161,""rssi"":-62,""wifiRssi"":-62,""batteryLevel"":100,""ip"":""192.168.1.2"",""version"":""2.0"",""source"":""gateway""}"
"2026-08-14T08:03:26.612Z","IN","m360/DF/0000/out","{""nodeId"":0,""sensorId"":255,""command"":3,""ack"":0,""type"":22,""payload"":"""",""timestamp"":38161,""description"":""heartbeat"",""event"":""heartbeat"",""uptime"":38161,""rssi"":-62,""wifiRssi"":-62,""batteryLevel"":100,""ip"":""192.168.1.2"",""version"":""2.0"",""source"":""gateway""}"
"2026-08-14T08:03:26.677Z","IN","m360/DF/0000/gateway/status","{""timestamp"":38161,""isConnected"":true,""connectionTime"":38153,""reconnectCount"":0,""lastErrorCode"":0,""uptime"":38161,""source"":""gateway"",""type"":""mqtt_metrics""}"
"2026-08-14T08:03:47.720Z","IN","m360/DF/0000/out/1/1/1/0/37","341"
"2026-08-14T08:03:47.723Z","IN","m360/DF/0000/out/1/1/1/0/37","341"
"2026-08-14T08:03:47.898Z","IN","m360/DF/0000/out/1/2/1/0/37","329"
"2026-08-14T08:03:47.899Z","IN","m360/DF/0000/out/1/2/1/0/37","329"
"2026-08-14T08:03:47.899Z","IN","m360/DF/0000/out/1/3/1/0/37","121"
"2026-08-14T08:03:47.899Z","IN","m360/DF/0000/out/1/3/1/0/37","121"
"2026-08-14T08:03:47.923Z","IN","m360/DF/0000/out/1/4/1/0/37","416"
"2026-08-14T08:03:47.923Z","IN","m360/DF/0000/out/1/4/1/0/37","416"
"2026-08-14T08:03:47.924Z","IN","m360/DF/0000/out/1/5/1/0/37","346"
"2026-08-14T08:03:47.925Z","IN","m360/DF/0000/out/1/5/1/0/37","346"
"2026-08-14T08:03:48.244Z","IN","m360/DF/0000/out/1/6/1/0/37","252"
"2026-08-14T08:03:48.245Z","IN","m360/DF/0000/out/1/6/1/0/37","252"
"2026-08-14T08:04:23.436Z","IN","m360/DF/0000/out/2/1/1/0/37","118"
"2026-08-14T08:04:23.436Z","IN","m360/DF/0000/out/2/1/1/0/37","118"
"2026-08-14T08:04:23.539Z","IN","m360/DF/0000/out/2/2/1/0/37","434"
"2026-08-14T08:04:23.540Z","IN","m360/DF/0000/out/2/2/1/0/37","434"
"2026-08-14T08:04:23.756Z","IN","m360/DF/0000/out/2/3/1/0/37","1020"
"2026-08-14T08:04:23.756Z","IN","m360/DF/0000/out/2/3/1/0/37","1020"
"2026-08-14T08:04:23.839Z","IN","m360/DF/0000/out/2/4/1/0/37","1020"
"2026-08-14T08:04:23.840Z","IN","m360/DF/0000/out/2/4/1/0/37","1020"
"2026-08-14T08:04:23.840Z","IN","m360/DF/0000/out/2/5/1/0/37","631"
"2026-08-14T08:04:23.840Z","IN","m360/DF/0000/out/2/5/1/0/37","631"
"2026-08-14T08:04:23.840Z","IN","m360/DF/0000/out/2/6/1/0/37","366"
"2026-08-14T08:04:23.840Z","IN","m360/DF/0000/out/2/6/1/0/37","366"
"2026-08-14T08:04:26.614Z","IN","m360/DF/0000/out","{""nodeId"":0,""sensorId"":255,""command"":3,""ack"":0,""type"":22,""payload"":"""",""timestamp"":38221,""description"":""heartbeat"",""event"":""heartbeat"",""uptime"":38221,""rssi"":-63,""wifiRssi"":-63,""batteryLevel"":100,""ip"":""192.168.1.2"",""version"":""2.0"",""source"":""gateway""}"
"2026-08-14T08:04:26.615Z","IN","m360/DF/0000/out","{""nodeId"":0,""sensorId"":255,""command"":3,""ack"":0,""type"":22,""payload"":"""",""timestamp"":38221,""description"":""heartbeat"",""event"":""heartbeat"",""uptime"":38221,""rssi"":-63,""wifiRssi"":-63,""batteryLevel"":100,""ip"":""192.168.1.2"",""version"":""2.0"",""source"":""gateway""}"
"2026-08-14T08:04:26.630Z","IN","m360/DF/0000/gateway/status","{""timestamp"":38221,""isConnected"":true,""connectionTime"":38213,""reconnectCount"":0,""lastErrorCode"":0,""uptime"":38221,""source"":""gateway"",""type"":""mqtt_metrics""}"
"2026-08-14T08:04:47.762Z","IN","m360/DF/0000/out/1/1/1/0/37","342"
"2026-08-14T08:04:47.763Z","IN","m360/DF/0000/out/1/1/1/0/37","342"
"2026-08-14T08:04:47.854Z","IN","m360/DF/0000/out/1/2/1/0/37","333"
"2026-08-14T08:04:47.855Z","IN","m360/DF/0000/out/1/2/1/0/37","333"
"2026-08-14T08:04:48.132Z","IN","m360/DF/0000/out/1/3/1/0/37","130"
"2026-08-14T08:04:48.132Z","IN","m360/DF/0000/out/1/3/1/0/37","130"
"2026-08-14T08:04:48.132Z","IN","m360/DF/0000/out/1/4/1/0/37","426"
"2026-08-14T08:04:48.132Z","IN","m360/DF/0000/out/1/4/1/0/37","426"
"2026-08-14T08:04:48.132Z","IN","m360/DF/0000/out/1/5/1/0/37","340"
"2026-08-14T08:04:48.132Z","IN","m360/DF/0000/out/1/5/1/0/37","340"
"2026-08-14T08:04:48.132Z","IN","m360/DF/0000/out/1/6/1/0/37","258"
"2026-08-14T08:04:48.132Z","IN","m360/DF/0000/out/1/6/1/0/37","258"
"2026-08-14T08:05:23.437Z","IN","m360/DF/0000/out/2/2/1/0/37","345"
"2026-08-14T08:05:23.438Z","IN","m360/DF/0000/out/2/2/1/0/37","345"
"2026-08-14T08:05:23.593Z","IN","m360/DF/0000/out/2/3/1/0/37","1021"
"2026-08-14T08:05:23.593Z","IN","m360/DF/0000/out/2/3/1/0/37","1021"
"2026-08-14T08:05:23.593Z","IN","m360/DF/0000/out/2/4/1/0/37","1019"
"2026-08-14T08:05:23.593Z","IN","m360/DF/0000/out/2/4/1/0/37","1019"
"2026-08-14T08:05:23.593Z","IN","m360/DF/0000/out/2/5/1/0/37","634"
"2026-08-14T08:05:23.593Z","IN","m360/DF/0000/out/2/5/1/0/37","634"
"2026-08-14T08:05:23.617Z","IN","m360/DF/0000/out/2/6/1/0/37","363"
"2026-08-14T08:05:23.619Z","IN","m360/DF/0000/out/2/6/1/0/37","363"
"2026-08-14T08:05:26.618Z","IN","m360/DF/0000/out","{""nodeId"":0,""sensorId"":255,""command"":3,""ack"":0,""type"":22,""payload"":"""",""timestamp"":38281,""description"":""heartbeat"",""event"":""heartbeat"",""uptime"":38281,""rssi"":-63,""wifiRssi"":-63,""batteryLevel"":100,""ip"":""192.168.1.2"",""version"":""2.0"",""source"":""gateway""}"
"2026-08-14T08:05:26.619Z","IN","m360/DF/0000/out","{""nodeId"":0,""sensorId"":255,""command"":3,""ack"":0,""type"":22,""payload"":"""",""timestamp"":38281,""description"":""heartbeat"",""event"":""heartbeat"",""uptime"":38281,""rssi"":-63,""wifiRssi"":-63,""batteryLevel"":100,""ip"":""192.168.1.2"",""version"":""2.0"",""source"":""gateway""}"
"2026-08-14T08:05:26.636Z","IN","m360/DF/0000/gateway/status","{""timestamp"":38281,""isConnected"":true,""connectionTime"":38273,""reconnectCount"":0,""lastErrorCode"":0,""uptime"":38281,""source"":""gateway"",""type"":""mqtt_metrics""}"
"2026-08-14T08:05:47.818Z","IN","m360/DF/0000/out/1/1/1/0/37","341"
"2026-08-14T08:05:47.818Z","IN","m360/DF/0000/out/1/1/1/0/37","341"
"2026-08-14T08:05:47.937Z","IN","m360/DF/0000/out/1/2/1/0/37","336"
"2026-08-14T08:05:47.938Z","IN","m360/DF/0000/out/1/2/1/0/37","336"
"2026-08-14T08:05:47.939Z","IN","m360/DF/0000/out/1/3/1/0/37","117"
"2026-08-14T08:05:47.939Z","IN","m360/DF/0000/out/1/3/1/0/37","117"
"2026-08-14T08:05:47.939Z","IN","m360/DF/0000/out/1/4/1/0/37","404"
"2026-08-14T08:05:47.939Z","IN","m360/DF/0000/out/1/4/1/0/37","404"
"2026-08-14T08:05:48.391Z","IN","m360/DF/0000/out/1/5/1/0/37","349"
"2026-08-14T08:05:48.391Z","IN","m360/DF/0000/out/1/5/1/0/37","349"
"2026-08-14T08:05:48.391Z","IN","m360/DF/0000/out/1/6/1/0/37","256"
"2026-08-14T08:05:48.391Z","IN","m360/DF/0000/out/1/6/1/0/37","256"
"2026-08-14T08:06:23.444Z","IN","m360/DF/0000/out/2/1/1/0/37","119"
"2026-08-14T08:06:23.445Z","IN","m360/DF/0000/out/2/1/1/0/37","119"
"2026-08-14T08:06:23.533Z","IN","m360/DF/0000/out/2/2/1/0/37","432"
"2026-08-14T08:06:23.533Z","IN","m360/DF/0000/out/2/2/1/0/37","432"
"2026-08-14T08:06:23.770Z","IN","m360/DF/0000/out/2/3/1/0/37","1017"
"2026-08-14T08:06:23.770Z","IN","m360/DF/0000/out/2/3/1/0/37","1017"
"2026-08-14T08:06:23.770Z","IN","m360/DF/0000/out/2/4/1/0/37","1020"
"2026-08-14T08:06:23.770Z","IN","m360/DF/0000/out/2/4/1/0/37","1020"
"2026-08-14T08:06:23.770Z","IN","m360/DF/0000/out/2/5/1/0/37","639"
"2026-08-14T08:06:23.770Z","IN","m360/DF/0000/out/2/5/1/0/37","639"
"2026-08-14T08:06:23.771Z","IN","m360/DF/0000/out/2/6/1/0/37","400"
"2026-08-14T08:06:23.771Z","IN","m360/DF/0000/out/2/6/1/0/37","400"
"2026-08-14T08:06:26.623Z","IN","m360/DF/0000/out","{""nodeId"":0,""sensorId"":255,""command"":3,""ack"":0,""type"":22,""payload"":"""",""timestamp"":38341,""description"":""heartbeat"",""event"":""heartbeat"",""uptime"":38341,""rssi"":-63,""wifiRssi"":-63,""batteryLevel"":100,""ip"":""192.168.1.2"",""version"":""2.0"",""source"":""gateway""}"
"2026-08-14T08:06:26.624Z","IN","m360/DF/0000/out","{""nodeId"":0,""sensorId"":255,""command"":3,""ack"":0,""type"":22,""payload"":"""",""timestamp"":38341,""description"":""heartbeat"",""event"":""heartbeat"",""uptime"":38341,""rssi"":-63,""wifiRssi"":-63,""batteryLevel"":100,""ip"":""192.168.1.2"",""version"":""2.0"",""source"":""gateway""}"
"2026-08-14T08:06:26.641Z","IN","m360/DF/0000/gateway/status","{""timestamp"":38341,""isConnected"":true,""connectionTime"":38333,""reconnectCount"":0,""lastErrorCode"":0,""uptime"":38341,""source"":""gateway"",""type"":""mqtt_metrics""}"
"2026-08-14T08:06:47.866Z","IN","m360/DF/0000/out/1/1/1/0/37","339"
"2026-08-14T08:06:47.867Z","IN","m360/DF/0000/out/1/1/1/0/37","339"
"2026-08-14T08:06:48.019Z","IN","m360/DF/0000/out/1/2/1/0/37","335"
"2026-08-14T08:06:48.020Z","IN","m360/DF/0000/out/1/2/1/0/37","335"
"2026-08-14T08:06:48.025Z","IN","m360/DF/0000/out/1/3/1/0/37","125"
"2026-08-14T08:06:48.025Z","IN","m360/DF/0000/out/1/3/1/0/37","125"
"2026-08-14T08:06:48.345Z","IN","m360/DF/0000/out/1/4/1/0/37","428"
"2026-08-14T08:06:48.345Z","IN","m360/DF/0000/out/1/4/1/0/37","428"
"2026-08-14T08:06:48.345Z","IN","m360/DF/0000/out/1/5/1/0/37","346"
"2026-08-14T08:06:48.345Z","IN","m360/DF/0000/out/1/5/1/0/37","346"
"2026-08-14T08:06:48.345Z","IN","m360/DF/0000/out/1/6/1/0/37","266"
"2026-08-14T08:06:48.345Z","IN","m360/DF/0000/out/1/6/1/0/37","266"
"2026-08-14T08:07:23.435Z","IN","m360/DF/0000/out/2/1/1/0/37","113"
"2026-08-14T08:07:23.436Z","IN","m360/DF/0000/out/2/1/1/0/37","113"
"2026-08-14T08:07:23.556Z","IN","m360/DF/0000/out/2/3/1/0/37","1019"
"2026-08-14T08:07:23.616Z","IN","m360/DF/0000/out/2/3/1/0/37","1019"
"2026-08-14T08:07:23.617Z","IN","m360/DF/0000/out/2/4/1/0/37","1017"
"2026-08-14T08:07:23.617Z","IN","m360/DF/0000/out/2/4/1/0/37","1017"
"2026-08-14T08:07:23.623Z","IN","m360/DF/0000/out/2/5/1/0/37","620"
"2026-08-14T08:07:23.623Z","IN","m360/DF/0000/out/2/5/1/0/37","620"
"2026-08-14T08:07:23.757Z","IN","m360/DF/0000/out/2/6/1/0/37","397"
"2026-08-14T08:07:23.757Z","IN","m360/DF/0000/out/2/6/1/0/37","397"
"2026-08-14T08:07:27.060Z","IN","m360/DF/0000/out/events","{""event"":""node_lost"",""nodeId"":99,""timestamp"":38401,""rssi"":-63,""details"":""Inactivity detected: timeout 300 s""}"
"2026-08-14T08:07:27.060Z","IN","m360/DF/0000/out/events","{""event"":""node_lost"",""nodeId"":99,""timestamp"":38401,""rssi"":-63,""details"":""Inactivity detected: timeout 300 s""}"
"2026-08-14T08:07:27.081Z","IN","m360/DF/0000/out","{""nodeId"":0,""sensorId"":255,""command"":3,""ack"":0,""type"":22,""payload"":"""",""timestamp"":38401,""description"":""heartbeat"",""event"":""heartbeat"",""uptime"":38401,""rssi"":-63,""wifiRssi"":-63,""batteryLevel"":100,""ip"":""192.168.1.2"",""version"":""2.0"",""source"":""gateway""}"
"2026-08-14T08:07:27.081Z","IN","m360/DF/0000/out","{""nodeId"":0,""sensorId"":255,""command"":3,""ack"":0,""type"":22,""payload"":"""",""timestamp"":38401,""description"":""heartbeat"",""event"":""heartbeat"",""uptime"":38401,""rssi"":-63,""wifiRssi"":-63,""batteryLevel"":100,""ip"":""192.168.1.2"",""version"":""2.0"",""source"":""gateway""}"
"2026-08-14T08:07:27.081Z","IN","m360/DF/0000/gateway/status","{""timestamp"":38401,""isConnected"":true,""connectionTime"":38394,""reconnectCount"":0,""lastErrorCode"":0,""uptime"":38401,""source"":""gateway"",""type"":""mqtt_metrics""}"
"2026-08-14T08:08:23.460Z","IN","m360/DF/0000/out/2/1/1/0/37","117"
"2026-08-14T08:08:23.460Z","IN","m360/DF/0000/out/2/1/1/0/37","117"
"2026-08-14T08:08:23.558Z","IN","m360/DF/0000/out/2/2/1/0/37","434"
"2026-08-14T08:08:23.559Z","IN","m360/DF/0000/out/2/2/1/0/37","434"
"2026-08-14T08:08:23.559Z","IN","m360/DF/0000/out/2/3/1/0/37","1023"
"2026-08-14T08:08:23.559Z","IN","m360/DF/0000/out/2/3/1/0/37","1023"
"2026-08-14T08:08:23.754Z","IN","m360/DF/0000/out/2/4/1/0/37","1020"
"2026-08-14T08:08:23.754Z","IN","m360/DF/0000/out/2/4/1/0/37","1020"
"2026-08-14T08:08:23.849Z","IN","m360/DF/0000/out/2/5/1/0/37","634"
"2026-08-14T08:08:23.849Z","IN","m360/DF/0000/out/2/5/1/0/37","634"
"2026-08-14T08:08:23.882Z","IN","m360/DF/0000/out/2/6/1/0/37","395"
"2026-08-14T08:08:23.883Z","IN","m360/DF/0000/out/2/6/1/0/37","395"
"2026-08-14T08:08:27.058Z","IN","m360/DF/0000/out","{""nodeId"":0,""sensorId"":255,""command"":3,""ack"":0,""type"":22,""payload"":"""",""timestamp"":38461,""description"":""heartbeat"",""event"":""heartbeat"",""uptime"":38461,""rssi"":-62,""wifiRssi"":-62,""batteryLevel"":100,""ip"":""192.168.1.2"",""version"":""2.0"",""source"":""gateway""}"
"2026-08-14T08:08:27.058Z","IN","m360/DF/0000/out","{""nodeId"":0,""sensorId"":255,""command"":3,""ack"":0,""type"":22,""payload"":"""",""timestamp"":38461,""description"":""heartbeat"",""event"":""heartbeat"",""uptime"":38461,""rssi"":-62,""wifiRssi"":-62,""batteryLevel"":100,""ip"":""192.168.1.2"",""version"":""2.0"",""source"":""gateway""}"
"2026-08-14T08:08:27.075Z","IN","m360/DF/0000/gateway/status","{""timestamp"":38461,""isConnected"":true,""connectionTime"":38454,""reconnectCount"":0,""lastErrorCode"":0,""uptime"":38461,""source"":""gateway"",""type"":""mqtt_metrics""}"
"2026-08-14T08:09:02.749Z","IN","m360/DF/0000/out/events","{""event"":""node_reconnected"",""nodeId"":99,""timestamp"":38497,""rssi"":-62,""details"":""Node back online or discovered""}"
"2026-08-14T08:09:02.750Z","IN","m360/DF/0000/out/events","{""event"":""node_reconnected"",""nodeId"":99,""timestamp"":38497,""rssi"":-62,""details"":""Node back online or discovered""}"
"2026-08-14T08:09:02.813Z","IN","m360/DF/0000/out/99/21/1/0/24","0"
"2026-08-14T08:09:02.813Z","IN","m360/DF/0000/out/99/21/1/0/24","0"
"2026-08-14T08:09:23.492Z","IN","m360/DF/0000/out/2/2/1/0/37","344"
"2026-08-14T08:09:23.493Z","IN","m360/DF/0000/out/2/2/1/0/37","344"
"2026-08-14T08:09:23.621Z","IN","m360/DF/0000/out/2/3/1/0/37","1019"
"2026-08-14T08:09:23.622Z","IN","m360/DF/0000/out/2/3/1/0/37","1019"
"2026-08-14T08:09:23.625Z","IN","m360/DF/0000/out/2/5/1/0/37","627"
"2026-08-14T08:09:23.626Z","IN","m360/DF/0000/out/2/5/1/0/37","627"
"2026-08-14T08:09:24.017Z","IN","m360/DF/0000/out/2/6/1/0/37","394"
"2026-08-14T08:09:24.017Z","IN","m360/DF/0000/out/2/6/1/0/37","394"
"2026-08-14T08:09:27.063Z","IN","m360/DF/0000/out","{""nodeId"":0,""sensorId"":255,""command"":3,""ack"":0,""type"":22,""payload"":"""",""timestamp"":38521,""description"":""heartbeat"",""event"":""heartbeat"",""uptime"":38521,""rssi"":-63,""wifiRssi"":-63,""batteryLevel"":100,""ip"":""192.168.1.2"",""version"":""2.0"",""source"":""gateway""}"
"2026-08-14T08:09:27.063Z","IN","m360/DF/0000/out","{""nodeId"":0,""sensorId"":255,""command"":3,""ack"":0,""type"":22,""payload"":"""",""timestamp"":38521,""description"":""heartbeat"",""event"":""heartbeat"",""uptime"":38521,""rssi"":-63,""wifiRssi"":-63,""batteryLevel"":100,""ip"":""192.168.1.2"",""version"":""2.0"",""source"":""gateway""}"
"2026-08-14T08:09:27.081Z","IN","m360/DF/0000/gateway/status","{""timestamp"":38521,""isConnected"":true,""connectionTime"":38514,""reconnectCount"":0,""lastErrorCode"":0,""uptime"":38521,""source"":""gateway"",""type"":""mqtt_metrics""}"
"2026-08-14T08:10:23.494Z","IN","m360/DF/0000/out/2/1/1/0/37","118"
"2026-08-14T08:10:23.494Z","IN","m360/DF/0000/out/2/1/1/0/37","118"
"2026-08-14T08:10:23.633Z","IN","m360/DF/0000/out/2/2/1/0/37","433"
"2026-08-14T08:10:23.635Z","IN","m360/DF/0000/out/2/2/1/0/37","433"
"2026-08-14T08:10:23.635Z","IN","m360/DF/0000/out/2/3/1/0/37","1020"
"2026-08-14T08:10:23.638Z","IN","m360/DF/0000/out/2/3/1/0/37","1020"
"2026-08-14T08:10:24.068Z","IN","m360/DF/0000/out/2/4/1/0/37","1018"
"2026-08-14T08:10:24.068Z","IN","m360/DF/0000/out/2/4/1/0/37","1018"
"2026-08-14T08:10:24.068Z","IN","m360/DF/0000/out/2/5/1/0/37","636"
"2026-08-14T08:10:24.068Z","IN","m360/DF/0000/out/2/5/1/0/37","636"
"2026-08-14T08:10:24.068Z","IN","m360/DF/0000/out/2/6/1/0/37","398"
"2026-08-14T08:10:24.068Z","IN","m360/DF/0000/out/2/6/1/0/37","398"
"2026-08-14T08:10:27.067Z","IN","m360/DF/0000/out","{""nodeId"":0,""sensorId"":255,""command"":3,""ack"":0,""type"":22,""payload"":"""",""timestamp"":38581,""description"":""heartbeat"",""event"":""heartbeat"",""uptime"":38581,""rssi"":-64,""wifiRssi"":-64,""batteryLevel"":100,""ip"":""192.168.1.2"",""version"":""2.0"",""source"":""gateway""}"
"2026-08-14T08:10:27.068Z","IN","m360/DF/0000/out","{""nodeId"":0,""sensorId"":255,""command"":3,""ack"":0,""type"":22,""payload"":"""",""timestamp"":38581,""description"":""heartbeat"",""event"":""heartbeat"",""uptime"":38581,""rssi"":-64,""wifiRssi"":-64,""batteryLevel"":100,""ip"":""192.168.1.2"",""version"":""2.0"",""source"":""gateway""}"
"2026-08-14T08:10:27.084Z","IN","m360/DF/0000/gateway/status","{""timestamp"":38581,""isConnected"":true,""connectionTime"":38574,""reconnectCount"":0,""lastErrorCode"":0,""uptime"":38581,""source"":""gateway"",""type"":""mqtt_metrics""}"
"2026-08-14T08:11:23.489Z","IN","m360/DF/0000/out/2/1/1/0/37","116"
"2026-08-14T08:11:23.489Z","IN","m360/DF/0000/out/2/1/1/0/37","116"
"2026-08-14T08:11:23.580Z","IN","m360/DF/0000/out/2/2/1/0/37","432"
"2026-08-14T08:11:23.580Z","IN","m360/DF/0000/out/2/2/1/0/37","432"
"2026-08-14T08:11:23.878Z","IN","m360/DF/0000/out/2/4/1/0/37","1020"
"2026-08-14T08:11:23.879Z","IN","m360/DF/0000/out/2/4/1/0/37","1020"
"2026-08-14T08:11:23.879Z","IN","m360/DF/0000/out/2/5/1/0/37","640"
"2026-08-14T08:11:23.879Z","IN","m360/DF/0000/out/2/5/1/0/37","640"
"2026-08-14T08:11:23.879Z","IN","m360/DF/0000/out/2/6/1/0/37","392"
"2026-08-14T08:11:23.879Z","IN","m360/DF/0000/out/2/6/1/0/37","392"
"2026-08-14T08:11:27.073Z","IN","m360/DF/0000/out","{""nodeId"":0,""sensorId"":255,""command"":3,""ack"":0,""type"":22,""payload"":"""",""timestamp"":38641,""description"":""heartbeat"",""event"":""heartbeat"",""uptime"":38641,""rssi"":-64,""wifiRssi"":-64,""batteryLevel"":100,""ip"":""192.168.1.2"",""version"":""2.0"",""source"":""gateway""}"
"2026-08-14T08:11:27.074Z","IN","m360/DF/0000/out","{""nodeId"":0,""sensorId"":255,""command"":3,""ack"":0,""type"":22,""payload"":"""",""timestamp"":38641,""description"":""heartbeat"",""event"":""heartbeat"",""uptime"":38641,""rssi"":-64,""wifiRssi"":-64,""batteryLevel"":100,""ip"":""192.168.1.2"",""version"":""2.0"",""source"":""gateway""}"
"2026-08-14T08:11:27.090Z","IN","m360/DF/0000/gateway/status","{""timestamp"":38641,""isConnected"":true,""connectionTime"":38634,""reconnectCount"":0,""lastErrorCode"":0,""uptime"":38641,""source"":""gateway"",""type"":""mqtt_metrics""}"
"2026-08-14T08:12:23.517Z","IN","m360/DF/0000/out/2/1/1/0/37","117"
"2026-08-14T08:12:23.517Z","IN","m360/DF/0000/out/2/1/1/0/37","117"
"2026-08-14T08:12:23.652Z","IN","m360/DF/0000/out/2/2/1/0/37","461"
"2026-08-14T08:12:23.654Z","IN","m360/DF/0000/out/2/2/1/0/37","461"
"2026-08-14T08:12:23.655Z","IN","m360/DF/0000/out/2/5/1/0/37","628"
"2026-08-14T08:12:23.655Z","IN","m360/DF/0000/out/2/5/1/0/37","628"
"2026-08-14T08:12:24.075Z","IN","m360/DF/0000/out/2/6/1/0/37","402"
"2026-08-14T08:12:24.075Z","IN","m360/DF/0000/out/2/6/1/0/37","402"
"2026-08-14T08:12:27.082Z","IN","m360/DF/0000/out/events","{""event"":""node_lost"",""nodeId"":1,""timestamp"":38701,""rssi"":-65,""details"":""Inactivity detected: timeout 300 s""}"
"2026-08-14T08:12:27.082Z","IN","m360/DF/0000/out/events","{""event"":""node_lost"",""nodeId"":1,""timestamp"":38701,""rssi"":-65,""details"":""Inactivity detected: timeout 300 s""}"
"2026-08-14T08:12:27.101Z","IN","m360/DF/0000/out","{""nodeId"":0,""sensorId"":255,""command"":3,""ack"":0,""type"":22,""payload"":"""",""timestamp"":38701,""description"":""heartbeat"",""event"":""heartbeat"",""uptime"":38701,""rssi"":-65,""wifiRssi"":-65,""batteryLevel"":100,""ip"":""192.168.1.2"",""version"":""2.0"",""source"":""gateway""}"
"2026-08-14T08:12:27.102Z","IN","m360/DF/0000/out","{""nodeId"":0,""sensorId"":255,""command"":3,""ack"":0,""type"":22,""payload"":"""",""timestamp"":38701,""description"":""heartbeat"",""event"":""heartbeat"",""uptime"":38701,""rssi"":-65,""wifiRssi"":-65,""batteryLevel"":100,""ip"":""192.168.1.2"",""version"":""2.0"",""source"":""gateway""}"
"2026-08-14T08:12:27.102Z","IN","m360/DF/0000/gateway/status","{""timestamp"":38701,""isConnected"":true,""connectionTime"":38694,""reconnectCount"":0,""lastErrorCode"":0,""uptime"":38701,""source"":""gateway"",""type"":""mqtt_metrics""}"
"2026-08-14T08:13:02.474Z","IN","m360/DF/0000/out/99/11/1/0/0","14"
"2026-08-14T08:13:02.475Z","IN","m360/DF/0000/out/99/11/1/0/0","14"
"2026-08-14T08:13:02.535Z","IN","m360/DF/0000/out/99/12/1/0/1","21"
"2026-08-14T08:13:02.535Z","IN","m360/DF/0000/out/99/12/1/0/1","21"
"2026-08-14T08:13:23.524Z","IN","m360/DF/0000/out/2/1/1/0/37","118"
"2026-08-14T08:13:23.524Z","IN","m360/DF/0000/out/2/1/1/0/37","118"
"2026-08-14T08:13:23.647Z","IN","m360/DF/0000/out/2/2/1/0/37","433"
"2026-08-14T08:13:23.649Z","IN","m360/DF/0000/out/2/2/1/0/37","433"
"2026-08-14T08:13:23.654Z","IN","m360/DF/0000/out/2/3/1/0/37","1019"
"2026-08-14T08:13:23.654Z","IN","m360/DF/0000/out/2/3/1/0/37","1019"
"2026-08-14T08:13:23.654Z","IN","m360/DF/0000/out/2/5/1/0/37","639"
"2026-08-14T08:13:23.654Z","IN","m360/DF/0000/out/2/5/1/0/37","639"
"2026-08-14T08:13:24.039Z","IN","m360/DF/0000/out/2/6/1/0/37","352"
"2026-08-14T08:13:24.039Z","IN","m360/DF/0000/out/2/6/1/0/37","352"
"2026-08-14T08:13:27.081Z","IN","m360/DF/0000/out","{""nodeId"":0,""sensorId"":255,""command"":3,""ack"":0,""type"":22,""payload"":"""",""timestamp"":38761,""description"":""heartbeat"",""event"":""heartbeat"",""uptime"":38761,""rssi"":-64,""wifiRssi"":-64,""batteryLevel"":100,""ip"":""192.168.1.2"",""version"":""2.0"",""source"":""gateway""}"
"2026-08-14T08:13:27.081Z","IN","m360/DF/0000/out","{""nodeId"":0,""sensorId"":255,""command"":3,""ack"":0,""type"":22,""payload"":"""",""timestamp"":38761,""description"":""heartbeat"",""event"":""heartbeat"",""uptime"":38761,""rssi"":-64,""wifiRssi"":-64,""batteryLevel"":100,""ip"":""192.168.1.2"",""version"":""2.0"",""source"":""gateway""}"
"2026-08-14T08:13:27.098Z","IN","m360/DF/0000/gateway/status","{""timestamp"":38761,""isConnected"":true,""connectionTime"":38754,""reconnectCount"":0,""lastErrorCode"":0,""uptime"":38761,""source"":""gateway"",""type"":""mqtt_metrics""}"
"2026-08-14T08:14:23.543Z","IN","m360/DF/0000/out/2/1/1/0/37","119"
"2026-08-14T08:14:23.543Z","IN","m360/DF/0000/out/2/1/1/0/37","119"
"2026-08-14T08:14:23.646Z","IN","m360/DF/0000/out/2/2/1/0/37","439"
"2026-08-14T08:14:23.646Z","IN","m360/DF/0000/out/2/2/1/0/37","439"
"2026-08-14T08:14:23.835Z","IN","m360/DF/0000/out/2/3/1/0/37","1020"
"2026-08-14T08:14:23.835Z","IN","m360/DF/0000/out/2/3/1/0/37","1020"
"2026-08-14T08:14:23.870Z","IN","m360/DF/0000/out/2/5/1/0/37","666"
"2026-08-14T08:14:23.870Z","IN","m360/DF/0000/out/2/5/1/0/37","666"
"2026-08-14T08:14:23.870Z","IN","m360/DF/0000/out/2/6/1/0/37","395"
"2026-08-14T08:14:23.870Z","IN","m360/DF/0000/out/2/6/1/0/37","395"
"2026-08-14T08:14:27.087Z","IN","m360/DF/0000/out","{""nodeId"":0,""sensorId"":255,""command"":3,""ack"":0,""type"":22,""payload"":"""",""timestamp"":38821,""description"":""heartbeat"",""event"":""heartbeat"",""uptime"":38821,""rssi"":-64,""wifiRssi"":-64,""batteryLevel"":100,""ip"":""192.168.1.2"",""version"":""2.0"",""source"":""gateway""}"
"2026-08-14T08:14:27.088Z","IN","m360/DF/0000/out","{""nodeId"":0,""sensorId"":255,""command"":3,""ack"":0,""type"":22,""payload"":"""",""timestamp"":38821,""description"":""heartbeat"",""event"":""heartbeat"",""uptime"":38821,""rssi"":-64,""wifiRssi"":-64,""batteryLevel"":100,""ip"":""192.168.1.2"",""version"":""2.0"",""source"":""gateway""}"
"2026-08-14T08:14:27.104Z","IN","m360/DF/0000/gateway/status","{""timestamp"":38821,""isConnected"":true,""connectionTime"":38814,""reconnectCount"":0,""lastErrorCode"":0,""uptime"":38821,""source"":""gateway"",""type"":""mqtt_metrics""}"
"2026-08-14T08:15:23.546Z","IN","m360/DF/0000/out/2/1/1/0/37","118"
"2026-08-14T08:15:23.546Z","IN","m360/DF/0000/out/2/1/1/0/37","118"
"2026-08-14T08:15:23.637Z","IN","m360/DF/0000/out/2/2/1/0/37","393"
"2026-08-14T08:15:23.637Z","IN","m360/DF/0000/out/2/2/1/0/37","393"
"2026-08-14T08:15:23.859Z","IN","m360/DF/0000/out/2/5/1/0/37","624"
"2026-08-14T08:15:23.859Z","IN","m360/DF/0000/out/2/5/1/0/37","624"
"2026-08-14T08:15:23.859Z","IN","m360/DF/0000/out/2/6/1/0/37","394"
"2026-08-14T08:15:23.859Z","IN","m360/DF/0000/out/2/6/1/0/37","394"
"2026-08-14T08:15:27.092Z","IN","m360/DF/0000/out","{""nodeId"":0,""sensorId"":255,""command"":3,""ack"":0,""type"":22,""payload"":"""",""timestamp"":38881,""description"":""heartbeat"",""event"":""heartbeat"",""uptime"":38881,""rssi"":-64,""wifiRssi"":-64,""batteryLevel"":100,""ip"":""192.168.1.2"",""version"":""2.0"",""source"":""gateway""}"
"2026-08-14T08:15:27.092Z","IN","m360/DF/0000/out","{""nodeId"":0,""sensorId"":255,""command"":3,""ack"":0,""type"":22,""payload"":"""",""timestamp"":38881,""description"":""heartbeat"",""event"":""heartbeat"",""uptime"":38881,""rssi"":-64,""wifiRssi"":-64,""batteryLevel"":100,""ip"":""192.168.1.2"",""version"":""2.0"",""source"":""gateway""}"
"2026-08-14T08:15:27.109Z","IN","m360/DF/0000/gateway/status","{""timestamp"":38881,""isConnected"":true,""connectionTime"":38874,""reconnectCount"":0,""lastErrorCode"":0,""uptime"":38881,""source"":""gateway"",""type"":""mqtt_metrics""}"
"2026-08-14T08:16:23.556Z","IN","m360/DF/0000/out/2/1/1/0/37","114"
"2026-08-14T08:16:23.556Z","IN","m360/DF/0000/out/2/1/1/0/37","114"
"2026-08-14T08:16:23.640Z","IN","m360/DF/0000/out/2/2/1/0/37","433"
"2026-08-14T08:16:23.641Z","IN","m360/DF/0000/out/2/2/1/0/37","433"
"2026-08-14T08:16:23.919Z","IN","m360/DF/0000/out/2/5/1/0/37","632"
"2026-08-14T08:16:23.919Z","IN","m360/DF/0000/out/2/5/1/0/37","632"
"2026-08-14T08:16:23.919Z","IN","m360/DF/0000/out/2/6/1/0/37","381"
"2026-08-14T08:16:23.919Z","IN","m360/DF/0000/out/2/6/1/0/37","381"
"2026-08-14T08:16:27.096Z","IN","m360/DF/0000/out","{""nodeId"":0,""sensorId"":255,""command"":3,""ack"":0,""type"":22,""payload"":"""",""timestamp"":38941,""description"":""heartbeat"",""event"":""heartbeat"",""uptime"":38941,""rssi"":-64,""wifiRssi"":-64,""batteryLevel"":100,""ip"":""192.168.1.2"",""version"":""2.0"",""source"":""gateway""}"
"2026-08-14T08:16:27.097Z","IN","m360/DF/0000/out","{""nodeId"":0,""sensorId"":255,""command"":3,""ack"":0,""type"":22,""payload"":"""",""timestamp"":38941,""description"":""heartbeat"",""event"":""heartbeat"",""uptime"":38941,""rssi"":-64,""wifiRssi"":-64,""batteryLevel"":100,""ip"":""192.168.1.2"",""version"":""2.0"",""source"":""gateway""}"
"2026-08-14T08:16:27.114Z","IN","m360/DF/0000/gateway/status","{""timestamp"":38941,""isConnected"":true,""connectionTime"":38934,""reconnectCount"":0,""lastErrorCode"":0,""uptime"":38941,""source"":""gateway"",""type"":""mqtt_metrics""}"
"2026-08-14T08:17:23.563Z","IN","m360/DF/0000/out/2/1/1/0/37","121"
"2026-08-14T08:17:23.564Z","IN","m360/DF/0000/out/2/1/1/0/37","121"
"2026-08-14T08:17:23.665Z","IN","m360/DF/0000/out/2/2/1/0/37","434"
"2026-08-14T08:17:23.665Z","IN","m360/DF/0000/out/2/2/1/0/37","434"
"2026-08-14T08:17:23.946Z","IN","m360/DF/0000/out/2/5/1/0/37","628"
"2026-08-14T08:17:23.946Z","IN","m360/DF/0000/out/2/5/1/0/37","628"
"2026-08-14T08:17:24.019Z","IN","m360/DF/0000/out/2/6/1/0/37","388"
"2026-08-14T08:17:24.019Z","IN","m360/DF/0000/out/2/6/1/0/37","388"
"2026-08-14T08:17:27.103Z","IN","m360/DF/0000/out","{""nodeId"":0,""sensorId"":255,""command"":3,""ack"":0,""type"":22,""payload"":"""",""timestamp"":39001,""description"":""heartbeat"",""event"":""heartbeat"",""uptime"":39001,""rssi"":-65,""wifiRssi"":-65,""batteryLevel"":100,""ip"":""192.168.1.2"",""version"":""2.0"",""source"":""gateway""}"
"2026-08-14T08:17:27.104Z","IN","m360/DF/0000/out","{""nodeId"":0,""sensorId"":255,""command"":3,""ack"":0,""type"":22,""payload"":"""",""timestamp"":39001,""description"":""heartbeat"",""event"":""heartbeat"",""uptime"":39001,""rssi"":-65,""wifiRssi"":-65,""batteryLevel"":100,""ip"":""192.168.1.2"",""version"":""2.0"",""source"":""gateway""}"
"2026-08-14T08:17:27.120Z","IN","m360/DF/0000/gateway/status","{""timestamp"":39001,""isConnected"":true,""connectionTime"":38994,""reconnectCount"":0,""lastErrorCode"":0,""uptime"":39001,""source"":""gateway"",""type"":""mqtt_metrics""}"
"2026-08-14T08:18:24.007Z","IN","m360/DF/0000/out/2/1/1/0/37","120"
"2026-08-14T08:18:24.008Z","IN","m360/DF/0000/out/2/1/1/0/37","120"
"2026-08-14T08:18:24.147Z","IN","m360/DF/0000/out/2/2/1/0/37","374"
"2026-08-14T08:18:24.147Z","IN","m360/DF/0000/out/2/2/1/0/37","374"
"2026-08-14T08:18:24.148Z","IN","m360/DF/0000/out/2/3/1/0/37","1021"
"2026-08-14T08:18:24.148Z","IN","m360/DF/0000/out/2/3/1/0/37","1021"
"2026-08-14T08:18:27.111Z","IN","m360/DF/0000/out/events","{""event"":""node_lost"",""nodeId"":99,""timestamp"":39061,""rssi"":-64,""details"":""Inactivity detected: timeout 300 s""}"
"2026-08-14T08:18:27.112Z","IN","m360/DF/0000/out/events","{""event"":""node_lost"",""nodeId"":99,""timestamp"":39061,""rssi"":-64,""details"":""Inactivity detected: timeout 300 s""}"
"2026-08-14T08:18:27.130Z","IN","m360/DF/0000/out","{""nodeId"":0,""sensorId"":255,""command"":3,""ack"":0,""type"":22,""payload"":"""",""timestamp"":39061,""description"":""heartbeat"",""event"":""heartbeat"",""uptime"":39061,""rssi"":-64,""wifiRssi"":-64,""batteryLevel"":100,""ip"":""192.168.1.2"",""version"":""2.0"",""source"":""gateway""}"
"2026-08-14T08:18:27.130Z","IN","m360/DF/0000/out","{""nodeId"":0,""sensorId"":255,""command"":3,""ack"":0,""type"":22,""payload"":"""",""timestamp"":39061,""description"":""heartbeat"",""event"":""heartbeat"",""uptime"":39061,""rssi"":-64,""wifiRssi"":-64,""batteryLevel"":100,""ip"":""192.168.1.2"",""version"":""2.0"",""source"":""gateway""}"
"2026-08-14T08:18:27.130Z","IN","m360/DF/0000/gateway/status","{""timestamp"":39061,""isConnected"":true,""connectionTime"":39054,""reconnectCount"":0,""lastErrorCode"":0,""uptime"":39061,""source"":""gateway"",""type"":""mqtt_metrics""}"
"2026-08-14T08:19:23.533Z","IN","m360/DF/0000/out/2/1/1/0/37","114"
"2026-08-14T08:19:23.534Z","IN","m360/DF/0000/out/2/1/1/0/37","114"
"2026-08-14T08:19:23.631Z","IN","m360/DF/0000/out/2/2/1/0/37","433"
"2026-08-14T08:19:23.631Z","IN","m360/DF/0000/out/2/2/1/0/37","433"
"2026-08-14T08:19:23.881Z","IN","m360/DF/0000/out/2/3/1/0/37","1020"
"2026-08-14T08:19:23.881Z","IN","m360/DF/0000/out/2/3/1/0/37","1020"
"2026-08-14T08:19:23.881Z","IN","m360/DF/0000/out/2/4/1/0/37","1019"
"2026-08-14T08:19:23.881Z","IN","m360/DF/0000/out/2/4/1/0/37","1019"
"2026-08-14T08:19:23.881Z","IN","m360/DF/0000/out/2/5/1/0/37","682"
"2026-08-14T08:19:23.881Z","IN","m360/DF/0000/out/2/5/1/0/37","682"
"2026-08-14T08:19:23.882Z","IN","m360/DF/0000/out/2/6/1/0/37","387"
"2026-08-14T08:19:23.882Z","IN","m360/DF/0000/out/2/6/1/0/37","387"
"2026-08-14T08:19:27.111Z","IN","m360/DF/0000/out","{""nodeId"":0,""sensorId"":255,""command"":3,""ack"":0,""type"":22,""payload"":"""",""timestamp"":39121,""description"":""heartbeat"",""event"":""heartbeat"",""uptime"":39121,""rssi"":-65,""wifiRssi"":-65,""batteryLevel"":100,""ip"":""192.168.1.2"",""version"":""2.0"",""source"":""gateway""}"
"2026-08-14T08:19:27.111Z","IN","m360/DF/0000/out","{""nodeId"":0,""sensorId"":255,""command"":3,""ack"":0,""type"":22,""payload"":"""",""timestamp"":39121,""description"":""heartbeat"",""event"":""heartbeat"",""uptime"":39121,""rssi"":-65,""wifiRssi"":-65,""batteryLevel"":100,""ip"":""192.168.1.2"",""version"":""2.0"",""source"":""gateway""}"
"2026-08-14T08:19:27.126Z","IN","m360/DF/0000/gateway/status","{""timestamp"":39121,""isConnected"":true,""connectionTime"":39114,""reconnectCount"":0,""lastErrorCode"":0,""uptime"":39121,""source"":""gateway"",""type"":""mqtt_metrics""}"
"2026-08-14T08:20:01.969Z","IN","m360/DF/0000/out/events","{""event"":""node_reconnected"",""nodeId"":99,""timestamp"":39156,""rssi"":-64,""details"":""Node back online or discovered""}"
"2026-08-14T08:20:01.974Z","IN","m360/DF/0000/out/events","{""event"":""node_reconnected"",""nodeId"":99,""timestamp"":39156,""rssi"":-64,""details"":""Node back online or discovered""}"
"2026-08-14T08:20:02.032Z","IN","m360/DF/0000/out/99/21/1/0/24","0"
"2026-08-14T08:20:02.032Z","IN","m360/DF/0000/out/99/21/1/0/24","0"
"2026-08-14T08:20:23.555Z","IN","m360/DF/0000/out/2/1/1/0/37","117"
"2026-08-14T08:20:23.556Z","IN","m360/DF/0000/out/2/1/1/0/37","117"
"2026-08-14T08:20:23.662Z","IN","m360/DF/0000/out/2/2/1/0/37","439"
"2026-08-14T08:20:23.663Z","IN","m360/DF/0000/out/2/2/1/0/37","439"
"2026-08-14T08:20:23.930Z","IN","m360/DF/0000/out/2/4/1/0/37","1020"
"2026-08-14T08:20:23.930Z","IN","m360/DF/0000/out/2/4/1/0/37","1020"
"2026-08-14T08:20:23.932Z","IN","m360/DF/0000/out/2/5/1/0/37","592"
"2026-08-14T08:20:23.932Z","IN","m360/DF/0000/out/2/5/1/0/37","592"
"2026-08-14T08:20:23.932Z","IN","m360/DF/0000/out/2/6/1/0/37","392"
"2026-08-14T08:20:23.933Z","IN","m360/DF/0000/out/2/6/1/0/37","392"
"2026-08-14T08:20:27.114Z","IN","m360/DF/0000/out","{""nodeId"":0,""sensorId"":255,""command"":3,""ack"":0,""type"":22,""payload"":"""",""timestamp"":39181,""description"":""heartbeat"",""event"":""heartbeat"",""uptime"":39181,""rssi"":-64,""wifiRssi"":-64,""batteryLevel"":100,""ip"":""192.168.1.2"",""version"":""2.0"",""source"":""gateway""}"
"2026-08-14T08:20:27.114Z","IN","m360/DF/0000/out","{""nodeId"":0,""sensorId"":255,""command"":3,""ack"":0,""type"":22,""payload"":"""",""timestamp"":39181,""description"":""heartbeat"",""event"":""heartbeat"",""uptime"":39181,""rssi"":-64,""wifiRssi"":-64,""batteryLevel"":100,""ip"":""192.168.1.2"",""version"":""2.0"",""source"":""gateway""}"
"2026-08-14T08:20:27.132Z","IN","m360/DF/0000/gateway/status","{""timestamp"":39181,""isConnected"":true,""connectionTime"":39174,""reconnectCount"":0,""lastErrorCode"":0,""uptime"":39181,""source"":""gateway"",""type"":""mqtt_metrics""}"
"2026-08-14T08:21:23.556Z","IN","m360/DF/0000/out/2/1/1/0/37","118"
"2026-08-14T08:21:23.556Z","IN","m360/DF/0000/out/2/1/1/0/37","118"
"2026-08-14T08:21:23.662Z","IN","m360/DF/0000/out/2/2/1/0/37","430"
"2026-08-14T08:21:23.663Z","IN","m360/DF/0000/out/2/2/1/0/37","430"
"2026-08-14T08:21:23.940Z","IN","m360/DF/0000/out/2/5/1/0/37","625"
"2026-08-14T08:21:23.940Z","IN","m360/DF/0000/out/2/5/1/0/37","625"
"2026-08-14T08:21:23.940Z","IN","m360/DF/0000/out/2/6/1/0/37","380"
"2026-08-14T08:21:23.940Z","IN","m360/DF/0000/out/2/6/1/0/37","380"
"2026-08-14T08:21:27.117Z","IN","m360/DF/0000/out","{""nodeId"":0,""sensorId"":255,""command"":3,""ack"":0,""type"":22,""payload"":"""",""timestamp"":39241,""description"":""heartbeat"",""event"":""heartbeat"",""uptime"":39241,""rssi"":-64,""wifiRssi"":-64,""batteryLevel"":100,""ip"":""192.168.1.2"",""version"":""2.0"",""source"":""gateway""}"
"2026-08-14T08:21:27.118Z","IN","m360/DF/0000/out","{""nodeId"":0,""sensorId"":255,""command"":3,""ack"":0,""type"":22,""payload"":"""",""timestamp"":39241,""description"":""heartbeat"",""event"":""heartbeat"",""uptime"":39241,""rssi"":-64,""wifiRssi"":-64,""batteryLevel"":100,""ip"":""192.168.1.2"",""version"":""2.0"",""source"":""gateway""}"
"2026-08-14T08:21:27.135Z","IN","m360/DF/0000/gateway/status","{""timestamp"":39241,""isConnected"":true,""connectionTime"":39234,""reconnectCount"":0,""lastErrorCode"":0,""uptime"":39241,""source"":""gateway"",""type"":""mqtt_metrics""}"
"2026-08-14T08:22:23.568Z","IN","m360/DF/0000/out/2/1/1/0/37","119"
"2026-08-14T08:22:23.568Z","IN","m360/DF/0000/out/2/1/1/0/37","119"
"2026-08-14T08:22:23.656Z","IN","m360/DF/0000/out/2/2/1/0/37","436"
"2026-08-14T08:22:23.656Z","IN","m360/DF/0000/out/2/2/1/0/37","436"
"2026-08-14T08:22:23.937Z","IN","m360/DF/0000/out/2/4/1/0/37","1019"
"2026-08-14T08:22:23.937Z","IN","m360/DF/0000/out/2/4/1/0/37","1019"
"2026-08-14T08:22:23.937Z","IN","m360/DF/0000/out/2/5/1/0/37","627"
"2026-08-14T08:22:23.937Z","IN","m360/DF/0000/out/2/5/1/0/37","627"
"2026-08-14T08:22:23.937Z","IN","m360/DF/0000/out/2/6/1/0/37","386"
"2026-08-14T08:22:23.937Z","IN","m360/DF/0000/out/2/6/1/0/37","386"
"2026-08-14T08:22:27.122Z","IN","m360/DF/0000/out","{""nodeId"":0,""sensorId"":255,""command"":3,""ack"":0,""type"":22,""payload"":"""",""timestamp"":39301,""description"":""heartbeat"",""event"":""heartbeat"",""uptime"":39301,""rssi"":-66,""wifiRssi"":-66,""batteryLevel"":100,""ip"":""192.168.1.2"",""version"":""2.0"",""source"":""gateway""}"
"2026-08-14T08:22:27.122Z","IN","m360/DF/0000/out","{""nodeId"":0,""sensorId"":255,""command"":3,""ack"":0,""type"":22,""payload"":"""",""timestamp"":39301,""description"":""heartbeat"",""event"":""heartbeat"",""uptime"":39301,""rssi"":-66,""wifiRssi"":-66,""batteryLevel"":100,""ip"":""192.168.1.2"",""version"":""2.0"",""source"":""gateway""}"
"2026-08-14T08:22:27.139Z","IN","m360/DF/0000/gateway/status","{""timestamp"":39301,""isConnected"":true,""connectionTime"":39294,""reconnectCount"":0,""lastErrorCode"":0,""uptime"":39301,""source"":""gateway"",""type"":""mqtt_metrics""}"
"2026-08-14T08:22:48.920Z","IN","m360/DF/0000/out/events","{""event"":""node_reconnected"",""nodeId"":1,""timestamp"":39323,""rssi"":-65,""details"":""Node back online or discovered""}"
"2026-08-14T08:22:48.921Z","IN","m360/DF/0000/out/events","{""event"":""node_reconnected"",""nodeId"":1,""timestamp"":39323,""rssi"":-65,""details"":""Node back online or discovered""}"
"2026-08-14T08:22:48.988Z","IN","m360/DF/0000/out/1/1/1/0/37","316"
"2026-08-14T08:22:48.988Z","IN","m360/DF/0000/out/1/1/1/0/37","316"
"2026-08-14T08:22:48.990Z","IN","m360/DF/0000/out/1/2/1/0/37","307"
"2026-08-14T08:22:48.990Z","IN","m360/DF/0000/out/1/2/1/0/37","307"
"2026-08-14T08:22:49.344Z","IN","m360/DF/0000/out/1/3/1/0/37","135"
"2026-08-14T08:22:49.344Z","IN","m360/DF/0000/out/1/3/1/0/37","135"
"2026-08-14T08:22:49.432Z","IN","m360/DF/0000/out/1/4/1/0/37","387"
"2026-08-14T08:22:49.432Z","IN","m360/DF/0000/out/1/4/1/0/37","387"
"2026-08-14T08:22:49.434Z","IN","m360/DF/0000/out/1/5/1/0/37","389"
"2026-08-14T08:22:49.434Z","IN","m360/DF/0000/out/1/5/1/0/37","389"
"2026-08-14T08:22:49.434Z","IN","m360/DF/0000/out/1/6/1/0/37","265"
"2026-08-14T08:22:49.434Z","IN","m360/DF/0000/out/1/6/1/0/37","265"
"2026-08-14T08:23:23.576Z","IN","m360/DF/0000/out/2/1/1/0/37","112"
"2026-08-14T08:23:23.577Z","IN","m360/DF/0000/out/2/1/1/0/37","112"
"2026-08-14T08:23:23.725Z","IN","m360/DF/0000/out/2/2/1/0/37","433"
"2026-08-14T08:23:23.726Z","IN","m360/DF/0000/out/2/2/1/0/37","433"
"2026-08-14T08:23:23.732Z","IN","m360/DF/0000/out/2/3/1/0/37","1021"
"2026-08-14T08:23:23.734Z","IN","m360/DF/0000/out/2/3/1/0/37","1021"
"2026-08-14T08:23:23.734Z","IN","m360/DF/0000/out/2/5/1/0/37","626"
"2026-08-14T08:23:23.734Z","IN","m360/DF/0000/out/2/5/1/0/37","626"
"2026-08-14T08:23:24.046Z","IN","m360/DF/0000/out/2/6/1/0/37","387"
"2026-08-14T08:23:24.046Z","IN","m360/DF/0000/out/2/6/1/0/37","387"
"2026-08-14T08:23:27.127Z","IN","m360/DF/0000/out","{""nodeId"":0,""sensorId"":255,""command"":3,""ack"":0,""type"":22,""payload"":"""",""timestamp"":39361,""description"":""heartbeat"",""event"":""heartbeat"",""uptime"":39361,""rssi"":-65,""wifiRssi"":-65,""batteryLevel"":100,""ip"":""192.168.1.2"",""version"":""2.0"",""source"":""gateway""}"
"2026-08-14T08:23:27.128Z","IN","m360/DF/0000/out","{""nodeId"":0,""sensorId"":255,""command"":3,""ack"":0,""type"":22,""payload"":"""",""timestamp"":39361,""description"":""heartbeat"",""event"":""heartbeat"",""uptime"":39361,""rssi"":-65,""wifiRssi"":-65,""batteryLevel"":100,""ip"":""192.168.1.2"",""version"":""2.0"",""source"":""gateway""}"
"2026-08-14T08:23:27.146Z","IN","m360/DF/0000/gateway/status","{""timestamp"":39361,""isConnected"":true,""connectionTime"":39354,""reconnectCount"":0,""lastErrorCode"":0,""uptime"":39361,""source"":""gateway"",""type"":""mqtt_metrics""}"
"2026-08-14T08:23:48.998Z","IN","m360/DF/0000/out/1/1/1/0/37","322"
"2026-08-14T08:23:48.998Z","IN","m360/DF/0000/out/1/1/1/0/37","322"
"2026-08-14T08:23:49.083Z","IN","m360/DF/0000/out/1/2/1/0/37","326"
"2026-08-14T08:23:49.084Z","IN","m360/DF/0000/out/1/2/1/0/37","326"
"2026-08-14T08:23:49.342Z","IN","m360/DF/0000/out/1/3/1/0/37","111"
"2026-08-14T08:23:49.342Z","IN","m360/DF/0000/out/1/3/1/0/37","111"
"2026-08-14T08:23:49.345Z","IN","m360/DF/0000/out/1/4/1/0/37","392"
"2026-08-14T08:23:49.345Z","IN","m360/DF/0000/out/1/4/1/0/37","392"
"2026-08-14T08:23:49.345Z","IN","m360/DF/0000/out/1/5/1/0/37","375"
"2026-08-14T08:23:49.345Z","IN","m360/DF/0000/out/1/5/1/0/37","375"
"2026-08-14T08:23:49.345Z","IN","m360/DF/0000/out/1/6/1/0/37","270"
"2026-08-14T08:23:49.345Z","IN","m360/DF/0000/out/1/6/1/0/37","270"
"2026-08-14T08:24:01.689Z","IN","m360/DF/0000/out/99/11/1/0/0","14"
"2026-08-14T08:24:01.689Z","IN","m360/DF/0000/out/99/11/1/0/0","14"
"2026-08-14T08:24:01.758Z","IN","m360/DF/0000/out/99/12/1/0/1","21"
"2026-08-14T08:24:01.758Z","IN","m360/DF/0000/out/99/12/1/0/1","21"
"2026-08-14T08:24:23.568Z","IN","m360/DF/0000/out/2/1/1/0/37","100"
"2026-08-14T08:24:23.569Z","IN","m360/DF/0000/out/2/1/1/0/37","100"
"2026-08-14T08:24:23.666Z","IN","m360/DF/0000/out/2/2/1/0/37","434"
"2026-08-14T08:24:23.666Z","IN","m360/DF/0000/out/2/2/1/0/37","434"
"2026-08-14T08:24:23.670Z","IN","m360/DF/0000/out/2/3/1/0/37","1020"
"2026-08-14T08:24:23.670Z","IN","m360/DF/0000/out/2/3/1/0/37","1020"
"2026-08-14T08:24:24.061Z","IN","m360/DF/0000/out/2/5/1/0/37","637"
"2026-08-14T08:24:24.061Z","IN","m360/DF/0000/out/2/5/1/0/37","637"
"2026-08-14T08:24:24.061Z","IN","m360/DF/0000/out/2/6/1/0/37","375"
"2026-08-14T08:24:24.062Z","IN","m360/DF/0000/out/2/6/1/0/37","375"
"2026-08-14T08:24:27.132Z","IN","m360/DF/0000/out","{""nodeId"":0,""sensorId"":255,""command"":3,""ack"":0,""type"":22,""payload"":"""",""timestamp"":39421,""description"":""heartbeat"",""event"":""heartbeat"",""uptime"":39421,""rssi"":-64,""wifiRssi"":-64,""batteryLevel"":100,""ip"":""192.168.1.2"",""version"":""2.0"",""source"":""gateway""}"
"2026-08-14T08:24:27.132Z","IN","m360/DF/0000/out","{""nodeId"":0,""sensorId"":255,""command"":3,""ack"":0,""type"":22,""payload"":"""",""timestamp"":39421,""description"":""heartbeat"",""event"":""heartbeat"",""uptime"":39421,""rssi"":-64,""wifiRssi"":-64,""batteryLevel"":100,""ip"":""192.168.1.2"",""version"":""2.0"",""source"":""gateway""}"
"2026-08-14T08:24:27.152Z","IN","m360/DF/0000/gateway/status","{""timestamp"":39421,""isConnected"":true,""connectionTime"":39414,""reconnectCount"":0,""lastErrorCode"":0,""uptime"":39421,""source"":""gateway"",""type"":""mqtt_metrics""}"
"2026-08-14T08:24:49.090Z","IN","m360/DF/0000/out/1/2/1/0/37","238"
"2026-08-14T08:24:49.090Z","IN","m360/DF/0000/out/1/2/1/0/37","238"
"2026-08-14T08:24:49.198Z","IN","m360/DF/0000/out/1/4/1/0/37","366"
"2026-08-14T08:24:49.199Z","IN","m360/DF/0000/out/1/4/1/0/37","366"
"2026-08-14T08:24:49.436Z","IN","m360/DF/0000/out/1/5/1/0/37","377"
"2026-08-14T08:24:49.436Z","IN","m360/DF/0000/out/1/5/1/0/37","377"
"2026-08-14T08:24:49.474Z","IN","m360/DF/0000/out/1/6/1/0/37","250"
"2026-08-14T08:24:49.474Z","IN","m360/DF/0000/out/1/6/1/0/37","250"
"2026-08-14T08:25:23.596Z","IN","m360/DF/0000/out/2/1/1/0/37","119"
"2026-08-14T08:25:23.596Z","IN","m360/DF/0000/out/2/1/1/0/37","119"
"2026-08-14T08:25:23.849Z","IN","m360/DF/0000/out/2/5/1/0/37","630"
"2026-08-14T08:25:23.849Z","IN","m360/DF/0000/out/2/5/1/0/37","630"
"2026-08-14T08:25:23.850Z","IN","m360/DF/0000/out/2/6/1/0/37","372"
"2026-08-14T08:25:23.850Z","IN","m360/DF/0000/out/2/6/1/0/37","372"
"2026-08-14T08:25:27.136Z","IN","m360/DF/0000/out","{""nodeId"":0,""sensorId"":255,""command"":3,""ack"":0,""type"":22,""payload"":"""",""timestamp"":39481,""description"":""heartbeat"",""event"":""heartbeat"",""uptime"":39481,""rssi"":-64,""wifiRssi"":-64,""batteryLevel"":100,""ip"":""192.168.1.2"",""version"":""2.0"",""source"":""gateway""}"
"2026-08-14T08:25:27.137Z","IN","m360/DF/0000/out","{""nodeId"":0,""sensorId"":255,""command"":3,""ack"":0,""type"":22,""payload"":"""",""timestamp"":39481,""description"":""heartbeat"",""event"":""heartbeat"",""uptime"":39481,""rssi"":-64,""wifiRssi"":-64,""batteryLevel"":100,""ip"":""192.168.1.2"",""version"":""2.0"",""source"":""gateway""}"
"2026-08-14T08:25:27.159Z","IN","m360/DF/0000/gateway/status","{""timestamp"":39481,""isConnected"":true,""connectionTime"":39474,""reconnectCount"":0,""lastErrorCode"":0,""uptime"":39481,""source"":""gateway"",""type"":""mqtt_metrics""}"
"2026-08-14T08:25:49.169Z","IN","m360/DF/0000/out/1/1/1/0/37","327"
"2026-08-14T08:25:49.169Z","IN","m360/DF/0000/out/1/1/1/0/37","327"
"2026-08-14T08:25:49.283Z","IN","m360/DF/0000/out/1/2/1/0/37","327"
"2026-08-14T08:25:49.283Z","IN","m360/DF/0000/out/1/2/1/0/37","327"
"2026-08-14T08:25:49.285Z","IN","m360/DF/0000/out/1/3/1/0/37","130"
"2026-08-14T08:25:49.285Z","IN","m360/DF/0000/out/1/3/1/0/37","130"
"2026-08-14T08:25:49.585Z","IN","m360/DF/0000/out/1/4/1/0/37","408"
"2026-08-14T08:25:49.587Z","IN","m360/DF/0000/out/1/4/1/0/37","408"
"2026-08-14T08:25:49.587Z","IN","m360/DF/0000/out/1/5/1/0/37","387"
"2026-08-14T08:25:49.587Z","IN","m360/DF/0000/out/1/5/1/0/37","387"
"2026-08-14T08:25:49.587Z","IN","m360/DF/0000/out/1/6/1/0/37","263"
"2026-08-14T08:25:49.587Z","IN","m360/DF/0000/out/1/6/1/0/37","263"
"2026-08-14T08:26:23.618Z","IN","m360/DF/0000/out/2/2/1/0/37","345"
"2026-08-14T08:26:23.619Z","IN","m360/DF/0000/out/2/2/1/0/37","345"
"2026-08-14T08:26:23.748Z","IN","m360/DF/0000/out/2/4/1/0/37","1020"
"2026-08-14T08:26:23.748Z","IN","m360/DF/0000/out/2/4/1/0/37","1020"
"2026-08-14T08:26:23.749Z","IN","m360/DF/0000/out/2/5/1/0/37","617"
"2026-08-14T08:26:23.749Z","IN","m360/DF/0000/out/2/5/1/0/37","617"
"2026-08-14T08:26:23.749Z","IN","m360/DF/0000/out/2/6/1/0/37","347"
"2026-08-14T08:26:23.749Z","IN","m360/DF/0000/out/2/6/1/0/37","347"
"2026-08-14T08:26:27.141Z","IN","m360/DF/0000/out","{""nodeId"":0,""sensorId"":255,""command"":3,""ack"":0,""type"":22,""payload"":"""",""timestamp"":39541,""description"":""heartbeat"",""event"":""heartbeat"",""uptime"":39541,""rssi"":-65,""wifiRssi"":-65,""batteryLevel"":100,""ip"":""192.168.1.2"",""version"":""2.0"",""source"":""gateway""}"
"2026-08-14T08:26:27.142Z","IN","m360/DF/0000/out","{""nodeId"":0,""sensorId"":255,""command"":3,""ack"":0,""type"":22,""payload"":"""",""timestamp"":39541,""description"":""heartbeat"",""event"":""heartbeat"",""uptime"":39541,""rssi"":-65,""wifiRssi"":-65,""batteryLevel"":100,""ip"":""192.168.1.2"",""version"":""2.0"",""source"":""gateway""}"
"2026-08-14T08:26:27.158Z","IN","m360/DF/0000/gateway/status","{""timestamp"":39541,""isConnected"":true,""connectionTime"":39534,""reconnectCount"":0,""lastErrorCode"":0,""uptime"":39541,""source"":""gateway"",""type"":""mqtt_metrics""}"
"2026-08-14T08:26:49.216Z","IN","m360/DF/0000/out/1/1/1/0/37","329"
"2026-08-14T08:26:49.216Z","IN","m360/DF/0000/out/1/1/1/0/37","329"
"2026-08-14T08:26:49.430Z","IN","m360/DF/0000/out/1/2/1/0/37","331"
"2026-08-14T08:26:49.430Z","IN","m360/DF/0000/out/1/2/1/0/37","331"
"2026-08-14T08:26:49.432Z","IN","m360/DF/0000/out/1/4/1/0/37","399"
"2026-08-14T08:26:49.433Z","IN","m360/DF/0000/out/1/4/1/0/37","399"
"2026-08-14T08:26:49.433Z","IN","m360/DF/0000/out/1/5/1/0/37","386"
"2026-08-14T08:26:49.433Z","IN","m360/DF/0000/out/1/5/1/0/37","386"
"2026-08-14T08:26:49.645Z","IN","m360/DF/0000/out/1/6/1/0/37","253"
"2026-08-14T08:26:49.645Z","IN","m360/DF/0000/out/1/6/1/0/37","253"
"2026-08-14T08:27:23.614Z","IN","m360/DF/0000/out/2/1/1/0/37","116"
"2026-08-14T08:27:23.615Z","IN","m360/DF/0000/out/2/1/1/0/37","116"
"2026-08-14T08:27:23.723Z","IN","m360/DF/0000/out/2/2/1/0/37","431"
"2026-08-14T08:27:23.724Z","IN","m360/DF/0000/out/2/2/1/0/37","431"
"2026-08-14T08:27:23.724Z","IN","m360/DF/0000/out/2/3/1/0/37","1019"
"2026-08-14T08:27:23.725Z","IN","m360/DF/0000/out/2/3/1/0/37","1019"
"2026-08-14T08:27:24.029Z","IN","m360/DF/0000/out/2/5/1/0/37","625"
"2026-08-14T08:27:24.029Z","IN","m360/DF/0000/out/2/5/1/0/37","625"
"2026-08-14T08:27:24.029Z","IN","m360/DF/0000/out/2/6/1/0/37","374"
"2026-08-14T08:27:24.029Z","IN","m360/DF/0000/out/2/6/1/0/37","374"
"2026-08-14T08:27:27.146Z","IN","m360/DF/0000/out","{""nodeId"":0,""sensorId"":255,""command"":3,""ack"":0,""type"":22,""payload"":"""",""timestamp"":39601,""description"":""heartbeat"",""event"":""heartbeat"",""uptime"":39601,""rssi"":-66,""wifiRssi"":-66,""batteryLevel"":100,""ip"":""192.168.1.2"",""version"":""2.0"",""source"":""gateway""}"
"2026-08-14T08:27:27.146Z","IN","m360/DF/0000/out","{""nodeId"":0,""sensorId"":255,""command"":3,""ack"":0,""type"":22,""payload"":"""",""timestamp"":39601,""description"":""heartbeat"",""event"":""heartbeat"",""uptime"":39601,""rssi"":-66,""wifiRssi"":-66,""batteryLevel"":100,""ip"":""192.168.1.2"",""version"":""2.0"",""source"":""gateway""}"
"2026-08-14T08:27:27.163Z","IN","m360/DF/0000/gateway/status","{""timestamp"":39601,""isConnected"":true,""connectionTime"":39594,""reconnectCount"":0,""lastErrorCode"":0,""uptime"":39601,""source"":""gateway"",""type"":""mqtt_metrics""}"
"2026-08-14T08:27:49.301Z","IN","m360/DF/0000/out/1/1/1/0/37","325"
"2026-08-14T08:27:49.301Z","IN","m360/DF/0000/out/1/1/1/0/37","325"
"2026-08-14T08:27:49.426Z","IN","m360/DF/0000/out/1/2/1/0/37","330"
"2026-08-14T08:27:49.426Z","IN","m360/DF/0000/out/1/2/1/0/37","330"
"2026-08-14T08:27:49.428Z","IN","m360/DF/0000/out/1/3/1/0/37","134"
"2026-08-14T08:27:49.431Z","IN","m360/DF/0000/out/1/3/1/0/37","134"
"2026-08-14T08:27:49.758Z","IN","m360/DF/0000/out/1/4/1/0/37","490"
"2026-08-14T08:27:49.758Z","IN","m360/DF/0000/out/1/4/1/0/37","490"
"2026-08-14T08:27:49.758Z","IN","m360/DF/0000/out/1/5/1/0/37","407"
"2026-08-14T08:27:49.758Z","IN","m360/DF/0000/out/1/5/1/0/37","407"
"2026-08-14T08:27:49.758Z","IN","m360/DF/0000/out/1/6/1/0/37","268"
"2026-08-14T08:27:49.758Z","IN","m360/DF/0000/out/1/6/1/0/37","268"
"2026-08-14T08:28:23.597Z","IN","m360/DF/0000/out/2/1/1/0/37","115"
"2026-08-14T08:28:23.597Z","IN","m360/DF/0000/out/2/1/1/0/37","115"
"2026-08-14T08:28:23.716Z","IN","m360/DF/0000/out/2/2/1/0/37","399"
"2026-08-14T08:28:23.717Z","IN","m360/DF/0000/out/2/2/1/0/37","399"
"2026-08-14T08:28:23.724Z","IN","m360/DF/0000/out/2/3/1/0/37","1020"
"2026-08-14T08:28:23.725Z","IN","m360/DF/0000/out/2/3/1/0/37","1020"
"2026-08-14T08:28:24.092Z","IN","m360/DF/0000/out/2/4/1/0/37","1019"
"2026-08-14T08:28:24.092Z","IN","m360/DF/0000/out/2/4/1/0/37","1019"
"2026-08-14T08:28:24.092Z","IN","m360/DF/0000/out/2/5/1/0/37","633"
"2026-08-14T08:28:24.092Z","IN","m360/DF/0000/out/2/5/1/0/37","633"
"2026-08-14T08:28:24.092Z","IN","m360/DF/0000/out/2/6/1/0/37","386"
"2026-08-14T08:28:24.092Z","IN","m360/DF/0000/out/2/6/1/0/37","386"
"2026-08-14T08:28:27.151Z","IN","m360/DF/0000/out","{""nodeId"":0,""sensorId"":255,""command"":3,""ack"":0,""type"":22,""payload"":"""",""timestamp"":39661,""description"":""heartbeat"",""event"":""heartbeat"",""uptime"":39661,""rssi"":-64,""wifiRssi"":-64,""batteryLevel"":100,""ip"":""192.168.1.2"",""version"":""2.0"",""source"":""gateway""}"
"2026-08-14T08:28:27.151Z","IN","m360/DF/0000/out","{""nodeId"":0,""sensorId"":255,""command"":3,""ack"":0,""type"":22,""payload"":"""",""timestamp"":39661,""description"":""heartbeat"",""event"":""heartbeat"",""uptime"":39661,""rssi"":-64,""wifiRssi"":-64,""batteryLevel"":100,""ip"":""192.168.1.2"",""version"":""2.0"",""source"":""gateway""}"
"2026-08-14T08:28:27.168Z","IN","m360/DF/0000/gateway/status","{""timestamp"":39661,""isConnected"":true,""connectionTime"":39654,""reconnectCount"":0,""lastErrorCode"":0,""uptime"":39661,""source"":""gateway"",""type"":""mqtt_metrics""}"
"2026-08-14T08:28:49.384Z","IN","m360/DF/0000/out/1/1/1/0/37","338"
"2026-08-14T08:28:49.384Z","IN","m360/DF/0000/out/1/1/1/0/37","338"
"2026-08-14T08:28:49.472Z","IN","m360/DF/0000/out/1/2/1/0/37","321"
"2026-08-14T08:28:49.472Z","IN","m360/DF/0000/out/1/2/1/0/37","321"
"2026-08-14T08:28:49.472Z","IN","m360/DF/0000/out/1/3/1/0/37","135"
"2026-08-14T08:28:49.472Z","IN","m360/DF/0000/out/1/3/1/0/37","135"
"2026-08-14T08:28:49.822Z","IN","m360/DF/0000/out/1/4/1/0/37","405"
"2026-08-14T08:28:49.822Z","IN","m360/DF/0000/out/1/4/1/0/37","405"
"2026-08-14T08:28:49.822Z","IN","m360/DF/0000/out/1/5/1/0/37","384"
"2026-08-14T08:28:49.822Z","IN","m360/DF/0000/out/1/5/1/0/37","384"
"2026-08-14T08:28:49.822Z","IN","m360/DF/0000/out/1/6/1/0/37","262"
"2026-08-14T08:28:49.822Z","IN","m360/DF/0000/out/1/6/1/0/37","262"
"2026-08-14T08:29:23.622Z","IN","m360/DF/0000/out/2/2/1/0/37","361"
"2026-08-14T08:29:23.623Z","IN","m360/DF/0000/out/2/2/1/0/37","361"
"2026-08-14T08:29:23.729Z","IN","m360/DF/0000/out/2/5/1/0/37","610"
"2026-08-14T08:29:23.729Z","IN","m360/DF/0000/out/2/5/1/0/37","610"
"2026-08-14T08:29:24.033Z","IN","m360/DF/0000/out/2/6/1/0/37","366"
"2026-08-14T08:29:24.033Z","IN","m360/DF/0000/out/2/6/1/0/37","366"
"2026-08-14T08:29:27.159Z","IN","m360/DF/0000/out/events","{""event"":""node_lost"",""nodeId"":99,""timestamp"":39721,""rssi"":-65,""details"":""Inactivity detected: timeout 300 s""}"
"2026-08-14T08:29:27.159Z","IN","m360/DF/0000/out/events","{""event"":""node_lost"",""nodeId"":99,""timestamp"":39721,""rssi"":-65,""details"":""Inactivity detected: timeout 300 s""}"
"2026-08-14T08:29:27.178Z","IN","m360/DF/0000/out","{""nodeId"":0,""sensorId"":255,""command"":3,""ack"":0,""type"":22,""payload"":"""",""timestamp"":39721,""description"":""heartbeat"",""event"":""heartbeat"",""uptime"":39721,""rssi"":-65,""wifiRssi"":-65,""batteryLevel"":100,""ip"":""192.168.1.2"",""version"":""2.0"",""source"":""gateway""}"
"2026-08-14T08:29:27.178Z","IN","m360/DF/0000/out","{""nodeId"":0,""sensorId"":255,""command"":3,""ack"":0,""type"":22,""payload"":"""",""timestamp"":39721,""description"":""heartbeat"",""event"":""heartbeat"",""uptime"":39721,""rssi"":-65,""wifiRssi"":-65,""batteryLevel"":100,""ip"":""192.168.1.2"",""version"":""2.0"",""source"":""gateway""}"
"2026-08-14T08:29:27.178Z","IN","m360/DF/0000/gateway/status","{""timestamp"":39721,""isConnected"":true,""connectionTime"":39714,""reconnectCount"":0,""lastErrorCode"":0,""uptime"":39721,""source"":""gateway"",""type"":""mqtt_metrics""}"
"2026-08-14T08:29:49.460Z","IN","m360/DF/0000/out/1/1/1/0/37","336"
"2026-08-14T08:29:49.460Z","IN","m360/DF/0000/out/1/1/1/0/37","336"
"2026-08-14T08:29:49.570Z","IN","m360/DF/0000/out/1/2/1/0/37","326"
"2026-08-14T08:29:49.571Z","IN","m360/DF/0000/out/1/2/1/0/37","326"
"2026-08-14T08:29:49.574Z","IN","m360/DF/0000/out/1/3/1/0/37","115"
"2026-08-14T08:29:49.574Z","IN","m360/DF/0000/out/1/3/1/0/37","115"
"2026-08-14T08:29:49.575Z","IN","m360/DF/0000/out/1/4/1/0/37","403"
"2026-08-14T08:29:49.575Z","IN","m360/DF/0000/out/1/4/1/0/37","403"
"2026-08-14T08:29:49.886Z","IN","m360/DF/0000/out/1/6/1/0/37","248"
"2026-08-14T08:29:49.886Z","IN","m360/DF/0000/out/1/6/1/0/37","248"
"2026-08-14T08:30:23.628Z","IN","m360/DF/0000/out/2/1/1/0/37","120"
"2026-08-14T08:30:23.628Z","IN","m360/DF/0000/out/2/1/1/0/37","120"
"2026-08-14T08:30:23.746Z","IN","m360/DF/0000/out/2/2/1/0/37","431"
"2026-08-14T08:30:23.747Z","IN","m360/DF/0000/out/2/2/1/0/37","431"
"2026-08-14T08:30:23.754Z","IN","m360/DF/0000/out/2/3/1/0/37","1019"
"2026-08-14T08:30:23.754Z","IN","m360/DF/0000/out/2/3/1/0/37","1019"
"2026-08-14T08:30:24.089Z","IN","m360/DF/0000/out/2/4/1/0/37","1020"
"2026-08-14T08:30:24.090Z","IN","m360/DF/0000/out/2/4/1/0/37","1020"
"2026-08-14T08:30:24.092Z","IN","m360/DF/0000/out/2/5/1/0/37","631"
"2026-08-14T08:30:24.092Z","IN","m360/DF/0000/out/2/5/1/0/37","631"
"2026-08-14T08:30:24.092Z","IN","m360/DF/0000/out/2/6/1/0/37","398"
"2026-08-14T08:30:24.092Z","IN","m360/DF/0000/out/2/6/1/0/37","398"
"2026-08-14T08:30:27.167Z","IN","m360/DF/0000/out","{""nodeId"":0,""sensorId"":255,""command"":3,""ack"":0,""type"":22,""payload"":"""",""timestamp"":39781,""description"":""heartbeat"",""event"":""heartbeat"",""uptime"":39781,""rssi"":-65,""wifiRssi"":-65,""batteryLevel"":100,""ip"":""192.168.1.2"",""version"":""2.0"",""source"":""gateway""}"
"2026-08-14T08:30:27.167Z","IN","m360/DF/0000/out","{""nodeId"":0,""sensorId"":255,""command"":3,""ack"":0,""type"":22,""payload"":"""",""timestamp"":39781,""description"":""heartbeat"",""event"":""heartbeat"",""uptime"":39781,""rssi"":-65,""wifiRssi"":-65,""batteryLevel"":100,""ip"":""192.168.1.2"",""version"":""2.0"",""source"":""gateway""}"
"2026-08-14T08:30:27.177Z","IN","m360/DF/0000/gateway/status","{""timestamp"":39781,""isConnected"":true,""connectionTime"":39774,""reconnectCount"":0,""lastErrorCode"":0,""uptime"":39781,""source"":""gateway"",""type"":""mqtt_metrics""}"
"2026-08-14T08:30:49.521Z","IN","m360/DF/0000/out/1/1/1/0/37","335"
"2026-08-14T08:30:49.523Z","IN","m360/DF/0000/out/1/1/1/0/37","335"
"2026-08-14T08:30:49.735Z","IN","m360/DF/0000/out/1/2/1/0/37","332"
"2026-08-14T08:30:49.737Z","IN","m360/DF/0000/out/1/2/1/0/37","332"
"2026-08-14T08:30:49.738Z","IN","m360/DF/0000/out/1/3/1/0/37","122"
"2026-08-14T08:30:49.738Z","IN","m360/DF/0000/out/1/3/1/0/37","122"
"2026-08-14T08:30:49.744Z","IN","m360/DF/0000/out/1/4/1/0/37","425"
"2026-08-14T08:30:49.745Z","IN","m360/DF/0000/out/1/4/1/0/37","425"
"2026-08-14T08:30:49.745Z","IN","m360/DF/0000/out/1/5/1/0/37","405"
"2026-08-14T08:30:49.745Z","IN","m360/DF/0000/out/1/5/1/0/37","405"
"2026-08-14T08:30:50.176Z","IN","m360/DF/0000/out/1/6/1/0/37","267"
"2026-08-14T08:30:50.177Z","IN","m360/DF/0000/out/1/6/1/0/37","267"
"2026-08-14T08:31:01.170Z","IN","m360/DF/0000/out/events","{""event"":""node_reconnected"",""nodeId"":99,""timestamp"":39815,""rssi"":-65,""details"":""Node back online or discovered""}"
"2026-08-14T08:31:01.171Z","IN","m360/DF/0000/out/events","{""event"":""node_reconnected"",""nodeId"":99,""timestamp"":39815,""rssi"":-65,""details"":""Node back online or discovered""}"
"2026-08-14T08:31:01.228Z","IN","m360/DF/0000/out/99/21/1/0/24","0"
"2026-08-14T08:31:01.234Z","IN","m360/DF/0000/out/99/21/1/0/24","0"
"2026-08-14T08:31:23.652Z","IN","m360/DF/0000/out/2/1/1/0/37","123"
"2026-08-14T08:31:23.653Z","IN","m360/DF/0000/out/2/1/1/0/37","123"
"2026-08-14T08:31:23.744Z","IN","m360/DF/0000/out/2/2/1/0/37","435"
"2026-08-14T08:31:23.745Z","IN","m360/DF/0000/out/2/2/1/0/37","435"
"2026-08-14T08:31:24.079Z","IN","m360/DF/0000/out/2/3/1/0/37","1020"
"2026-08-14T08:31:24.079Z","IN","m360/DF/0000/out/2/3/1/0/37","1020"
"2026-08-14T08:31:24.079Z","IN","m360/DF/0000/out/2/5/1/0/37","633"
"2026-08-14T08:31:24.079Z","IN","m360/DF/0000/out/2/5/1/0/37","633"
"2026-08-14T08:31:24.079Z","IN","m360/DF/0000/out/2/6/1/0/37","396"
"2026-08-14T08:31:24.080Z","IN","m360/DF/0000/out/2/6/1/0/37","396"
"2026-08-14T08:31:27.165Z","IN","m360/DF/0000/out","{""nodeId"":0,""sensorId"":255,""command"":3,""ack"":0,""type"":22,""payload"":"""",""timestamp"":39841,""description"":""heartbeat"",""event"":""heartbeat"",""uptime"":39841,""rssi"":-65,""wifiRssi"":-65,""batteryLevel"":100,""ip"":""192.168.1.2"",""version"":""2.0"",""source"":""gateway""}"
"2026-08-14T08:31:27.165Z","IN","m360/DF/0000/out","{""nodeId"":0,""sensorId"":255,""command"":3,""ack"":0,""type"":22,""payload"":"""",""timestamp"":39841,""description"":""heartbeat"",""event"":""heartbeat"",""uptime"":39841,""rssi"":-65,""wifiRssi"":-65,""batteryLevel"":100,""ip"":""192.168.1.2"",""version"":""2.0"",""source"":""gateway""}"
"2026-08-14T08:31:27.181Z","IN","m360/DF/0000/gateway/status","{""timestamp"":39841,""isConnected"":true,""connectionTime"":39834,""reconnectCount"":0,""lastErrorCode"":0,""uptime"":39841,""source"":""gateway"",""type"":""mqtt_metrics""}"
"2026-08-14T08:31:49.596Z","IN","m360/DF/0000/out/1/1/1/0/37","340"
"2026-08-14T08:31:49.597Z","IN","m360/DF/0000/out/1/1/1/0/37","340"
"2026-08-14T08:31:49.769Z","IN","m360/DF/0000/out/1/2/1/0/37","331"
"2026-08-14T08:31:49.773Z","IN","m360/DF/0000/out/1/2/1/0/37","331"
"2026-08-14T08:31:49.774Z","IN","m360/DF/0000/out/1/3/1/0/37","127"
"2026-08-14T08:31:49.775Z","IN","m360/DF/0000/out/1/3/1/0/37","127"
"2026-08-14T08:31:49.818Z","IN","m360/DF/0000/out/1/4/1/0/37","423"
"2026-08-14T08:31:49.818Z","IN","m360/DF/0000/out/1/4/1/0/37","423"
"2026-08-14T08:31:50.063Z","IN","m360/DF/0000/out/1/5/1/0/37","399"
"2026-08-14T08:31:50.063Z","IN","m360/DF/0000/out/1/5/1/0/37","399"
"2026-08-14T08:31:50.235Z","IN","m360/DF/0000/out/1/6/1/0/37","262"
"2026-08-14T08:31:50.235Z","IN","m360/DF/0000/out/1/6/1/0/37","262"
"2026-08-14T08:32:23.659Z","IN","m360/DF/0000/out/2/1/1/0/37","99"
"2026-08-14T08:32:23.660Z","IN","m360/DF/0000/out/2/1/1/0/37","99"
"2026-08-14T08:32:23.742Z","IN","m360/DF/0000/out/2/5/1/0/37","572"
"2026-08-14T08:32:23.743Z","IN","m360/DF/0000/out/2/5/1/0/37","572"
"2026-08-14T08:32:24.054Z","IN","m360/DF/0000/out/2/6/1/0/37","467"
"2026-08-14T08:32:24.054Z","IN","m360/DF/0000/out/2/6/1/0/37","467"
"2026-08-14T08:32:27.168Z","IN","m360/DF/0000/out","{""nodeId"":0,""sensorId"":255,""command"":3,""ack"":0,""type"":22,""payload"":"""",""timestamp"":39901,""description"":""heartbeat"",""event"":""heartbeat"",""uptime"":39901,""rssi"":-64,""wifiRssi"":-64,""batteryLevel"":100,""ip"":""192.168.1.2"",""version"":""2.0"",""source"":""gateway""}"
"2026-08-14T08:32:27.169Z","IN","m360/DF/0000/out","{""nodeId"":0,""sensorId"":255,""command"":3,""ack"":0,""type"":22,""payload"":"""",""timestamp"":39901,""description"":""heartbeat"",""event"":""heartbeat"",""uptime"":39901,""rssi"":-64,""wifiRssi"":-64,""batteryLevel"":100,""ip"":""192.168.1.2"",""version"":""2.0"",""source"":""gateway""}"
"2026-08-14T08:32:27.186Z","IN","m360/DF/0000/gateway/status","{""timestamp"":39901,""isConnected"":true,""connectionTime"":39894,""reconnectCount"":0,""lastErrorCode"":0,""uptime"":39901,""source"":""gateway"",""type"":""mqtt_metrics""}"
"2026-08-14T08:32:49.642Z","IN","m360/DF/0000/out/1/1/1/0/37","339"
"2026-08-14T08:32:49.642Z","IN","m360/DF/0000/out/1/1/1/0/37","339"
"2026-08-14T08:32:49.750Z","IN","m360/DF/0000/out/1/2/1/0/37","330"
"2026-08-14T08:32:49.752Z","IN","m360/DF/0000/out/1/2/1/0/37","330"
"2026-08-14T08:32:49.754Z","IN","m360/DF/0000/out/1/3/1/0/37","134"
"2026-08-14T08:32:49.754Z","IN","m360/DF/0000/out/1/3/1/0/37","134"
"2026-08-14T08:32:50.124Z","IN","m360/DF/0000/out/1/4/1/0/37","433"
"2026-08-14T08:32:50.124Z","IN","m360/DF/0000/out/1/4/1/0/37","433"
"2026-08-14T08:32:50.124Z","IN","m360/DF/0000/out/1/5/1/0/37","401"
"2026-08-14T08:32:50.124Z","IN","m360/DF/0000/out/1/5/1/0/37","401"
"2026-08-14T08:32:50.124Z","IN","m360/DF/0000/out/1/6/1/0/37","258"
"2026-08-14T08:32:50.124Z","IN","m360/DF/0000/out/1/6/1/0/37","258"
"2026-08-14T08:33:27.175Z","IN","m360/DF/0000/out","{""nodeId"":0,""sensorId"":255,""command"":3,""ack"":0,""type"":22,""payload"":"""",""timestamp"":39961,""description"":""heartbeat"",""event"":""heartbeat"",""uptime"":39961,""rssi"":-64,""wifiRssi"":-64,""batteryLevel"":100,""ip"":""192.168.1.2"",""version"":""2.0"",""source"":""gateway""}"
"2026-08-14T08:33:27.175Z","IN","m360/DF/0000/out","{""nodeId"":0,""sensorId"":255,""command"":3,""ack"":0,""type"":22,""payload"":"""",""timestamp"":39961,""description"":""heartbeat"",""event"":""heartbeat"",""uptime"":39961,""rssi"":-64,""wifiRssi"":-64,""batteryLevel"":100,""ip"":""192.168.1.2"",""version"":""2.0"",""source"":""gateway""}"
"2026-08-14T08:33:27.235Z","IN","m360/DF/0000/gateway/status","{""timestamp"":39961,""isConnected"":true,""connectionTime"":39954,""reconnectCount"":0,""lastErrorCode"":0,""uptime"":39961,""source"":""gateway"",""type"":""mqtt_metrics""}"
"2026-08-14T08:33:49.730Z","IN","m360/DF/0000/out/1/1/1/0/37","341"
"2026-08-14T08:33:49.730Z","IN","m360/DF/0000/out/1/1/1/0/37","341"
"2026-08-14T08:33:49.839Z","IN","m360/DF/0000/out/1/2/1/0/37","316"
"2026-08-14T08:33:49.840Z","IN","m360/DF/0000/out/1/2/1/0/37","316"
"2026-08-14T08:33:49.842Z","IN","m360/DF/0000/out/1/3/1/0/37","128"
"2026-08-14T08:33:49.842Z","IN","m360/DF/0000/out/1/3/1/0/37","128"
"2026-08-14T08:33:50.171Z","IN","m360/DF/0000/out/1/4/1/0/37","435"
"2026-08-14T08:33:50.171Z","IN","m360/DF/0000/out/1/4/1/0/37","435"
"2026-08-14T08:33:50.171Z","IN","m360/DF/0000/out/1/5/1/0/37","407"
"2026-08-14T08:33:50.171Z","IN","m360/DF/0000/out/1/5/1/0/37","407"
"2026-08-14T08:33:50.171Z","IN","m360/DF/0000/out/1/6/1/0/37","264"
"2026-08-14T08:33:50.171Z","IN","m360/DF/0000/out/1/6/1/0/37","264"
"2026-08-14T08:34:28.219Z","IN","m360/DF/0000/out","{""nodeId"":0,""sensorId"":255,""command"":3,""ack"":0,""type"":22,""payload"":"""",""timestamp"":40023,""description"":""heartbeat"",""event"":""heartbeat"",""uptime"":40023,""rssi"":-64,""wifiRssi"":-64,""batteryLevel"":100,""ip"":""192.168.1.2"",""version"":""2.0"",""source"":""gateway""}"
"2026-08-14T08:34:28.219Z","IN","m360/DF/0000/out","{""nodeId"":0,""sensorId"":255,""command"":3,""ack"":0,""type"":22,""payload"":"""",""timestamp"":40023,""description"":""heartbeat"",""event"":""heartbeat"",""uptime"":40023,""rssi"":-64,""wifiRssi"":-64,""batteryLevel"":100,""ip"":""192.168.1.2"",""version"":""2.0"",""source"":""gateway""}"
"2026-08-14T08:34:28.277Z","IN","m360/DF/0000/gateway/status","{""timestamp"":40023,""isConnected"":true,""connectionTime"":40015,""reconnectCount"":0,""lastErrorCode"":0,""uptime"":40023,""source"":""gateway"",""type"":""mqtt_metrics""}"
"2026-08-14T08:35:00.901Z","IN","m360/DF/0000/out/99/11/1/0/0","14"
"2026-08-14T08:35:00.906Z","IN","m360/DF/0000/out/99/11/1/0/0","14"
"2026-08-14T08:35:00.962Z","IN","m360/DF/0000/out/99/12/1/0/1","21"
"2026-08-14T08:35:00.963Z","IN","m360/DF/0000/out/99/12/1/0/1","21"
"2026-08-14T08:35:23.695Z","IN","m360/DF/0000/out/2/1/1/0/37","117"
"2026-08-14T08:35:23.696Z","IN","m360/DF/0000/out/2/1/1/0/37","117"
"2026-08-14T08:35:23.779Z","IN","m360/DF/0000/out/2/2/1/0/37","428"
"2026-08-14T08:35:23.780Z","IN","m360/DF/0000/out/2/2/1/0/37","428"
"2026-08-14T08:35:24.068Z","IN","m360/DF/0000/out/2/3/1/0/37","1020"
"2026-08-14T08:35:24.068Z","IN","m360/DF/0000/out/2/3/1/0/37","1020"
"2026-08-14T08:35:24.068Z","IN","m360/DF/0000/out/2/4/1/0/37","1020"
"2026-08-14T08:35:24.068Z","IN","m360/DF/0000/out/2/4/1/0/37","1020"
"2026-08-14T08:35:24.068Z","IN","m360/DF/0000/out/2/5/1/0/37","632"
"2026-08-14T08:35:24.069Z","IN","m360/DF/0000/out/2/5/1/0/37","632"
"2026-08-14T08:35:24.069Z","IN","m360/DF/0000/out/2/6/1/0/37","387"
"2026-08-14T08:35:24.069Z","IN","m360/DF/0000/out/2/6/1/0/37","387"
"2026-08-14T08:35:28.224Z","IN","m360/DF/0000/out","{""nodeId"":0,""sensorId"":255,""command"":3,""ack"":0,""type"":22,""payload"":"""",""timestamp"":40083,""description"":""heartbeat"",""event"":""heartbeat"",""uptime"":40083,""rssi"":-64,""wifiRssi"":-64,""batteryLevel"":100,""ip"":""192.168.1.2"",""version"":""2.0"",""source"":""gateway""}"
"2026-08-14T08:35:28.224Z","IN","m360/DF/0000/out","{""nodeId"":0,""sensorId"":255,""command"":3,""ack"":0,""type"":22,""payload"":"""",""timestamp"":40083,""description"":""heartbeat"",""event"":""heartbeat"",""uptime"":40083,""rssi"":-64,""wifiRssi"":-64,""batteryLevel"":100,""ip"":""192.168.1.2"",""version"":""2.0"",""source"":""gateway""}"
"2026-08-14T08:35:28.240Z","IN","m360/DF/0000/gateway/status","{""timestamp"":40083,""isConnected"":true,""connectionTime"":40075,""reconnectCount"":0,""lastErrorCode"":0,""uptime"":40083,""source"":""gateway"",""type"":""mqtt_metrics""}"
"2026-08-14T08:36:23.719Z","IN","m360/DF/0000/out/2/1/1/0/37","295"
"2026-08-14T08:36:23.719Z","IN","m360/DF/0000/out/2/1/1/0/37","295"
"2026-08-14T08:36:23.825Z","IN","m360/DF/0000/out/2/2/1/0/37","433"
"2026-08-14T08:36:23.826Z","IN","m360/DF/0000/out/2/2/1/0/37","433"
"2026-08-14T08:36:23.827Z","IN","m360/DF/0000/out/2/3/1/0/37","1010"
"2026-08-14T08:36:23.827Z","IN","m360/DF/0000/out/2/3/1/0/37","1010"
"2026-08-14T08:36:24.162Z","IN","m360/DF/0000/out/2/5/1/0/37","628"
"2026-08-14T08:36:24.162Z","IN","m360/DF/0000/out/2/5/1/0/37","628"
"2026-08-14T08:36:24.162Z","IN","m360/DF/0000/out/2/6/1/0/37","292"
"2026-08-14T08:36:24.162Z","IN","m360/DF/0000/out/2/6/1/0/37","292"
"2026-08-14T08:36:28.232Z","IN","m360/DF/0000/out","{""nodeId"":0,""sensorId"":255,""command"":3,""ack"":0,""type"":22,""payload"":"""",""timestamp"":40143,""description"":""heartbeat"",""event"":""heartbeat"",""uptime"":40143,""rssi"":-64,""wifiRssi"":-64,""batteryLevel"":100,""ip"":""192.168.1.2"",""version"":""2.0"",""source"":""gateway""}"
"2026-08-14T08:36:28.233Z","IN","m360/DF/0000/out","{""nodeId"":0,""sensorId"":255,""command"":3,""ack"":0,""type"":22,""payload"":"""",""timestamp"":40143,""description"":""heartbeat"",""event"":""heartbeat"",""uptime"":40143,""rssi"":-64,""wifiRssi"":-64,""batteryLevel"":100,""ip"":""192.168.1.2"",""version"":""2.0"",""source"":""gateway""}"
"2026-08-14T08:36:28.245Z","IN","m360/DF/0000/gateway/status","{""timestamp"":40143,""isConnected"":true,""connectionTime"":40135,""reconnectCount"":0,""lastErrorCode"":0,""uptime"":40143,""source"":""gateway"",""type"":""mqtt_metrics""}"
"2026-08-14T08:37:23.748Z","IN","m360/DF/0000/out/2/1/1/0/37","117"
"2026-08-14T08:37:23.748Z","IN","m360/DF/0000/out/2/1/1/0/37","117"
"2026-08-14T08:37:23.845Z","IN","m360/DF/0000/out/2/2/1/0/37","430"
"2026-08-14T08:37:23.845Z","IN","m360/DF/0000/out/2/2/1/0/37","430"
"2026-08-14T08:37:24.156Z","IN","m360/DF/0000/out/2/3/1/0/37","1020"
"2026-08-14T08:37:24.156Z","IN","m360/DF/0000/out/2/3/1/0/37","1020"
"2026-08-14T08:37:24.156Z","IN","m360/DF/0000/out/2/5/1/0/37","627"
"2026-08-14T08:37:24.157Z","IN","m360/DF/0000/out/2/5/1/0/37","627"
"2026-08-14T08:37:24.157Z","IN","m360/DF/0000/out/2/6/1/0/37","391"
"2026-08-14T08:37:24.157Z","IN","m360/DF/0000/out/2/6/1/0/37","391"
"2026-08-14T08:37:28.232Z","IN","m360/DF/0000/out","{""nodeId"":0,""sensorId"":255,""command"":3,""ack"":0,""type"":22,""payload"":"""",""timestamp"":40203,""description"":""heartbeat"",""event"":""heartbeat"",""uptime"":40203,""rssi"":-64,""wifiRssi"":-64,""batteryLevel"":100,""ip"":""192.168.1.2"",""version"":""2.0"",""source"":""gateway""}"
"2026-08-14T08:37:28.233Z","IN","m360/DF/0000/out","{""nodeId"":0,""sensorId"":255,""command"":3,""ack"":0,""type"":22,""payload"":"""",""timestamp"":40203,""description"":""heartbeat"",""event"":""heartbeat"",""uptime"":40203,""rssi"":-64,""wifiRssi"":-64,""batteryLevel"":100,""ip"":""192.168.1.2"",""version"":""2.0"",""source"":""gateway""}"
"2026-08-14T08:37:28.252Z","IN","m360/DF/0000/gateway/status","{""timestamp"":40203,""isConnected"":true,""connectionTime"":40195,""reconnectCount"":0,""lastErrorCode"":0,""uptime"":40203,""source"":""gateway"",""type"":""mqtt_metrics""}"
"2026-08-14T08:38:23.774Z","IN","m360/DF/0000/out/2/1/1/0/37","115"
"2026-08-14T08:38:23.774Z","IN","m360/DF/0000/out/2/1/1/0/37","115"
"2026-08-14T08:38:23.870Z","IN","m360/DF/0000/out/2/2/1/0/37","435"
"2026-08-14T08:38:23.873Z","IN","m360/DF/0000/out/2/2/1/0/37","435"
"2026-08-14T08:38:24.191Z","IN","m360/DF/0000/out/2/5/1/0/37","624"
"2026-08-14T08:38:24.191Z","IN","m360/DF/0000/out/2/5/1/0/37","624"
"2026-08-14T08:38:24.192Z","IN","m360/DF/0000/out/2/6/1/0/37","381"
"2026-08-14T08:38:24.192Z","IN","m360/DF/0000/out/2/6/1/0/37","381"
"2026-08-14T08:38:28.236Z","IN","m360/DF/0000/out","{""nodeId"":0,""sensorId"":255,""command"":3,""ack"":0,""type"":22,""payload"":"""",""timestamp"":40263,""description"":""heartbeat"",""event"":""heartbeat"",""uptime"":40263,""rssi"":-64,""wifiRssi"":-64,""batteryLevel"":100,""ip"":""192.168.1.2"",""version"":""2.0"",""source"":""gateway""}"
"2026-08-14T08:38:28.236Z","IN","m360/DF/0000/out","{""nodeId"":0,""sensorId"":255,""command"":3,""ack"":0,""type"":22,""payload"":"""",""timestamp"":40263,""description"":""heartbeat"",""event"":""heartbeat"",""uptime"":40263,""rssi"":-64,""wifiRssi"":-64,""batteryLevel"":100,""ip"":""192.168.1.2"",""version"":""2.0"",""source"":""gateway""}"
"2026-08-14T08:38:28.253Z","IN","m360/DF/0000/gateway/status","{""timestamp"":40263,""isConnected"":true,""connectionTime"":40255,""reconnectCount"":0,""lastErrorCode"":0,""uptime"":40263,""source"":""gateway"",""type"":""mqtt_metrics""}"
"2026-08-14T08:38:50.099Z","IN","m360/DF/0000/out/1/1/1/0/37","334"
"2026-08-14T08:38:50.100Z","IN","m360/DF/0000/out/1/1/1/0/37","334"
"2026-08-14T08:38:50.333Z","IN","m360/DF/0000/out/1/2/1/0/37","329"
"2026-08-14T08:38:50.334Z","IN","m360/DF/0000/out/1/2/1/0/37","329"
"2026-08-14T08:38:50.342Z","IN","m360/DF/0000/out/1/3/1/0/37","133"
"2026-08-14T08:38:50.342Z","IN","m360/DF/0000/out/1/3/1/0/37","133"
"2026-08-14T08:38:50.342Z","IN","m360/DF/0000/out/1/4/1/0/37","408"
"2026-08-14T08:38:50.342Z","IN","m360/DF/0000/out/1/4/1/0/37","408"
"2026-08-14T08:38:50.342Z","IN","m360/DF/0000/out/1/5/1/0/37","402"
"2026-08-14T08:38:50.342Z","IN","m360/DF/0000/out/1/5/1/0/37","402"
"2026-08-14T08:38:50.345Z","IN","m360/DF/0000/out/1/6/1/0/37","293"
"2026-08-14T08:38:50.345Z","IN","m360/DF/0000/out/1/6/1/0/37","293"
"2026-08-14T08:39:23.768Z","IN","m360/DF/0000/out/2/1/1/0/37","118"
"2026-08-14T08:39:23.769Z","IN","m360/DF/0000/out/2/1/1/0/37","118"
"2026-08-14T08:39:23.851Z","IN","m360/DF/0000/out/2/2/1/0/37","423"
"2026-08-14T08:39:23.852Z","IN","m360/DF/0000/out/2/2/1/0/37","423"
"2026-08-14T08:39:23.852Z","IN","m360/DF/0000/out/2/3/1/0/37","1018"
"2026-08-14T08:39:23.853Z","IN","m360/DF/0000/out/2/3/1/0/37","1018"
"2026-08-14T08:39:24.190Z","IN","m360/DF/0000/out/2/5/1/0/37","626"
"2026-08-14T08:39:24.190Z","IN","m360/DF/0000/out/2/5/1/0/37","626"
"2026-08-14T08:39:24.190Z","IN","m360/DF/0000/out/2/6/1/0/37","390"
"2026-08-14T08:39:24.190Z","IN","m360/DF/0000/out/2/6/1/0/37","390"
"2026-08-14T08:39:28.242Z","IN","m360/DF/0000/out","{""nodeId"":0,""sensorId"":255,""command"":3,""ack"":0,""type"":22,""payload"":"""",""timestamp"":40323,""description"":""heartbeat"",""event"":""heartbeat"",""uptime"":40323,""rssi"":-65,""wifiRssi"":-65,""batteryLevel"":100,""ip"":""192.168.1.2"",""version"":""2.0"",""source"":""gateway""}"
"2026-08-14T08:39:28.244Z","IN","m360/DF/0000/out","{""nodeId"":0,""sensorId"":255,""command"":3,""ack"":0,""type"":22,""payload"":"""",""timestamp"":40323,""description"":""heartbeat"",""event"":""heartbeat"",""uptime"":40323,""rssi"":-65,""wifiRssi"":-65,""batteryLevel"":100,""ip"":""192.168.1.2"",""version"":""2.0"",""source"":""gateway""}"
"2026-08-14T08:39:28.261Z","IN","m360/DF/0000/gateway/status","{""timestamp"":40323,""isConnected"":true,""connectionTime"":40315,""reconnectCount"":0,""lastErrorCode"":0,""uptime"":40323,""source"":""gateway"",""type"":""mqtt_metrics""}"
"2026-08-14T08:39:50.187Z","IN","m360/DF/0000/out/1/2/1/0/37","247"
"2026-08-14T08:39:50.188Z","IN","m360/DF/0000/out/1/2/1/0/37","247"
"2026-08-14T08:39:50.285Z","IN","m360/DF/0000/out/1/3/1/0/37","110"
"2026-08-14T08:39:50.319Z","IN","m360/DF/0000/out/1/3/1/0/37","110"
"2026-08-14T08:39:50.319Z","IN","m360/DF/0000/out/1/4/1/0/37","398"
"2026-08-14T08:39:50.319Z","IN","m360/DF/0000/out/1/4/1/0/37","398"
"2026-08-14T08:39:50.326Z","IN","m360/DF/0000/out/1/5/1/0/37","386"
"2026-08-14T08:39:50.326Z","IN","m360/DF/0000/out/1/5/1/0/37","386"
"2026-08-14T08:39:50.685Z","IN","m360/DF/0000/out/1/6/1/0/37","243"
"2026-08-14T08:39:50.686Z","IN","m360/DF/0000/out/1/6/1/0/37","243"
"2026-08-14T08:40:23.784Z","IN","m360/DF/0000/out/2/1/1/0/37","119"
"2026-08-14T08:40:23.785Z","IN","m360/DF/0000/out/2/1/1/0/37","119"
"2026-08-14T08:40:23.874Z","IN","m360/DF/0000/out/2/2/1/0/37","439"
"2026-08-14T08:40:23.874Z","IN","m360/DF/0000/out/2/2/1/0/37","439"
"2026-08-14T08:40:24.233Z","IN","m360/DF/0000/out/2/3/1/0/37","1023"
"2026-08-14T08:40:24.234Z","IN","m360/DF/0000/out/2/3/1/0/37","1023"
"2026-08-14T08:40:24.234Z","IN","m360/DF/0000/out/2/4/1/0/37","1019"
"2026-08-14T08:40:24.234Z","IN","m360/DF/0000/out/2/4/1/0/37","1019"
"2026-08-14T08:40:24.237Z","IN","m360/DF/0000/out/2/5/1/0/37","635"
"2026-08-14T08:40:24.237Z","IN","m360/DF/0000/out/2/5/1/0/37","635"
"2026-08-14T08:40:24.237Z","IN","m360/DF/0000/out/2/6/1/0/37","389"
"2026-08-14T08:40:24.237Z","IN","m360/DF/0000/out/2/6/1/0/37","389"
"2026-08-14T08:40:28.253Z","IN","m360/DF/0000/out/events","{""event"":""node_lost"",""nodeId"":99,""timestamp"":40383,""rssi"":-64,""details"":""Inactivity detected: timeout 300 s""}"
"2026-08-14T08:40:28.253Z","IN","m360/DF/0000/out/events","{""event"":""node_lost"",""nodeId"":99,""timestamp"":40383,""rssi"":-64,""details"":""Inactivity detected: timeout 300 s""}"
"2026-08-14T08:40:28.272Z","IN","m360/DF/0000/out","{""nodeId"":0,""sensorId"":255,""command"":3,""ack"":0,""type"":22,""payload"":"""",""timestamp"":40383,""description"":""heartbeat"",""event"":""heartbeat"",""uptime"":40383,""rssi"":-64,""wifiRssi"":-64,""batteryLevel"":100,""ip"":""192.168.1.2"",""version"":""2.0"",""source"":""gateway""}"
"2026-08-14T08:40:28.272Z","IN","m360/DF/0000/out","{""nodeId"":0,""sensorId"":255,""command"":3,""ack"":0,""type"":22,""payload"":"""",""timestamp"":40383,""description"":""heartbeat"",""event"":""heartbeat"",""uptime"":40383,""rssi"":-64,""wifiRssi"":-64,""batteryLevel"":100,""ip"":""192.168.1.2"",""version"":""2.0"",""source"":""gateway""}"
"2026-08-14T08:40:28.273Z","IN","m360/DF/0000/gateway/status","{""timestamp"":40383,""isConnected"":true,""connectionTime"":40375,""reconnectCount"":0,""lastErrorCode"":0,""uptime"":40383,""source"":""gateway"",""type"":""mqtt_metrics""}"
"2026-08-14T08:40:50.238Z","IN","m360/DF/0000/out/1/1/1/0/37","338"
"2026-08-14T08:40:50.239Z","IN","m360/DF/0000/out/1/1/1/0/37","338"
"2026-08-14T08:40:50.338Z","IN","m360/DF/0000/out/1/2/1/0/37","333"
"2026-08-14T08:40:50.339Z","IN","m360/DF/0000/out/1/2/1/0/37","333"
"2026-08-14T08:40:50.564Z","IN","m360/DF/0000/out/1/3/1/0/37","125"
"2026-08-14T08:40:50.564Z","IN","m360/DF/0000/out/1/3/1/0/37","125"
"2026-08-14T08:40:50.564Z","IN","m360/DF/0000/out/1/4/1/0/37","430"
"2026-08-14T08:40:50.564Z","IN","m360/DF/0000/out/1/4/1/0/37","430"
"2026-08-14T08:40:50.564Z","IN","m360/DF/0000/out/1/5/1/0/37","417"
"2026-08-14T08:40:50.564Z","IN","m360/DF/0000/out/1/5/1/0/37","417"
"2026-08-14T08:40:50.564Z","IN","m360/DF/0000/out/1/6/1/0/37","255"
"2026-08-14T08:40:50.564Z","IN","m360/DF/0000/out/1/6/1/0/37","255"
"2026-08-14T08:41:23.773Z","IN","m360/DF/0000/out/2/1/1/0/37","110"
"2026-08-14T08:41:23.774Z","IN","m360/DF/0000/out/2/1/1/0/37","110"
"2026-08-14T08:41:23.877Z","IN","m360/DF/0000/out/2/2/1/0/37","434"
"2026-08-14T08:41:23.877Z","IN","m360/DF/0000/out/2/2/1/0/37","434"
"2026-08-14T08:41:23.878Z","IN","m360/DF/0000/out/2/3/1/0/37","1020"
"2026-08-14T08:41:23.878Z","IN","m360/DF/0000/out/2/3/1/0/37","1020"
"2026-08-14T08:41:24.243Z","IN","m360/DF/0000/out/2/4/1/0/37","1020"
"2026-08-14T08:41:24.243Z","IN","m360/DF/0000/out/2/4/1/0/37","1020"
"2026-08-14T08:41:24.243Z","IN","m360/DF/0000/out/2/5/1/0/37","665"
"2026-08-14T08:41:24.243Z","IN","m360/DF/0000/out/2/5/1/0/37","665"
"2026-08-14T08:41:24.243Z","IN","m360/DF/0000/out/2/6/1/0/37","396"
"2026-08-14T08:41:24.243Z","IN","m360/DF/0000/out/2/6/1/0/37","396"
"2026-08-14T08:41:28.250Z","IN","m360/DF/0000/out","{""nodeId"":0,""sensorId"":255,""command"":3,""ack"":0,""type"":22,""payload"":"""",""timestamp"":40443,""description"":""heartbeat"",""event"":""heartbeat"",""uptime"":40443,""rssi"":-65,""wifiRssi"":-65,""batteryLevel"":100,""ip"":""192.168.1.2"",""version"":""2.0"",""source"":""gateway""}"
"2026-08-14T08:41:28.250Z","IN","m360/DF/0000/out","{""nodeId"":0,""sensorId"":255,""command"":3,""ack"":0,""type"":22,""payload"":"""",""timestamp"":40443,""description"":""heartbeat"",""event"":""heartbeat"",""uptime"":40443,""rssi"":-65,""wifiRssi"":-65,""batteryLevel"":100,""ip"":""192.168.1.2"",""version"":""2.0"",""source"":""gateway""}"
"2026-08-14T08:41:28.268Z","IN","m360/DF/0000/gateway/status","{""timestamp"":40443,""isConnected"":true,""connectionTime"":40435,""reconnectCount"":0,""lastErrorCode"":0,""uptime"":40443,""source"":""gateway"",""type"":""mqtt_metrics""}"
"2026-08-14T08:41:50.296Z","IN","m360/DF/0000/out/1/1/1/0/37","342"
"2026-08-14T08:41:50.296Z","IN","m360/DF/0000/out/1/1/1/0/37","342"
"2026-08-14T08:41:50.383Z","IN","m360/DF/0000/out/1/2/1/0/37","334"
"2026-08-14T08:41:50.383Z","IN","m360/DF/0000/out/1/2/1/0/37","334"
"2026-08-14T08:41:50.383Z","IN","m360/DF/0000/out/1/3/1/0/37","134"
"2026-08-14T08:41:50.383Z","IN","m360/DF/0000/out/1/3/1/0/37","134"
"2026-08-14T08:41:50.628Z","IN","m360/DF/0000/out/1/4/1/0/37","409"
"2026-08-14T08:41:50.628Z","IN","m360/DF/0000/out/1/4/1/0/37","409"
"2026-08-14T08:41:50.746Z","IN","m360/DF/0000/out/1/5/1/0/37","395"
"2026-08-14T08:41:50.746Z","IN","m360/DF/0000/out/1/5/1/0/37","395"
"2026-08-14T08:41:50.747Z","IN","m360/DF/0000/out/1/6/1/0/37","252"
"2026-08-14T08:41:50.747Z","IN","m360/DF/0000/out/1/6/1/0/37","252"
"2026-08-14T08:42:00.474Z","IN","m360/DF/0000/out/events","{""event"":""node_reconnected"",""nodeId"":99,""timestamp"":40475,""rssi"":-65,""details"":""Node back online or discovered""}"
"2026-08-14T08:42:00.475Z","IN","m360/DF/0000/out/events","{""event"":""node_reconnected"",""nodeId"":99,""timestamp"":40475,""rssi"":-65,""details"":""Node back online or discovered""}"
"2026-08-14T08:42:00.540Z","IN","m360/DF/0000/out/99/21/1/0/24","0"
"2026-08-14T08:42:00.540Z","IN","m360/DF/0000/out/99/21/1/0/24","0"
"2026-08-14T08:42:23.763Z","IN","m360/DF/0000/out/2/1/1/0/37","177"
"2026-08-14T08:42:23.764Z","IN","m360/DF/0000/out/2/1/1/0/37","177"
"2026-08-14T08:42:23.851Z","IN","m360/DF/0000/out/2/2/1/0/37","436"
"2026-08-14T08:42:23.853Z","IN","m360/DF/0000/out/2/2/1/0/37","436"
"2026-08-14T08:42:24.064Z","IN","m360/DF/0000/out/2/5/1/0/37","620"
"2026-08-14T08:42:24.064Z","IN","m360/DF/0000/out/2/5/1/0/37","620"
"2026-08-14T08:42:24.064Z","IN","m360/DF/0000/out/2/6/1/0/37","392"
"2026-08-14T08:42:24.064Z","IN","m360/DF/0000/out/2/6/1/0/37","392"
"2026-08-14T08:42:28.254Z","IN","m360/DF/0000/out","{""nodeId"":0,""sensorId"":255,""command"":3,""ack"":0,""type"":22,""payload"":"""",""timestamp"":40503,""description"":""heartbeat"",""event"":""heartbeat"",""uptime"":40503,""rssi"":-64,""wifiRssi"":-64,""batteryLevel"":100,""ip"":""192.168.1.2"",""version"":""2.0"",""source"":""gateway""}"
"2026-08-14T08:42:28.255Z","IN","m360/DF/0000/out","{""nodeId"":0,""sensorId"":255,""command"":3,""ack"":0,""type"":22,""payload"":"""",""timestamp"":40503,""description"":""heartbeat"",""event"":""heartbeat"",""uptime"":40503,""rssi"":-64,""wifiRssi"":-64,""batteryLevel"":100,""ip"":""192.168.1.2"",""version"":""2.0"",""source"":""gateway""}"
"2026-08-14T08:42:28.273Z","IN","m360/DF/0000/gateway/status","{""timestamp"":40503,""isConnected"":true,""connectionTime"":40495,""reconnectCount"":0,""lastErrorCode"":0,""uptime"":40503,""source"":""gateway"",""type"":""mqtt_metrics""}"
"2026-08-14T08:42:50.371Z","IN","m360/DF/0000/out/1/1/1/0/37","339"
"2026-08-14T08:42:50.371Z","IN","m360/DF/0000/out/1/1/1/0/37","339"
"2026-08-14T08:42:50.543Z","IN","m360/DF/0000/out/1/2/1/0/37","353"
"2026-08-14T08:42:50.543Z","IN","m360/DF/0000/out/1/2/1/0/37","353"
"2026-08-14T08:42:50.544Z","IN","m360/DF/0000/out/1/3/1/0/37","129"
"2026-08-14T08:42:50.544Z","IN","m360/DF/0000/out/1/3/1/0/37","129"
"2026-08-14T08:42:50.544Z","IN","m360/DF/0000/out/1/4/1/0/37","432"
"2026-08-14T08:42:50.544Z","IN","m360/DF/0000/out/1/4/1/0/37","432"
"2026-08-14T08:42:50.755Z","IN","m360/DF/0000/out/1/5/1/0/37","394"
"2026-08-14T08:42:50.756Z","IN","m360/DF/0000/out/1/5/1/0/37","394"
"2026-08-14T08:42:50.756Z","IN","m360/DF/0000/out/1/6/1/0/37","271"
"2026-08-14T08:42:50.756Z","IN","m360/DF/0000/out/1/6/1/0/37","271"
"2026-08-14T08:43:23.759Z","IN","m360/DF/0000/out/2/1/1/0/37","120"
"2026-08-14T08:43:23.759Z","IN","m360/DF/0000/out/2/1/1/0/37","120"
"2026-08-14T08:43:23.843Z","IN","m360/DF/0000/out/2/5/1/0/37","614"
"2026-08-14T08:43:23.843Z","IN","m360/DF/0000/out/2/5/1/0/37","614"
"2026-08-14T08:43:24.128Z","IN","m360/DF/0000/out/2/6/1/0/37","377"
"2026-08-14T08:43:24.128Z","IN","m360/DF/0000/out/2/6/1/0/37","377"
"2026-08-14T08:43:28.259Z","IN","m360/DF/0000/out","{""nodeId"":0,""sensorId"":255,""command"":3,""ack"":0,""type"":22,""payload"":"""",""timestamp"":40563,""description"":""heartbeat"",""event"":""heartbeat"",""uptime"":40563,""rssi"":-66,""wifiRssi"":-66,""batteryLevel"":100,""ip"":""192.168.1.2"",""version"":""2.0"",""source"":""gateway""}"
"2026-08-14T08:43:28.259Z","IN","m360/DF/0000/out","{""nodeId"":0,""sensorId"":255,""command"":3,""ack"":0,""type"":22,""payload"":"""",""timestamp"":40563,""description"":""heartbeat"",""event"":""heartbeat"",""uptime"":40563,""rssi"":-66,""wifiRssi"":-66,""batteryLevel"":100,""ip"":""192.168.1.2"",""version"":""2.0"",""source"":""gateway""}"
"2026-08-14T08:43:28.277Z","IN","m360/DF/0000/gateway/status","{""timestamp"":40563,""isConnected"":true,""connectionTime"":40555,""reconnectCount"":0,""lastErrorCode"":0,""uptime"":40563,""source"":""gateway"",""type"":""mqtt_metrics""}"
"2026-08-14T08:43:50.451Z","IN","m360/DF/0000/out/1/1/1/0/37","355"
"2026-08-14T08:43:50.451Z","IN","m360/DF/0000/out/1/1/1/0/37","355"
"2026-08-14T08:43:50.587Z","IN","m360/DF/0000/out/1/2/1/0/37","341"
"2026-08-14T08:43:50.588Z","IN","m360/DF/0000/out/1/2/1/0/37","341"
"2026-08-14T08:43:50.592Z","IN","m360/DF/0000/out/1/4/1/0/37","422"
"2026-08-14T08:43:50.592Z","IN","m360/DF/0000/out/1/4/1/0/37","422"
"2026-08-14T08:43:50.619Z","IN","m360/DF/0000/out/1/5/1/0/37","401"
"2026-08-14T08:43:50.619Z","IN","m360/DF/0000/out/1/5/1/0/37","401"
"2026-08-14T08:43:51.028Z","IN","m360/DF/0000/out/1/6/1/0/37","250"
"2026-08-14T08:43:51.028Z","IN","m360/DF/0000/out/1/6/1/0/37","250"
"2026-08-14T08:44:23.773Z","IN","m360/DF/0000/out/2/1/1/0/37","122"
"2026-08-14T08:44:23.773Z","IN","m360/DF/0000/out/2/1/1/0/37","122"
"2026-08-14T08:44:23.855Z","IN","m360/DF/0000/out/2/2/1/0/37","435"
"2026-08-14T08:44:23.855Z","IN","m360/DF/0000/out/2/2/1/0/37","435"
"2026-08-14T08:44:23.856Z","IN","m360/DF/0000/out/2/3/1/0/37","1019"
"2026-08-14T08:44:23.856Z","IN","m360/DF/0000/out/2/3/1/0/37","1019"
"2026-08-14T08:44:24.259Z","IN","m360/DF/0000/out/2/4/1/0/37","1019"
"2026-08-14T08:44:24.259Z","IN","m360/DF/0000/out/2/4/1/0/37","1019"
"2026-08-14T08:44:24.259Z","IN","m360/DF/0000/out/2/5/1/0/37","632"
"2026-08-14T08:44:24.259Z","IN","m360/DF/0000/out/2/5/1/0/37","632"
"2026-08-14T08:44:24.259Z","IN","m360/DF/0000/out/2/6/1/0/37","381"
"2026-08-14T08:44:24.260Z","IN","m360/DF/0000/out/2/6/1/0/37","381"
"2026-08-14T08:44:28.268Z","IN","m360/DF/0000/out","{""nodeId"":0,""sensorId"":255,""command"":3,""ack"":0,""type"":22,""payload"":"""",""timestamp"":40623,""description"":""heartbeat"",""event"":""heartbeat"",""uptime"":40623,""rssi"":-65,""wifiRssi"":-65,""batteryLevel"":100,""ip"":""192.168.1.2"",""version"":""2.0"",""source"":""gateway""}"
"2026-08-14T08:44:28.269Z","IN","m360/DF/0000/out","{""nodeId"":0,""sensorId"":255,""command"":3,""ack"":0,""type"":22,""payload"":"""",""timestamp"":40623,""description"":""heartbeat"",""event"":""heartbeat"",""uptime"":40623,""rssi"":-65,""wifiRssi"":-65,""batteryLevel"":100,""ip"":""192.168.1.2"",""version"":""2.0"",""source"":""gateway""}"
"2026-08-14T08:44:28.283Z","IN","m360/DF/0000/gateway/status","{""timestamp"":40623,""isConnected"":true,""connectionTime"":40615,""reconnectCount"":0,""lastErrorCode"":0,""uptime"":40623,""source"":""gateway"",""type"":""mqtt_metrics""}"
"2026-08-14T08:44:50.538Z","IN","m360/DF/0000/out/1/1/1/0/37","343"
"2026-08-14T08:44:50.538Z","IN","m360/DF/0000/out/1/1/1/0/37","343"
"2026-08-14T08:44:50.636Z","IN","m360/DF/0000/out/1/2/1/0/37","331"
"2026-08-14T08:44:50.638Z","IN","m360/DF/0000/out/1/2/1/0/37","331"
"2026-08-14T08:44:50.949Z","IN","m360/DF/0000/out/1/3/1/0/37","130"
"2026-08-14T08:44:50.949Z","IN","m360/DF/0000/out/1/3/1/0/37","130"
"2026-08-14T08:44:50.949Z","IN","m360/DF/0000/out/1/4/1/0/37","435"
"2026-08-14T08:44:50.949Z","IN","m360/DF/0000/out/1/4/1/0/37","435"
"2026-08-14T08:44:50.949Z","IN","m360/DF/0000/out/1/5/1/0/37","416"
"2026-08-14T08:44:50.949Z","IN","m360/DF/0000/out/1/5/1/0/37","416"
"2026-08-14T08:44:50.949Z","IN","m360/DF/0000/out/1/6/1/0/37","266"
"2026-08-14T08:44:50.949Z","IN","m360/DF/0000/out/1/6/1/0/37","266"
"2026-08-14T08:45:23.793Z","IN","m360/DF/0000/out/2/1/1/0/37","113"
"2026-08-14T08:45:23.793Z","IN","m360/DF/0000/out/2/1/1/0/37","113"
"2026-08-14T08:45:23.889Z","IN","m360/DF/0000/out/2/5/1/0/37","582"
"2026-08-14T08:45:23.890Z","IN","m360/DF/0000/out/2/5/1/0/37","582"
"2026-08-14T08:45:24.173Z","IN","m360/DF/0000/out/2/6/1/0/37","389"
"2026-08-14T08:45:24.173Z","IN","m360/DF/0000/out/2/6/1/0/37","389"
"2026-08-14T08:45:28.269Z","IN","m360/DF/0000/out","{""nodeId"":0,""sensorId"":255,""command"":3,""ack"":0,""type"":22,""payload"":"""",""timestamp"":40683,""description"":""heartbeat"",""event"":""heartbeat"",""uptime"":40683,""rssi"":-65,""wifiRssi"":-65,""batteryLevel"":100,""ip"":""192.168.1.2"",""version"":""2.0"",""source"":""gateway""}"
"2026-08-14T08:45:28.270Z","IN","m360/DF/0000/out","{""nodeId"":0,""sensorId"":255,""command"":3,""ack"":0,""type"":22,""payload"":"""",""timestamp"":40683,""description"":""heartbeat"",""event"":""heartbeat"",""uptime"":40683,""rssi"":-65,""wifiRssi"":-65,""batteryLevel"":100,""ip"":""192.168.1.2"",""version"":""2.0"",""source"":""gateway""}"
"2026-08-14T08:45:28.287Z","IN","m360/DF/0000/gateway/status","{""timestamp"":40683,""isConnected"":true,""connectionTime"":40675,""reconnectCount"":0,""lastErrorCode"":0,""uptime"":40683,""source"":""gateway"",""type"":""mqtt_metrics""}"
"2026-08-14T08:46:00.283Z","IN","m360/DF/0000/out/99/11/1/0/0","14"
"2026-08-14T08:46:00.284Z","IN","m360/DF/0000/out/99/11/1/0/0","14"
"2026-08-14T08:46:00.353Z","IN","m360/DF/0000/out/99/12/1/0/1","21"
"2026-08-14T08:46:00.353Z","IN","m360/DF/0000/out/99/12/1/0/1","21"
"2026-08-14T08:46:23.810Z","IN","m360/DF/0000/out/2/1/1/0/37","119"
"2026-08-14T08:46:23.811Z","IN","m360/DF/0000/out/2/1/1/0/37","119"
"2026-08-14T08:46:23.919Z","IN","m360/DF/0000/out/2/2/1/0/37","433"
"2026-08-14T08:46:23.920Z","IN","m360/DF/0000/out/2/2/1/0/37","433"
"2026-08-14T08:46:23.920Z","IN","m360/DF/0000/out/2/3/1/0/37","1020"
"2026-08-14T08:46:23.920Z","IN","m360/DF/0000/out/2/3/1/0/37","1020"
"2026-08-14T08:46:24.182Z","IN","m360/DF/0000/out/2/4/1/0/37","1020"
"2026-08-14T08:46:24.182Z","IN","m360/DF/0000/out/2/4/1/0/37","1020"
"2026-08-14T08:46:24.182Z","IN","m360/DF/0000/out/2/5/1/0/37","631"
"2026-08-14T08:46:24.182Z","IN","m360/DF/0000/out/2/5/1/0/37","631"
"2026-08-14T08:46:24.183Z","IN","m360/DF/0000/out/2/6/1/0/37","386"
"2026-08-14T08:46:24.183Z","IN","m360/DF/0000/out/2/6/1/0/37","386"
"2026-08-14T08:46:28.274Z","IN","m360/DF/0000/out","{""nodeId"":0,""sensorId"":255,""command"":3,""ack"":0,""type"":22,""payload"":"""",""timestamp"":40743,""description"":""heartbeat"",""event"":""heartbeat"",""uptime"":40743,""rssi"":-65,""wifiRssi"":-65,""batteryLevel"":100,""ip"":""192.168.1.2"",""version"":""2.0"",""source"":""gateway""}"
"2026-08-14T08:46:28.275Z","IN","m360/DF/0000/out","{""nodeId"":0,""sensorId"":255,""command"":3,""ack"":0,""type"":22,""payload"":"""",""timestamp"":40743,""description"":""heartbeat"",""event"":""heartbeat"",""uptime"":40743,""rssi"":-65,""wifiRssi"":-65,""batteryLevel"":100,""ip"":""192.168.1.2"",""version"":""2.0"",""source"":""gateway""}"
"2026-08-14T08:46:28.291Z","IN","m360/DF/0000/gateway/status","{""timestamp"":40743,""isConnected"":true,""connectionTime"":40735,""reconnectCount"":0,""lastErrorCode"":0,""uptime"":40743,""source"":""gateway"",""type"":""mqtt_metrics""}"
"2026-08-14T08:47:23.804Z","IN","m360/DF/0000/out/2/1/1/0/37","154"
"2026-08-14T08:47:23.804Z","IN","m360/DF/0000/out/2/1/1/0/37","154"
"2026-08-14T08:47:23.935Z","IN","m360/DF/0000/out/2/2/1/0/37","434"
"2026-08-14T08:47:23.935Z","IN","m360/DF/0000/out/2/2/1/0/37","434"
"2026-08-14T08:47:23.936Z","IN","m360/DF/0000/out/2/3/1/0/37","1023"
"2026-08-14T08:47:23.936Z","IN","m360/DF/0000/out/2/3/1/0/37","1023"
"2026-08-14T08:47:24.336Z","IN","m360/DF/0000/out/2/5/1/0/37","624"
"2026-08-14T08:47:24.337Z","IN","m360/DF/0000/out/2/5/1/0/37","624"
"2026-08-14T08:47:24.337Z","IN","m360/DF/0000/out/2/6/1/0/37","371"
"2026-08-14T08:47:24.337Z","IN","m360/DF/0000/out/2/6/1/0/37","371"
"2026-08-14T08:47:28.279Z","IN","m360/DF/0000/out","{""nodeId"":0,""sensorId"":255,""command"":3,""ack"":0,""type"":22,""payload"":"""",""timestamp"":40803,""description"":""heartbeat"",""event"":""heartbeat"",""uptime"":40803,""rssi"":-65,""wifiRssi"":-65,""batteryLevel"":100,""ip"":""192.168.1.2"",""version"":""2.0"",""source"":""gateway""}"
"2026-08-14T08:47:28.279Z","IN","m360/DF/0000/out","{""nodeId"":0,""sensorId"":255,""command"":3,""ack"":0,""type"":22,""payload"":"""",""timestamp"":40803,""description"":""heartbeat"",""event"":""heartbeat"",""uptime"":40803,""rssi"":-65,""wifiRssi"":-65,""batteryLevel"":100,""ip"":""192.168.1.2"",""version"":""2.0"",""source"":""gateway""}"
"2026-08-14T08:47:28.295Z","IN","m360/DF/0000/gateway/status","{""timestamp"":40803,""isConnected"":true,""connectionTime"":40795,""reconnectCount"":0,""lastErrorCode"":0,""uptime"":40803,""source"":""gateway"",""type"":""mqtt_metrics""}"
"2026-08-14T08:48:23.824Z","IN","m360/DF/0000/out/2/1/1/0/37","118"
"2026-08-14T08:48:23.824Z","IN","m360/DF/0000/out/2/1/1/0/37","118"
"2026-08-14T08:48:23.940Z","IN","m360/DF/0000/out/2/2/1/0/37","429"
"2026-08-14T08:48:23.941Z","IN","m360/DF/0000/out/2/2/1/0/37","429"
"2026-08-14T08:48:23.946Z","IN","m360/DF/0000/out/2/3/1/0/37","1020"
"2026-08-14T08:48:23.947Z","IN","m360/DF/0000/out/2/3/1/0/37","1020"
"2026-08-14T08:48:23.947Z","IN","m360/DF/0000/out/2/5/1/0/37","621"
"2026-08-14T08:48:23.947Z","IN","m360/DF/0000/out/2/5/1/0/37","621"
"2026-08-14T08:48:24.269Z","IN","m360/DF/0000/out/2/6/1/0/37","370"
"2026-08-14T08:48:24.269Z","IN","m360/DF/0000/out/2/6/1/0/37","370"
"2026-08-14T08:48:28.283Z","IN","m360/DF/0000/out","{""nodeId"":0,""sensorId"":255,""command"":3,""ack"":0,""type"":22,""payload"":"""",""timestamp"":40863,""description"":""heartbeat"",""event"":""heartbeat"",""uptime"":40863,""rssi"":-65,""wifiRssi"":-65,""batteryLevel"":100,""ip"":""192.168.1.2"",""version"":""2.0"",""source"":""gateway""}"
"2026-08-14T08:48:28.283Z","IN","m360/DF/0000/out","{""nodeId"":0,""sensorId"":255,""command"":3,""ack"":0,""type"":22,""payload"":"""",""timestamp"":40863,""description"":""heartbeat"",""event"":""heartbeat"",""uptime"":40863,""rssi"":-65,""wifiRssi"":-65,""batteryLevel"":100,""ip"":""192.168.1.2"",""version"":""2.0"",""source"":""gateway""}"
"2026-08-14T08:48:28.300Z","IN","m360/DF/0000/gateway/status","{""timestamp"":40863,""isConnected"":true,""connectionTime"":40855,""reconnectCount"":0,""lastErrorCode"":0,""uptime"":40863,""source"":""gateway"",""type"":""mqtt_metrics""}"
"2026-08-14T08:49:23.858Z","IN","m360/DF/0000/out/2/2/1/0/37","347"
"2026-08-14T08:49:23.858Z","IN","m360/DF/0000/out/2/2/1/0/37","347"
"2026-08-14T08:49:23.955Z","IN","m360/DF/0000/out/2/3/1/0/37","1015"
"2026-08-14T08:49:23.956Z","IN","m360/DF/0000/out/2/3/1/0/37","1015"
"2026-08-14T08:49:23.957Z","IN","m360/DF/0000/out/2/5/1/0/37","608"
"2026-08-14T08:49:23.957Z","IN","m360/DF/0000/out/2/5/1/0/37","608"
"2026-08-14T08:49:24.284Z","IN","m360/DF/0000/out/2/6/1/0/37","366"
"2026-08-14T08:49:24.284Z","IN","m360/DF/0000/out/2/6/1/0/37","366"
"2026-08-14T08:49:28.287Z","IN","m360/DF/0000/out","{""nodeId"":0,""sensorId"":255,""command"":3,""ack"":0,""type"":22,""payload"":"""",""timestamp"":40923,""description"":""heartbeat"",""event"":""heartbeat"",""uptime"":40923,""rssi"":-65,""wifiRssi"":-65,""batteryLevel"":100,""ip"":""192.168.1.2"",""version"":""2.0"",""source"":""gateway""}"
"2026-08-14T08:49:28.288Z","IN","m360/DF/0000/out","{""nodeId"":0,""sensorId"":255,""command"":3,""ack"":0,""type"":22,""payload"":"""",""timestamp"":40923,""description"":""heartbeat"",""event"":""heartbeat"",""uptime"":40923,""rssi"":-65,""wifiRssi"":-65,""batteryLevel"":100,""ip"":""192.168.1.2"",""version"":""2.0"",""source"":""gateway""}"
"2026-08-14T08:49:28.306Z","IN","m360/DF/0000/gateway/status","{""timestamp"":40923,""isConnected"":true,""connectionTime"":40915,""reconnectCount"":0,""lastErrorCode"":0,""uptime"":40923,""source"":""gateway"",""type"":""mqtt_metrics""}"
"2026-08-14T08:50:23.864Z","IN","m360/DF/0000/out/2/1/1/0/37","114"
"2026-08-14T08:50:23.865Z","IN","m360/DF/0000/out/2/1/1/0/37","114"
"2026-08-14T08:50:23.975Z","IN","m360/DF/0000/out/2/2/1/0/37","434"
"2026-08-14T08:50:23.976Z","IN","m360/DF/0000/out/2/2/1/0/37","434"
"2026-08-14T08:50:23.977Z","IN","m360/DF/0000/out/2/3/1/0/37","1019"
"2026-08-14T08:50:23.977Z","IN","m360/DF/0000/out/2/3/1/0/37","1019"
"2026-08-14T08:50:24.279Z","IN","m360/DF/0000/out/2/4/1/0/37","1022"
"2026-08-14T08:50:24.280Z","IN","m360/DF/0000/out/2/4/1/0/37","1022"
"2026-08-14T08:50:24.280Z","IN","m360/DF/0000/out/2/5/1/0/37","636"
"2026-08-14T08:50:24.280Z","IN","m360/DF/0000/out/2/5/1/0/37","636"
"2026-08-14T08:50:24.280Z","IN","m360/DF/0000/out/2/6/1/0/37","331"
"2026-08-14T08:50:24.280Z","IN","m360/DF/0000/out/2/6/1/0/37","331"
"2026-08-14T08:50:28.651Z","IN","m360/DF/0000/out/events","{""event"":""node_lost"",""nodeId"":1,""timestamp"":40983,""rssi"":-65,""details"":""Inactivity detected: timeout 300 s""}"
"2026-08-14T08:50:28.651Z","IN","m360/DF/0000/out/events","{""event"":""node_lost"",""nodeId"":1,""timestamp"":40983,""rssi"":-65,""details"":""Inactivity detected: timeout 300 s""}"
"2026-08-14T08:50:28.670Z","IN","m360/DF/0000/out","{""nodeId"":0,""sensorId"":255,""command"":3,""ack"":0,""type"":22,""payload"":"""",""timestamp"":40983,""description"":""heartbeat"",""event"":""heartbeat"",""uptime"":40983,""rssi"":-65,""wifiRssi"":-65,""batteryLevel"":100,""ip"":""192.168.1.2"",""version"":""2.0"",""source"":""gateway""}"
"2026-08-14T08:50:28.670Z","IN","m360/DF/0000/out","{""nodeId"":0,""sensorId"":255,""command"":3,""ack"":0,""type"":22,""payload"":"""",""timestamp"":40983,""description"":""heartbeat"",""event"":""heartbeat"",""uptime"":40983,""rssi"":-65,""wifiRssi"":-65,""batteryLevel"":100,""ip"":""192.168.1.2"",""version"":""2.0"",""source"":""gateway""}"
"2026-08-14T08:50:28.671Z","IN","m360/DF/0000/gateway/status","{""timestamp"":40983,""isConnected"":true,""connectionTime"":40975,""reconnectCount"":0,""lastErrorCode"":0,""uptime"":40983,""source"":""gateway"",""type"":""mqtt_metrics""}"
"2026-08-14T08:51:23.886Z","IN","m360/DF/0000/out/2/1/1/0/37","119"
"2026-08-14T08:51:23.887Z","IN","m360/DF/0000/out/2/1/1/0/37","119"
"2026-08-14T08:51:23.976Z","IN","m360/DF/0000/out/2/2/1/0/37","441"
"2026-08-14T08:51:23.979Z","IN","m360/DF/0000/out/2/2/1/0/37","441"
"2026-08-14T08:51:23.980Z","IN","m360/DF/0000/out/2/3/1/0/37","1010"
"2026-08-14T08:51:24.017Z","IN","m360/DF/0000/out/2/3/1/0/37","1010"
"2026-08-14T08:51:24.037Z","IN","m360/DF/0000/out/2/4/1/0/37","1021"
"2026-08-14T08:51:24.037Z","IN","m360/DF/0000/out/2/4/1/0/37","1021"
"2026-08-14T08:51:24.384Z","IN","m360/DF/0000/out/2/5/1/0/37","632"
"2026-08-14T08:51:24.384Z","IN","m360/DF/0000/out/2/5/1/0/37","632"
"2026-08-14T08:51:24.384Z","IN","m360/DF/0000/out/2/6/1/0/37","344"
"2026-08-14T08:51:24.384Z","IN","m360/DF/0000/out/2/6/1/0/37","344"
"2026-08-14T08:51:28.652Z","IN","m360/DF/0000/out/events","{""event"":""node_lost"",""nodeId"":99,""timestamp"":41043,""rssi"":-65,""details"":""Inactivity detected: timeout 300 s""}"
"2026-08-14T08:51:28.652Z","IN","m360/DF/0000/out/events","{""event"":""node_lost"",""nodeId"":99,""timestamp"":41043,""rssi"":-65,""details"":""Inactivity detected: timeout 300 s""}"
"2026-08-14T08:51:28.673Z","IN","m360/DF/0000/out","{""nodeId"":0,""sensorId"":255,""command"":3,""ack"":0,""type"":22,""payload"":"""",""timestamp"":41043,""description"":""heartbeat"",""event"":""heartbeat"",""uptime"":41043,""rssi"":-65,""wifiRssi"":-65,""batteryLevel"":100,""ip"":""192.168.1.2"",""version"":""2.0"",""source"":""gateway""}"
"2026-08-14T08:51:28.674Z","IN","m360/DF/0000/out","{""nodeId"":0,""sensorId"":255,""command"":3,""ack"":0,""type"":22,""payload"":"""",""timestamp"":41043,""description"":""heartbeat"",""event"":""heartbeat"",""uptime"":41043,""rssi"":-65,""wifiRssi"":-65,""batteryLevel"":100,""ip"":""192.168.1.2"",""version"":""2.0"",""source"":""gateway""}"
"2026-08-14T08:51:28.674Z","IN","m360/DF/0000/gateway/status","{""timestamp"":41043,""isConnected"":true,""connectionTime"":41035,""reconnectCount"":0,""lastErrorCode"":0,""uptime"":41043,""source"":""gateway"",""type"":""mqtt_metrics""}"
"2026-08-14T08:52:23.884Z","IN","m360/DF/0000/out/2/2/1/0/37","350"
"2026-08-14T08:52:23.884Z","IN","m360/DF/0000/out/2/2/1/0/37","350"
"2026-08-14T08:52:23.971Z","IN","m360/DF/0000/out/2/3/1/0/37","1017"
"2026-08-14T08:52:23.971Z","IN","m360/DF/0000/out/2/3/1/0/37","1017"
"2026-08-14T08:52:23.972Z","IN","m360/DF/0000/out/2/4/1/0/37","1016"
"2026-08-14T08:52:23.972Z","IN","m360/DF/0000/out/2/4/1/0/37","1016"
"2026-08-14T08:52:24.356Z","IN","m360/DF/0000/out/2/5/1/0/37","636"
"2026-08-14T08:52:24.357Z","IN","m360/DF/0000/out/2/5/1/0/37","636"
"2026-08-14T08:52:24.357Z","IN","m360/DF/0000/out/2/6/1/0/37","392"
"2026-08-14T08:52:24.357Z","IN","m360/DF/0000/out/2/6/1/0/37","392"
"2026-08-14T08:52:28.652Z","IN","m360/DF/0000/out","{""nodeId"":0,""sensorId"":255,""command"":3,""ack"":0,""type"":22,""payload"":"""",""timestamp"":41103,""description"":""heartbeat"",""event"":""heartbeat"",""uptime"":41103,""rssi"":-61,""wifiRssi"":-61,""batteryLevel"":100,""ip"":""192.168.1.2"",""version"":""2.0"",""source"":""gateway""}"
"2026-08-14T08:52:28.652Z","IN","m360/DF/0000/out","{""nodeId"":0,""sensorId"":255,""command"":3,""ack"":0,""type"":22,""payload"":"""",""timestamp"":41103,""description"":""heartbeat"",""event"":""heartbeat"",""uptime"":41103,""rssi"":-61,""wifiRssi"":-61,""batteryLevel"":100,""ip"":""192.168.1.2"",""version"":""2.0"",""source"":""gateway""}"
"2026-08-14T08:52:28.669Z","IN","m360/DF/0000/gateway/status","{""timestamp"":41103,""isConnected"":true,""connectionTime"":41095,""reconnectCount"":0,""lastErrorCode"":0,""uptime"":41103,""source"":""gateway"",""type"":""mqtt_metrics""}"
"2026-08-14T08:52:59.733Z","IN","m360/DF/0000/out/events","{""event"":""node_reconnected"",""nodeId"":99,""timestamp"":41134,""rssi"":-63,""details"":""Node back online or discovered""}"
"2026-08-14T08:52:59.733Z","IN","m360/DF/0000/out/events","{""event"":""node_reconnected"",""nodeId"":99,""timestamp"":41134,""rssi"":-63,""details"":""Node back online or discovered""}"
"2026-08-14T08:52:59.792Z","IN","m360/DF/0000/out/99/21/1/0/24","0"
"2026-08-14T08:52:59.793Z","IN","m360/DF/0000/out/99/21/1/0/24","0"
"2026-08-14T08:53:23.865Z","IN","m360/DF/0000/out/2/1/1/0/37","121"
"2026-08-14T08:53:23.865Z","IN","m360/DF/0000/out/2/1/1/0/37","121"
"2026-08-14T08:53:23.962Z","IN","m360/DF/0000/out/2/2/1/0/37","434"
"2026-08-14T08:53:23.964Z","IN","m360/DF/0000/out/2/2/1/0/37","434"
"2026-08-14T08:53:24.255Z","IN","m360/DF/0000/out/2/3/1/0/37","1019"
"2026-08-14T08:53:24.256Z","IN","m360/DF/0000/out/2/3/1/0/37","1019"
"2026-08-14T08:53:24.256Z","IN","m360/DF/0000/out/2/4/1/0/37","1020"
"2026-08-14T08:53:24.256Z","IN","m360/DF/0000/out/2/4/1/0/37","1020"
"2026-08-14T08:53:24.256Z","IN","m360/DF/0000/out/2/5/1/0/37","637"
"2026-08-14T08:53:24.256Z","IN","m360/DF/0000/out/2/5/1/0/37","637"
"2026-08-14T08:53:24.256Z","IN","m360/DF/0000/out/2/6/1/0/37","406"
"2026-08-14T08:53:24.256Z","IN","m360/DF/0000/out/2/6/1/0/37","406"
"2026-08-14T08:53:28.657Z","IN","m360/DF/0000/out","{""nodeId"":0,""sensorId"":255,""command"":3,""ack"":0,""type"":22,""payload"":"""",""timestamp"":41163,""description"":""heartbeat"",""event"":""heartbeat"",""uptime"":41163,""rssi"":-63,""wifiRssi"":-63,""batteryLevel"":100,""ip"":""192.168.1.2"",""version"":""2.0"",""source"":""gateway""}"
"2026-08-14T08:53:28.657Z","IN","m360/DF/0000/out","{""nodeId"":0,""sensorId"":255,""command"":3,""ack"":0,""type"":22,""payload"":"""",""timestamp"":41163,""description"":""heartbeat"",""event"":""heartbeat"",""uptime"":41163,""rssi"":-63,""wifiRssi"":-63,""batteryLevel"":100,""ip"":""192.168.1.2"",""version"":""2.0"",""source"":""gateway""}"
"2026-08-14T08:53:28.677Z","IN","m360/DF/0000/gateway/status","{""timestamp"":41163,""isConnected"":true,""connectionTime"":41155,""reconnectCount"":0,""lastErrorCode"":0,""uptime"":41163,""source"":""gateway"",""type"":""mqtt_metrics""}"
"2026-08-14T08:53:51.111Z","IN","m360/DF/0000/out/events","{""event"":""node_reconnected"",""nodeId"":1,""timestamp"":41185,""rssi"":-63,""details"":""Node back online or discovered""}"
"2026-08-14T08:53:51.111Z","IN","m360/DF/0000/out/events","{""event"":""node_reconnected"",""nodeId"":1,""timestamp"":41185,""rssi"":-63,""details"":""Node back online or discovered""}"
"2026-08-14T08:53:51.175Z","IN","m360/DF/0000/out/1/1/1/0/37","327"
"2026-08-14T08:53:51.175Z","IN","m360/DF/0000/out/1/1/1/0/37","327"
"2026-08-14T08:53:51.175Z","IN","m360/DF/0000/out/1/2/1/0/37","323"
"2026-08-14T08:53:51.177Z","IN","m360/DF/0000/out/1/2/1/0/37","323"
"2026-08-14T08:53:51.645Z","IN","m360/DF/0000/out/1/3/1/0/37","136"
"2026-08-14T08:53:51.645Z","IN","m360/DF/0000/out/1/3/1/0/37","136"
"2026-08-14T08:53:51.689Z","IN","m360/DF/0000/out/1/4/1/0/37","405"
"2026-08-14T08:53:51.689Z","IN","m360/DF/0000/out/1/4/1/0/37","405"
"2026-08-14T08:53:51.689Z","IN","m360/DF/0000/out/1/5/1/0/37","330"
"2026-08-14T08:53:51.689Z","IN","m360/DF/0000/out/1/5/1/0/37","330"
"2026-08-14T08:53:51.692Z","IN","m360/DF/0000/out/1/6/1/0/37","258"
"2026-08-14T08:53:51.693Z","IN","m360/DF/0000/out/1/6/1/0/37","258"
"2026-08-14T08:54:23.861Z","IN","m360/DF/0000/out/2/1/1/0/37","123"
"2026-08-14T08:54:23.861Z","IN","m360/DF/0000/out/2/1/1/0/37","123"
"2026-08-14T08:54:23.954Z","IN","m360/DF/0000/out/2/2/1/0/37","436"
"2026-08-14T08:54:23.954Z","IN","m360/DF/0000/out/2/2/1/0/37","436"
"2026-08-14T08:54:23.955Z","IN","m360/DF/0000/out/2/3/1/0/37","1018"
"2026-08-14T08:54:23.955Z","IN","m360/DF/0000/out/2/3/1/0/37","1018"
"2026-08-14T08:54:24.260Z","IN","m360/DF/0000/out/2/4/1/0/37","1019"
"2026-08-14T08:54:24.260Z","IN","m360/DF/0000/out/2/4/1/0/37","1019"
"2026-08-14T08:54:24.260Z","IN","m360/DF/0000/out/2/5/1/0/37","640"
"2026-08-14T08:54:24.260Z","IN","m360/DF/0000/out/2/5/1/0/37","640"
"2026-08-14T08:54:24.260Z","IN","m360/DF/0000/out/2/6/1/0/37","397"
"2026-08-14T08:54:24.260Z","IN","m360/DF/0000/out/2/6/1/0/37","397"
"2026-08-14T08:54:28.662Z","IN","m360/DF/0000/out","{""nodeId"":0,""sensorId"":255,""command"":3,""ack"":0,""type"":22,""payload"":"""",""timestamp"":41223,""description"":""heartbeat"",""event"":""heartbeat"",""uptime"":41223,""rssi"":-62,""wifiRssi"":-62,""batteryLevel"":100,""ip"":""192.168.1.2"",""version"":""2.0"",""source"":""gateway""}"
"2026-08-14T08:54:28.663Z","IN","m360/DF/0000/out","{""nodeId"":0,""sensorId"":255,""command"":3,""ack"":0,""type"":22,""payload"":"""",""timestamp"":41223,""description"":""heartbeat"",""event"":""heartbeat"",""uptime"":41223,""rssi"":-62,""wifiRssi"":-62,""batteryLevel"":100,""ip"":""192.168.1.2"",""version"":""2.0"",""source"":""gateway""}"
"2026-08-14T08:54:28.679Z","IN","m360/DF/0000/gateway/status","{""timestamp"":41223,""isConnected"":true,""connectionTime"":41215,""reconnectCount"":0,""lastErrorCode"":0,""uptime"":41223,""source"":""gateway"",""type"":""mqtt_metrics""}"
"2026-08-14T08:55:23.859Z","IN","m360/DF/0000/out/2/1/1/0/37","148"
"2026-08-14T08:55:23.859Z","IN","m360/DF/0000/out/2/1/1/0/37","148"
"2026-08-14T08:55:23.957Z","IN","m360/DF/0000/out/2/2/1/0/37","434"
"2026-08-14T08:55:23.958Z","IN","m360/DF/0000/out/2/2/1/0/37","434"
"2026-08-14T08:55:24.273Z","IN","m360/DF/0000/out/2/3/1/0/37","1020"
"2026-08-14T08:55:24.274Z","IN","m360/DF/0000/out/2/3/1/0/37","1020"
"2026-08-14T08:55:24.274Z","IN","m360/DF/0000/out/2/5/1/0/37","628"
"2026-08-14T08:55:24.274Z","IN","m360/DF/0000/out/2/5/1/0/37","628"
"2026-08-14T08:55:24.274Z","IN","m360/DF/0000/out/2/6/1/0/37","398"
"2026-08-14T08:55:24.274Z","IN","m360/DF/0000/out/2/6/1/0/37","398"
"2026-08-14T08:55:28.666Z","IN","m360/DF/0000/out","{""nodeId"":0,""sensorId"":255,""command"":3,""ack"":0,""type"":22,""payload"":"""",""timestamp"":41283,""description"":""heartbeat"",""event"":""heartbeat"",""uptime"":41283,""rssi"":-62,""wifiRssi"":-62,""batteryLevel"":100,""ip"":""192.168.1.2"",""version"":""2.0"",""source"":""gateway""}"
"2026-08-14T08:55:28.666Z","IN","m360/DF/0000/out","{""nodeId"":0,""sensorId"":255,""command"":3,""ack"":0,""type"":22,""payload"":"""",""timestamp"":41283,""description"":""heartbeat"",""event"":""heartbeat"",""uptime"":41283,""rssi"":-62,""wifiRssi"":-62,""batteryLevel"":100,""ip"":""192.168.1.2"",""version"":""2.0"",""source"":""gateway""}"
"2026-08-14T08:55:28.683Z","IN","m360/DF/0000/gateway/status","{""timestamp"":41283,""isConnected"":true,""connectionTime"":41275,""reconnectCount"":0,""lastErrorCode"":0,""uptime"":41283,""source"":""gateway"",""type"":""mqtt_metrics""}"
"2026-08-14T08:55:51.267Z","IN","m360/DF/0000/out/1/1/1/0/37","339"
"2026-08-14T08:55:51.267Z","IN","m360/DF/0000/out/1/1/1/0/37","339"
"2026-08-14T08:55:51.371Z","IN","m360/DF/0000/out/1/2/1/0/37","331"
"2026-08-14T08:55:51.372Z","IN","m360/DF/0000/out/1/2/1/0/37","331"
"2026-08-14T08:55:51.633Z","IN","m360/DF/0000/out/1/3/1/0/37","104"
"2026-08-14T08:55:51.634Z","IN","m360/DF/0000/out/1/3/1/0/37","104"
"2026-08-14T08:55:51.683Z","IN","m360/DF/0000/out/1/4/1/0/37","416"
"2026-08-14T08:55:51.683Z","IN","m360/DF/0000/out/1/4/1/0/37","416"
"2026-08-14T08:55:51.683Z","IN","m360/DF/0000/out/1/5/1/0/37","329"
"2026-08-14T08:55:51.683Z","IN","m360/DF/0000/out/1/5/1/0/37","329"
"2026-08-14T08:55:51.683Z","IN","m360/DF/0000/out/1/6/1/0/37","268"
"2026-08-14T08:55:51.683Z","IN","m360/DF/0000/out/1/6/1/0/37","268"
"2026-08-14T08:56:23.873Z","IN","m360/DF/0000/out/2/1/1/0/37","118"
"2026-08-14T08:56:23.873Z","IN","m360/DF/0000/out/2/1/1/0/37","118"
"2026-08-14T08:56:24.028Z","IN","m360/DF/0000/out/2/1/1/0/37","118"
"2026-08-14T08:56:24.030Z","IN","m360/DF/0000/out/2/1/1/0/37","118"
"2026-08-14T08:56:24.030Z","IN","m360/DF/0000/out/2/3/1/0/37","1018"
"2026-08-14T08:56:24.030Z","IN","m360/DF/0000/out/2/3/1/0/37","1018"
"2026-08-14T08:56:24.262Z","IN","m360/DF/0000/out/2/5/1/0/37","621"
"2026-08-14T08:56:24.262Z","IN","m360/DF/0000/out/2/5/1/0/37","621"
"2026-08-14T08:56:24.316Z","IN","m360/DF/0000/out/2/6/1/0/37","375"
"2026-08-14T08:56:24.316Z","IN","m360/DF/0000/out/2/6/1/0/37","375"
"2026-08-14T08:56:28.673Z","IN","m360/DF/0000/out","{""nodeId"":0,""sensorId"":255,""command"":3,""ack"":0,""type"":22,""payload"":"""",""timestamp"":41343,""description"":""heartbeat"",""event"":""heartbeat"",""uptime"":41343,""rssi"":-61,""wifiRssi"":-61,""batteryLevel"":100,""ip"":""192.168.1.2"",""version"":""2.0"",""source"":""gateway""}"
"2026-08-14T08:56:28.674Z","IN","m360/DF/0000/out","{""nodeId"":0,""sensorId"":255,""command"":3,""ack"":0,""type"":22,""payload"":"""",""timestamp"":41343,""description"":""heartbeat"",""event"":""heartbeat"",""uptime"":41343,""rssi"":-61,""wifiRssi"":-61,""batteryLevel"":100,""ip"":""192.168.1.2"",""version"":""2.0"",""source"":""gateway""}"
"2026-08-14T08:56:28.690Z","IN","m360/DF/0000/gateway/status","{""timestamp"":41343,""isConnected"":true,""connectionTime"":41335,""reconnectCount"":0,""lastErrorCode"":0,""uptime"":41343,""source"":""gateway"",""type"":""mqtt_metrics""}"
"2026-08-14T08:56:51.340Z","IN","m360/DF/0000/out/1/1/1/0/37","332"
"2026-08-14T08:56:51.340Z","IN","m360/DF/0000/out/1/1/1/0/37","332"
"2026-08-14T08:56:51.450Z","IN","m360/DF/0000/out/1/2/1/0/37","328"
"2026-08-14T08:56:51.451Z","IN","m360/DF/0000/out/1/2/1/0/37","328"
"2026-08-14T08:56:51.453Z","IN","m360/DF/0000/out/1/3/1/0/37","133"
"2026-08-14T08:56:51.453Z","IN","m360/DF/0000/out/1/3/1/0/37","133"
"2026-08-14T08:56:51.844Z","IN","m360/DF/0000/out/1/4/1/0/37","421"
"2026-08-14T08:56:51.844Z","IN","m360/DF/0000/out/1/4/1/0/37","421"
"2026-08-14T08:56:51.844Z","IN","m360/DF/0000/out/1/5/1/0/37","342"
"2026-08-14T08:56:51.844Z","IN","m360/DF/0000/out/1/5/1/0/37","342"
"2026-08-14T08:56:51.844Z","IN","m360/DF/0000/out/1/6/1/0/37","271"
"2026-08-14T08:56:51.844Z","IN","m360/DF/0000/out/1/6/1/0/37","271"
"2026-08-14T08:56:59.453Z","IN","m360/DF/0000/out/99/11/1/0/0","14"
"2026-08-14T08:56:59.453Z","IN","m360/DF/0000/out/99/11/1/0/0","14"
"2026-08-14T08:56:59.512Z","IN","m360/DF/0000/out/99/12/1/0/1","21"
"2026-08-14T08:56:59.512Z","IN","m360/DF/0000/out/99/12/1/0/1","21"
"2026-08-14T08:57:23.894Z","IN","m360/DF/0000/out/2/1/1/0/37","96"
"2026-08-14T08:57:23.895Z","IN","m360/DF/0000/out/2/1/1/0/37","96"
"2026-08-14T08:57:23.995Z","IN","m360/DF/0000/out/2/2/1/0/37","437"
"2026-08-14T08:57:23.996Z","IN","m360/DF/0000/out/2/2/1/0/37","437"
"2026-08-14T08:57:23.998Z","IN","m360/DF/0000/out/2/3/1/0/37","1020"
"2026-08-14T08:57:23.998Z","IN","m360/DF/0000/out/2/3/1/0/37","1020"
"2026-08-14T08:57:24.335Z","IN","m360/DF/0000/out/2/4/1/0/37","1020"
"2026-08-14T08:57:24.335Z","IN","m360/DF/0000/out/2/4/1/0/37","1020"
"2026-08-14T08:57:24.376Z","IN","m360/DF/0000/out/2/5/1/0/37","632"
"2026-08-14T08:57:24.376Z","IN","m360/DF/0000/out/2/5/1/0/37","632"
"2026-08-14T08:57:24.376Z","IN","m360/DF/0000/out/2/6/1/0/37","392"
"2026-08-14T08:57:24.376Z","IN","m360/DF/0000/out/2/6/1/0/37","392"
"2026-08-14T08:57:28.676Z","IN","m360/DF/0000/out","{""nodeId"":0,""sensorId"":255,""command"":3,""ack"":0,""type"":22,""payload"":"""",""timestamp"":41403,""description"":""heartbeat"",""event"":""heartbeat"",""uptime"":41403,""rssi"":-61,""wifiRssi"":-61,""batteryLevel"":100,""ip"":""192.168.1.2"",""version"":""2.0"",""source"":""gateway""}"
"2026-08-14T08:57:28.678Z","IN","m360/DF/0000/out","{""nodeId"":0,""sensorId"":255,""command"":3,""ack"":0,""type"":22,""payload"":"""",""timestamp"":41403,""description"":""heartbeat"",""event"":""heartbeat"",""uptime"":41403,""rssi"":-61,""wifiRssi"":-61,""batteryLevel"":100,""ip"":""192.168.1.2"",""version"":""2.0"",""source"":""gateway""}"
"2026-08-14T08:57:28.693Z","IN","m360/DF/0000/gateway/status","{""timestamp"":41403,""isConnected"":true,""connectionTime"":41395,""reconnectCount"":0,""lastErrorCode"":0,""uptime"":41403,""source"":""gateway"",""type"":""mqtt_metrics""}"
"2026-08-14T08:58:23.875Z","IN","m360/DF/0000/out/2/1/1/0/37","120"
"2026-08-14T08:58:23.875Z","IN","m360/DF/0000/out/2/1/1/0/37","120"
"2026-08-14T08:58:23.983Z","IN","m360/DF/0000/out/2/2/1/0/37","435"
"2026-08-14T08:58:23.984Z","IN","m360/DF/0000/out/2/2/1/0/37","435"
"2026-08-14T08:58:24.019Z","IN","m360/DF/0000/out/2/3/1/0/37","1022"
"2026-08-14T08:58:24.019Z","IN","m360/DF/0000/out/2/3/1/0/37","1022"
"2026-08-14T08:58:24.023Z","IN","m360/DF/0000/out/2/4/1/0/37","1022"
"2026-08-14T08:58:24.023Z","IN","m360/DF/0000/out/2/4/1/0/37","1022"
"2026-08-14T08:58:24.351Z","IN","m360/DF/0000/out/2/5/1/0/37","639"
"2026-08-14T08:58:24.351Z","IN","m360/DF/0000/out/2/5/1/0/37","639"
"2026-08-14T08:58:24.351Z","IN","m360/DF/0000/out/2/6/1/0/37","405"
"2026-08-14T08:58:24.351Z","IN","m360/DF/0000/out/2/6/1/0/37","405"
"2026-08-14T08:58:28.680Z","IN","m360/DF/0000/out","{""nodeId"":0,""sensorId"":255,""command"":3,""ack"":0,""type"":22,""payload"":"""",""timestamp"":41463,""description"":""heartbeat"",""event"":""heartbeat"",""uptime"":41463,""rssi"":-62,""wifiRssi"":-62,""batteryLevel"":100,""ip"":""192.168.1.2"",""version"":""2.0"",""source"":""gateway""}"
"2026-08-14T08:58:28.680Z","IN","m360/DF/0000/out","{""nodeId"":0,""sensorId"":255,""command"":3,""ack"":0,""type"":22,""payload"":"""",""timestamp"":41463,""description"":""heartbeat"",""event"":""heartbeat"",""uptime"":41463,""rssi"":-62,""wifiRssi"":-62,""batteryLevel"":100,""ip"":""192.168.1.2"",""version"":""2.0"",""source"":""gateway""}"
"2026-08-14T08:58:28.697Z","IN","m360/DF/0000/gateway/status","{""timestamp"":41463,""isConnected"":true,""connectionTime"":41455,""reconnectCount"":0,""lastErrorCode"":0,""uptime"":41463,""source"":""gateway"",""type"":""mqtt_metrics""}"
"2026-08-14T08:59:23.855Z","IN","m360/DF/0000/out/2/1/1/0/37","123"
"2026-08-14T08:59:23.855Z","IN","m360/DF/0000/out/2/1/1/0/37","123"
"2026-08-14T08:59:23.945Z","IN","m360/DF/0000/out/2/2/1/0/37","437"
"2026-08-14T08:59:23.945Z","IN","m360/DF/0000/out/2/2/1/0/37","437"
"2026-08-14T08:59:24.246Z","IN","m360/DF/0000/out/2/3/1/0/37","1023"
"2026-08-14T08:59:24.246Z","IN","m360/DF/0000/out/2/3/1/0/37","1023"
"2026-08-14T08:59:24.246Z","IN","m360/DF/0000/out/2/4/1/0/37","1019"
"2026-08-14T08:59:24.246Z","IN","m360/DF/0000/out/2/4/1/0/37","1019"
"2026-08-14T08:59:24.246Z","IN","m360/DF/0000/out/2/5/1/0/37","645"
"2026-08-14T08:59:24.247Z","IN","m360/DF/0000/out/2/5/1/0/37","645"
"2026-08-14T08:59:24.247Z","IN","m360/DF/0000/out/2/6/1/0/37","451"
"2026-08-14T08:59:24.247Z","IN","m360/DF/0000/out/2/6/1/0/37","451"
"2026-08-14T08:59:28.687Z","IN","m360/DF/0000/out","{""nodeId"":0,""sensorId"":255,""command"":3,""ack"":0,""type"":22,""payload"":"""",""timestamp"":41523,""description"":""heartbeat"",""event"":""heartbeat"",""uptime"":41523,""rssi"":-61,""wifiRssi"":-61,""batteryLevel"":100,""ip"":""192.168.1.2"",""version"":""2.0"",""source"":""gateway""}"
"2026-08-14T08:59:28.687Z","IN","m360/DF/0000/out","{""nodeId"":0,""sensorId"":255,""command"":3,""ack"":0,""type"":22,""payload"":"""",""timestamp"":41523,""description"":""heartbeat"",""event"":""heartbeat"",""uptime"":41523,""rssi"":-61,""wifiRssi"":-61,""batteryLevel"":100,""ip"":""192.168.1.2"",""version"":""2.0"",""source"":""gateway""}"
"2026-08-14T08:59:28.832Z","IN","m360/DF/0000/gateway/status","{""timestamp"":41523,""isConnected"":true,""connectionTime"":41515,""reconnectCount"":0,""lastErrorCode"":0,""uptime"":41523,""source"":""gateway"",""type"":""mqtt_metrics""}"
"2026-08-14T09:00:23.879Z","IN","m360/DF/0000/out/2/1/1/0/37","120"
"2026-08-14T09:00:23.879Z","IN","m360/DF/0000/out/2/1/1/0/37","120"
"2026-08-14T09:00:23.993Z","IN","m360/DF/0000/out/2/2/1/0/37","440"
"2026-08-14T09:00:23.994Z","IN","m360/DF/0000/out/2/2/1/0/37","440"
"2026-08-14T09:00:24.020Z","IN","m360/DF/0000/out/2/3/1/0/37","1020"
"2026-08-14T09:00:24.021Z","IN","m360/DF/0000/out/2/3/1/0/37","1020"
"2026-08-14T09:00:24.242Z","IN","m360/DF/0000/out/2/4/1/0/37","1020"
"2026-08-14T09:00:24.243Z","IN","m360/DF/0000/out/2/4/1/0/37","1020"
"2026-08-14T09:00:24.376Z","IN","m360/DF/0000/out/2/5/1/0/37","654"
"2026-08-14T09:00:24.376Z","IN","m360/DF/0000/out/2/5/1/0/37","654"
"2026-08-14T09:00:24.376Z","IN","m360/DF/0000/out/2/6/1/0/37","405"
"2026-08-14T09:00:24.376Z","IN","m360/DF/0000/out/2/6/1/0/37","405"
"2026-08-14T09:00:28.692Z","IN","m360/DF/0000/out","{""nodeId"":0,""sensorId"":255,""command"":3,""ack"":0,""type"":22,""payload"":"""",""timestamp"":41583,""description"":""heartbeat"",""event"":""heartbeat"",""uptime"":41583,""rssi"":-62,""wifiRssi"":-62,""batteryLevel"":100,""ip"":""192.168.1.2"",""version"":""2.0"",""source"":""gateway""}"
"2026-08-14T09:00:28.693Z","IN","m360/DF/0000/out","{""nodeId"":0,""sensorId"":255,""command"":3,""ack"":0,""type"":22,""payload"":"""",""timestamp"":41583,""description"":""heartbeat"",""event"":""heartbeat"",""uptime"":41583,""rssi"":-62,""wifiRssi"":-62,""batteryLevel"":100,""ip"":""192.168.1.2"",""version"":""2.0"",""source"":""gateway""}"
"2026-08-14T09:00:28.753Z","IN","m360/DF/0000/gateway/status","{""timestamp"":41583,""isConnected"":true,""connectionTime"":41575,""reconnectCount"":0,""lastErrorCode"":0,""uptime"":41583,""source"":""gateway"",""type"":""mqtt_metrics""}"
"2026-08-14T09:01:23.894Z","IN","m360/DF/0000/out/2/1/1/0/37","112"
"2026-08-14T09:01:23.894Z","IN","m360/DF/0000/out/2/1/1/0/37","112"
"2026-08-14T09:01:23.988Z","IN","m360/DF/0000/out/2/2/1/0/37","438"
"2026-08-14T09:01:23.988Z","IN","m360/DF/0000/out/2/2/1/0/37","438"
"2026-08-14T09:01:24.016Z","IN","m360/DF/0000/out/2/3/1/0/37","1019"
"2026-08-14T09:01:24.016Z","IN","m360/DF/0000/out/2/3/1/0/37","1019"
"2026-08-14T09:01:24.024Z","IN","m360/DF/0000/out/2/4/1/0/37","1007"
"2026-08-14T09:01:24.024Z","IN","m360/DF/0000/out/2/4/1/0/37","1007"
"2026-08-14T09:01:24.347Z","IN","m360/DF/0000/out/2/5/1/0/37","632"
"2026-08-14T09:01:24.347Z","IN","m360/DF/0000/out/2/5/1/0/37","632"
"2026-08-14T09:01:24.347Z","IN","m360/DF/0000/out/2/6/1/0/37","404"
"2026-08-14T09:01:24.347Z","IN","m360/DF/0000/out/2/6/1/0/37","404"
"2026-08-14T09:01:28.694Z","IN","m360/DF/0000/out","{""nodeId"":0,""sensorId"":255,""command"":3,""ack"":0,""type"":22,""payload"":"""",""timestamp"":41643,""description"":""heartbeat"",""event"":""heartbeat"",""uptime"":41643,""rssi"":-61,""wifiRssi"":-61,""batteryLevel"":100,""ip"":""192.168.1.2"",""version"":""2.0"",""source"":""gateway""}"
"2026-08-14T09:01:28.694Z","IN","m360/DF/0000/out","{""nodeId"":0,""sensorId"":255,""command"":3,""ack"":0,""type"":22,""payload"":"""",""timestamp"":41643,""description"":""heartbeat"",""event"":""heartbeat"",""uptime"":41643,""rssi"":-61,""wifiRssi"":-61,""batteryLevel"":100,""ip"":""192.168.1.2"",""version"":""2.0"",""source"":""gateway""}"
"2026-08-14T09:01:28.766Z","IN","m360/DF/0000/gateway/status","{""timestamp"":41643,""isConnected"":true,""connectionTime"":41635,""reconnectCount"":0,""lastErrorCode"":0,""uptime"":41643,""source"":""gateway"",""type"":""mqtt_metrics""}"
"2026-08-14T09:01:51.711Z","IN","m360/DF/0000/out/1/1/1/0/37","327"
"2026-08-14T09:01:51.711Z","IN","m360/DF/0000/out/1/1/1/0/37","327"
"2026-08-14T09:01:51.844Z","IN","m360/DF/0000/out/1/2/1/0/37","328"
"2026-08-14T09:01:51.845Z","IN","m360/DF/0000/out/1/2/1/0/37","328"
"2026-08-14T09:01:51.852Z","IN","m360/DF/0000/out/1/3/1/0/37","136"
"2026-08-14T09:01:51.852Z","IN","m360/DF/0000/out/1/3/1/0/37","136"
"2026-08-14T09:01:52.234Z","IN","m360/DF/0000/out/1/4/1/0/37","420"
"2026-08-14T09:01:52.234Z","IN","m360/DF/0000/out/1/4/1/0/37","420"
"2026-08-14T09:01:52.234Z","IN","m360/DF/0000/out/1/5/1/0/37","327"
"2026-08-14T09:01:52.234Z","IN","m360/DF/0000/out/1/5/1/0/37","327"
"2026-08-14T09:01:52.234Z","IN","m360/DF/0000/out/1/6/1/0/37","253"
"2026-08-14T09:01:52.234Z","IN","m360/DF/0000/out/1/6/1/0/37","253"
"2026-08-14T09:02:23.890Z","IN","m360/DF/0000/out/2/1/1/0/37","122"
"2026-08-14T09:02:23.890Z","IN","m360/DF/0000/out/2/1/1/0/37","122"
"2026-08-14T09:02:23.970Z","IN","m360/DF/0000/out/2/2/1/0/37","428"
"2026-08-14T09:02:23.971Z","IN","m360/DF/0000/out/2/2/1/0/37","428"
"2026-08-14T09:02:24.253Z","IN","m360/DF/0000/out/2/3/1/0/37","1020"
"2026-08-14T09:02:24.253Z","IN","m360/DF/0000/out/2/3/1/0/37","1020"
"2026-08-14T09:02:24.253Z","IN","m360/DF/0000/out/2/4/1/0/37","1020"
"2026-08-14T09:02:24.254Z","IN","m360/DF/0000/out/2/4/1/0/37","1020"
"2026-08-14T09:02:24.254Z","IN","m360/DF/0000/out/2/5/1/0/37","637"
"2026-08-14T09:02:24.254Z","IN","m360/DF/0000/out/2/5/1/0/37","637"
"2026-08-14T09:02:24.254Z","IN","m360/DF/0000/out/2/6/1/0/37","403"
"2026-08-14T09:02:24.254Z","IN","m360/DF/0000/out/2/6/1/0/37","403"
"2026-08-14T09:02:28.702Z","IN","m360/DF/0000/out/events","{""event"":""node_lost"",""nodeId"":99,""timestamp"":41703,""rssi"":-62,""details"":""Inactivity detected: timeout 300 s""}"
"2026-08-14T09:02:28.702Z","IN","m360/DF/0000/out/events","{""event"":""node_lost"",""nodeId"":99,""timestamp"":41703,""rssi"":-62,""details"":""Inactivity detected: timeout 300 s""}"
"2026-08-14T09:02:28.762Z","IN","m360/DF/0000/out","{""nodeId"":0,""sensorId"":255,""command"":3,""ack"":0,""type"":22,""payload"":"""",""timestamp"":41703,""description"":""heartbeat"",""event"":""heartbeat"",""uptime"":41703,""rssi"":-62,""wifiRssi"":-62,""batteryLevel"":100,""ip"":""192.168.1.2"",""version"":""2.0"",""source"":""gateway""}"
"2026-08-14T09:02:28.762Z","IN","m360/DF/0000/out","{""nodeId"":0,""sensorId"":255,""command"":3,""ack"":0,""type"":22,""payload"":"""",""timestamp"":41703,""description"":""heartbeat"",""event"":""heartbeat"",""uptime"":41703,""rssi"":-62,""wifiRssi"":-62,""batteryLevel"":100,""ip"":""192.168.1.2"",""version"":""2.0"",""source"":""gateway""}"
"2026-08-14T09:02:28.762Z","IN","m360/DF/0000/gateway/status","{""timestamp"":41703,""isConnected"":true,""connectionTime"":41695,""reconnectCount"":0,""lastErrorCode"":0,""uptime"":41703,""source"":""gateway"",""type"":""mqtt_metrics""}"
"2026-08-14T09:02:51.796Z","IN","m360/DF/0000/out/1/1/1/0/37","335"
"2026-08-14T09:02:51.796Z","IN","m360/DF/0000/out/1/1/1/0/37","335"
"2026-08-14T09:02:51.896Z","IN","m360/DF/0000/out/1/2/1/0/37","334"
"2026-08-14T09:02:51.919Z","IN","m360/DF/0000/out/1/2/1/0/37","334"
"2026-08-14T09:02:51.937Z","IN","m360/DF/0000/out/1/3/1/0/37","121"
"2026-08-14T09:02:51.937Z","IN","m360/DF/0000/out/1/3/1/0/37","121"
"2026-08-14T09:02:52.349Z","IN","m360/DF/0000/out/1/4/1/0/37","418"
"2026-08-14T09:02:52.350Z","IN","m360/DF/0000/out/1/4/1/0/37","418"
"2026-08-14T09:02:52.350Z","IN","m360/DF/0000/out/1/5/1/0/37","332"
"2026-08-14T09:02:52.350Z","IN","m360/DF/0000/out/1/5/1/0/37","332"
"2026-08-14T09:02:52.350Z","IN","m360/DF/0000/out/1/6/1/0/37","269"
"2026-08-14T09:02:52.350Z","IN","m360/DF/0000/out/1/6/1/0/37","269"
"2026-08-14T09:03:23.879Z","IN","m360/DF/0000/out/2/1/1/0/37","119"
"2026-08-14T09:03:23.879Z","IN","m360/DF/0000/out/2/1/1/0/37","119"
"2026-08-14T09:03:23.991Z","IN","m360/DF/0000/out/2/2/1/0/37","444"
"2026-08-14T09:03:23.991Z","IN","m360/DF/0000/out/2/2/1/0/37","444"
"2026-08-14T09:03:23.993Z","IN","m360/DF/0000/out/2/5/1/0/37","716"
"2026-08-14T09:03:23.993Z","IN","m360/DF/0000/out/2/5/1/0/37","716"
"2026-08-14T09:03:24.336Z","IN","m360/DF/0000/out/2/6/1/0/37","363"
"2026-08-14T09:03:24.336Z","IN","m360/DF/0000/out/2/6/1/0/37","363"
"2026-08-14T09:03:28.701Z","IN","m360/DF/0000/out","{""nodeId"":0,""sensorId"":255,""command"":3,""ack"":0,""type"":22,""payload"":"""",""timestamp"":41763,""description"":""heartbeat"",""event"":""heartbeat"",""uptime"":41763,""rssi"":-61,""wifiRssi"":-61,""batteryLevel"":100,""ip"":""192.168.1.2"",""version"":""2.0"",""source"":""gateway""}"
"2026-08-14T09:03:28.701Z","IN","m360/DF/0000/out","{""nodeId"":0,""sensorId"":255,""command"":3,""ack"":0,""type"":22,""payload"":"""",""timestamp"":41763,""description"":""heartbeat"",""event"":""heartbeat"",""uptime"":41763,""rssi"":-61,""wifiRssi"":-61,""batteryLevel"":100,""ip"":""192.168.1.2"",""version"":""2.0"",""source"":""gateway""}"
"2026-08-14T09:03:28.771Z","IN","m360/DF/0000/gateway/status","{""timestamp"":41763,""isConnected"":true,""connectionTime"":41755,""reconnectCount"":0,""lastErrorCode"":0,""uptime"":41763,""source"":""gateway"",""type"":""mqtt_metrics""}"
"2026-08-14T09:03:51.887Z","IN","m360/DF/0000/out/1/2/1/0/37","243"
"2026-08-14T09:03:51.887Z","IN","m360/DF/0000/out/1/2/1/0/37","243"
"2026-08-14T09:03:52.132Z","IN","m360/DF/0000/out/1/3/1/0/37","108"
"2026-08-14T09:03:52.132Z","IN","m360/DF/0000/out/1/3/1/0/37","108"
"2026-08-14T09:03:52.141Z","IN","m360/DF/0000/out/1/4/1/0/37","429"
"2026-08-14T09:03:52.143Z","IN","m360/DF/0000/out/1/4/1/0/37","429"
"2026-08-14T09:03:52.143Z","IN","m360/DF/0000/out/1/5/1/0/37","328"
"2026-08-14T09:03:52.143Z","IN","m360/DF/0000/out/1/5/1/0/37","328"
"2026-08-14T09:03:52.143Z","IN","m360/DF/0000/out/1/6/1/0/37","262"
"2026-08-14T09:03:52.143Z","IN","m360/DF/0000/out/1/6/1/0/37","262"
"2026-08-14T09:03:58.975Z","IN","m360/DF/0000/out/events","{""event"":""node_reconnected"",""nodeId"":99,""timestamp"":41793,""rssi"":-61,""details"":""Node back online or discovered""}"
"2026-08-14T09:03:58.976Z","IN","m360/DF/0000/out/events","{""event"":""node_reconnected"",""nodeId"":99,""timestamp"":41793,""rssi"":-61,""details"":""Node back online or discovered""}"
"2026-08-14T09:03:59.034Z","IN","m360/DF/0000/out/99/21/1/0/24","0"
"2026-08-14T09:03:59.034Z","IN","m360/DF/0000/out/99/21/1/0/24","0"
"2026-08-14T09:04:23.901Z","IN","m360/DF/0000/out/2/1/1/0/37","185"
"2026-08-14T09:04:23.902Z","IN","m360/DF/0000/out/2/1/1/0/37","185"
"2026-08-14T09:04:24.044Z","IN","m360/DF/0000/out/2/2/1/0/37","439"
"2026-08-14T09:04:24.045Z","IN","m360/DF/0000/out/2/2/1/0/37","439"
"2026-08-14T09:04:24.049Z","IN","m360/DF/0000/out/2/4/1/0/37","1019"
"2026-08-14T09:04:24.050Z","IN","m360/DF/0000/out/2/4/1/0/37","1019"
"2026-08-14T09:04:24.050Z","IN","m360/DF/0000/out/2/5/1/0/37","643"
"2026-08-14T09:04:24.050Z","IN","m360/DF/0000/out/2/5/1/0/37","643"
"2026-08-14T09:04:24.427Z","IN","m360/DF/0000/out/2/6/1/0/37","393"
"2026-08-14T09:04:24.428Z","IN","m360/DF/0000/out/2/6/1/0/37","393"
"2026-08-14T09:04:28.706Z","IN","m360/DF/0000/out","{""nodeId"":0,""sensorId"":255,""command"":3,""ack"":0,""type"":22,""payload"":"""",""timestamp"":41823,""description"":""heartbeat"",""event"":""heartbeat"",""uptime"":41823,""rssi"":-61,""wifiRssi"":-61,""batteryLevel"":100,""ip"":""192.168.1.2"",""version"":""2.0"",""source"":""gateway""}"
"2026-08-14T09:04:28.706Z","IN","m360/DF/0000/out","{""nodeId"":0,""sensorId"":255,""command"":3,""ack"":0,""type"":22,""payload"":"""",""timestamp"":41823,""description"":""heartbeat"",""event"":""heartbeat"",""uptime"":41823,""rssi"":-61,""wifiRssi"":-61,""batteryLevel"":100,""ip"":""192.168.1.2"",""version"":""2.0"",""source"":""gateway""}"
"2026-08-14T09:04:28.772Z","IN","m360/DF/0000/gateway/status","{""timestamp"":41823,""isConnected"":true,""connectionTime"":41815,""reconnectCount"":0,""lastErrorCode"":0,""uptime"":41823,""source"":""gateway"",""type"":""mqtt_metrics""}"
"2026-08-14T09:04:51.968Z","IN","m360/DF/0000/out/1/1/1/0/37","339"
"2026-08-14T09:04:51.968Z","IN","m360/DF/0000/out/1/1/1/0/37","339"
"2026-08-14T09:04:52.081Z","IN","m360/DF/0000/out/1/2/1/0/37","332"
"2026-08-14T09:04:52.081Z","IN","m360/DF/0000/out/1/2/1/0/37","332"
"2026-08-14T09:04:52.119Z","IN","m360/DF/0000/out/1/3/1/0/37","121"
"2026-08-14T09:04:52.119Z","IN","m360/DF/0000/out/1/3/1/0/37","121"
"2026-08-14T09:04:52.135Z","IN","m360/DF/0000/out/1/4/1/0/37","404"
"2026-08-14T09:04:52.137Z","IN","m360/DF/0000/out/1/4/1/0/37","404"
"2026-08-14T09:04:52.235Z","IN","m360/DF/0000/out/1/5/1/0/37","329"
"2026-08-14T09:04:52.236Z","IN","m360/DF/0000/out/1/5/1/0/37","329"
"2026-08-14T09:04:52.446Z","IN","m360/DF/0000/out/1/6/1/0/37","295"
"2026-08-14T09:04:52.446Z","IN","m360/DF/0000/out/1/6/1/0/37","295"
"2026-08-14T09:05:23.921Z","IN","m360/DF/0000/out/2/1/1/0/37","120"
"2026-08-14T09:05:23.922Z","IN","m360/DF/0000/out/2/1/1/0/37","120"
"2026-08-14T09:05:24.060Z","IN","m360/DF/0000/out/2/4/1/0/37","1020"
"2026-08-14T09:05:24.062Z","IN","m360/DF/0000/out/2/4/1/0/37","1020"
"2026-08-14T09:05:24.065Z","IN","m360/DF/0000/out/2/5/1/0/37","626"
"2026-08-14T09:05:24.065Z","IN","m360/DF/0000/out/2/5/1/0/37","626"
"2026-08-14T09:05:24.065Z","IN","m360/DF/0000/out/2/6/1/0/37","378"
"2026-08-14T09:05:24.066Z","IN","m360/DF/0000/out/2/6/1/0/37","378"
"2026-08-14T09:05:28.710Z","IN","m360/DF/0000/out","{""nodeId"":0,""sensorId"":255,""command"":3,""ack"":0,""type"":22,""payload"":"""",""timestamp"":41883,""description"":""heartbeat"",""event"":""heartbeat"",""uptime"":41883,""rssi"":-62,""wifiRssi"":-62,""batteryLevel"":100,""ip"":""192.168.1.2"",""version"":""2.0"",""source"":""gateway""}"
"2026-08-14T09:05:28.710Z","IN","m360/DF/0000/out","{""nodeId"":0,""sensorId"":255,""command"":3,""ack"":0,""type"":22,""payload"":"""",""timestamp"":41883,""description"":""heartbeat"",""event"":""heartbeat"",""uptime"":41883,""rssi"":-62,""wifiRssi"":-62,""batteryLevel"":100,""ip"":""192.168.1.2"",""version"":""2.0"",""source"":""gateway""}"
"2026-08-14T09:05:28.777Z","IN","m360/DF/0000/gateway/status","{""timestamp"":41883,""isConnected"":true,""connectionTime"":41875,""reconnectCount"":0,""lastErrorCode"":0,""uptime"":41883,""source"":""gateway"",""type"":""mqtt_metrics""}"
"2026-08-14T09:05:52.022Z","IN","m360/DF/0000/out/1/1/1/0/37","336"
"2026-08-14T09:05:52.022Z","IN","m360/DF/0000/out/1/1/1/0/37","336"
"2026-08-14T09:05:52.351Z","IN","m360/DF/0000/out/1/3/1/0/37","112"
"2026-08-14T09:05:52.351Z","IN","m360/DF/0000/out/1/3/1/0/37","112"
"2026-08-14T09:05:52.420Z","IN","m360/DF/0000/out/1/4/1/0/37","408"
"2026-08-14T09:05:52.421Z","IN","m360/DF/0000/out/1/4/1/0/37","408"
"2026-08-14T09:05:52.421Z","IN","m360/DF/0000/out/1/6/1/0/37","253"
"2026-08-14T09:05:52.421Z","IN","m360/DF/0000/out/1/6/1/0/37","253"
"2026-08-14T09:06:23.923Z","IN","m360/DF/0000/out/2/1/1/0/37","124"
"2026-08-14T09:06:23.923Z","IN","m360/DF/0000/out/2/1/1/0/37","124"
"2026-08-14T09:06:24.262Z","IN","m360/DF/0000/out/2/2/1/0/37","448"
"2026-08-14T09:06:24.262Z","IN","m360/DF/0000/out/2/2/1/0/37","448"
"2026-08-14T09:06:24.262Z","IN","m360/DF/0000/out/2/5/1/0/37","627"
"2026-08-14T09:06:24.262Z","IN","m360/DF/0000/out/2/5/1/0/37","627"
"2026-08-14T09:06:24.262Z","IN","m360/DF/0000/out/2/6/1/0/37","389"
"2026-08-14T09:06:24.262Z","IN","m360/DF/0000/out/2/6/1/0/37","389"
"2026-08-14T09:06:28.715Z","IN","m360/DF/0000/out","{""nodeId"":0,""sensorId"":255,""command"":3,""ack"":0,""type"":22,""payload"":"""",""timestamp"":41943,""description"":""heartbeat"",""event"":""heartbeat"",""uptime"":41943,""rssi"":-62,""wifiRssi"":-62,""batteryLevel"":100,""ip"":""192.168.1.2"",""version"":""2.0"",""source"":""gateway""}"
"2026-08-14T09:06:28.715Z","IN","m360/DF/0000/out","{""nodeId"":0,""sensorId"":255,""command"":3,""ack"":0,""type"":22,""payload"":"""",""timestamp"":41943,""description"":""heartbeat"",""event"":""heartbeat"",""uptime"":41943,""rssi"":-62,""wifiRssi"":-62,""batteryLevel"":100,""ip"":""192.168.1.2"",""version"":""2.0"",""source"":""gateway""}"
"2026-08-14T09:06:28.776Z","IN","m360/DF/0000/gateway/status","{""timestamp"":41943,""isConnected"":true,""connectionTime"":41935,""reconnectCount"":0,""lastErrorCode"":0,""uptime"":41943,""source"":""gateway"",""type"":""mqtt_metrics""}"
"2026-08-14T09:06:52.065Z","IN","m360/DF/0000/out/1/1/1/0/37","339"
"2026-08-14T09:06:52.065Z","IN","m360/DF/0000/out/1/1/1/0/37","339"
"2026-08-14T09:06:52.167Z","IN","m360/DF/0000/out/1/2/1/0/37","328"
"2026-08-14T09:06:52.169Z","IN","m360/DF/0000/out/1/2/1/0/37","328"
"2026-08-14T09:06:52.180Z","IN","m360/DF/0000/out/1/3/1/0/37","132"
"2026-08-14T09:06:52.180Z","IN","m360/DF/0000/out/1/3/1/0/37","132"
"2026-08-14T09:06:52.542Z","IN","m360/DF/0000/out/1/4/1/0/37","446"
"2026-08-14T09:06:52.542Z","IN","m360/DF/0000/out/1/4/1/0/37","446"
"2026-08-14T09:06:52.542Z","IN","m360/DF/0000/out/1/5/1/0/37","254"
"2026-08-14T09:06:52.542Z","IN","m360/DF/0000/out/1/5/1/0/37","254"
"2026-08-14T09:06:52.542Z","IN","m360/DF/0000/out/1/6/1/0/37","268"
"2026-08-14T09:06:52.542Z","IN","m360/DF/0000/out/1/6/1/0/37","268"
"2026-08-14T09:07:23.932Z","IN","m360/DF/0000/out/2/1/1/0/37","120"
"2026-08-14T09:07:23.934Z","IN","m360/DF/0000/out/2/1/1/0/37","120"
"2026-08-14T09:07:24.044Z","IN","m360/DF/0000/out/2/2/1/0/37","433"
"2026-08-14T09:07:24.044Z","IN","m360/DF/0000/out/2/2/1/0/37","433"
"2026-08-14T09:07:24.045Z","IN","m360/DF/0000/out/2/4/1/0/37","1018"
"2026-08-14T09:07:24.045Z","IN","m360/DF/0000/out/2/4/1/0/37","1018"
"2026-08-14T09:07:24.436Z","IN","m360/DF/0000/out/2/5/1/0/37","634"
"2026-08-14T09:07:24.436Z","IN","m360/DF/0000/out/2/5/1/0/37","634"
"2026-08-14T09:07:24.437Z","IN","m360/DF/0000/out/2/6/1/0/37","384"
"2026-08-14T09:07:24.437Z","IN","m360/DF/0000/out/2/6/1/0/37","384"
"2026-08-14T09:07:28.720Z","IN","m360/DF/0000/out","{""nodeId"":0,""sensorId"":255,""command"":3,""ack"":0,""type"":22,""payload"":"""",""timestamp"":42003,""description"":""heartbeat"",""event"":""heartbeat"",""uptime"":42003,""rssi"":-62,""wifiRssi"":-62,""batteryLevel"":100,""ip"":""192.168.1.2"",""version"":""2.0"",""source"":""gateway""}"
"2026-08-14T09:07:28.720Z","IN","m360/DF/0000/out","{""nodeId"":0,""sensorId"":255,""command"":3,""ack"":0,""type"":22,""payload"":"""",""timestamp"":42003,""description"":""heartbeat"",""event"":""heartbeat"",""uptime"":42003,""rssi"":-62,""wifiRssi"":-62,""batteryLevel"":100,""ip"":""192.168.1.2"",""version"":""2.0"",""source"":""gateway""}"
"2026-08-14T09:07:28.783Z","IN","m360/DF/0000/gateway/status","{""timestamp"":42003,""isConnected"":true,""connectionTime"":41995,""reconnectCount"":0,""lastErrorCode"":0,""uptime"":42003,""source"":""gateway"",""type"":""mqtt_metrics""}"
"2026-08-14T09:07:52.158Z","IN","m360/DF/0000/out/1/2/1/0/37","245"
"2026-08-14T09:07:52.158Z","IN","m360/DF/0000/out/1/2/1/0/37","245"
"2026-08-14T09:07:52.252Z","IN","m360/DF/0000/out/1/3/1/0/37","109"
"2026-08-14T09:07:52.252Z","IN","m360/DF/0000/out/1/3/1/0/37","109"
"2026-08-14T09:07:52.556Z","IN","m360/DF/0000/out/1/4/1/0/37","415"
"2026-08-14T09:07:52.556Z","IN","m360/DF/0000/out/1/4/1/0/37","415"
"2026-08-14T09:07:52.556Z","IN","m360/DF/0000/out/1/5/1/0/37","332"
"2026-08-14T09:07:52.556Z","IN","m360/DF/0000/out/1/5/1/0/37","332"
"2026-08-14T09:07:52.556Z","IN","m360/DF/0000/out/1/6/1/0/37","262"
"2026-08-14T09:07:52.556Z","IN","m360/DF/0000/out/1/6/1/0/37","262"
"2026-08-14T09:07:59.561Z","IN","m360/DF/0000/out/99/11/1/0/0","14"
"2026-08-14T09:07:59.561Z","IN","m360/DF/0000/out/99/11/1/0/0","14"
"2026-08-14T09:07:59.619Z","IN","m360/DF/0000/out/99/12/1/0/1","21"
"2026-08-14T09:07:59.620Z","IN","m360/DF/0000/out/99/12/1/0/1","21"
"2026-08-14T09:08:23.954Z","IN","m360/DF/0000/out/2/1/1/0/37","119"
"2026-08-14T09:08:23.955Z","IN","m360/DF/0000/out/2/1/1/0/37","119"
"2026-08-14T09:08:24.048Z","IN","m360/DF/0000/out/2/2/1/0/37","435"
"2026-08-14T09:08:24.049Z","IN","m360/DF/0000/out/2/2/1/0/37","435"
"2026-08-14T09:08:24.434Z","IN","m360/DF/0000/out/2/4/1/0/37","1020"
"2026-08-14T09:08:24.435Z","IN","m360/DF/0000/out/2/4/1/0/37","1020"
"2026-08-14T09:08:24.435Z","IN","m360/DF/0000/out/2/5/1/0/37","626"
"2026-08-14T09:08:24.435Z","IN","m360/DF/0000/out/2/5/1/0/37","626"
"2026-08-14T09:08:24.435Z","IN","m360/DF/0000/out/2/6/1/0/37","394"
"2026-08-14T09:08:24.435Z","IN","m360/DF/0000/out/2/6/1/0/37","394"
"2026-08-14T09:08:28.724Z","IN","m360/DF/0000/out","{""nodeId"":0,""sensorId"":255,""command"":3,""ack"":0,""type"":22,""payload"":"""",""timestamp"":42063,""description"":""heartbeat"",""event"":""heartbeat"",""uptime"":42063,""rssi"":-61,""wifiRssi"":-61,""batteryLevel"":100,""ip"":""192.168.1.2"",""version"":""2.0"",""source"":""gateway""}"
"2026-08-14T09:08:28.724Z","IN","m360/DF/0000/out","{""nodeId"":0,""sensorId"":255,""command"":3,""ack"":0,""type"":22,""payload"":"""",""timestamp"":42063,""description"":""heartbeat"",""event"":""heartbeat"",""uptime"":42063,""rssi"":-61,""wifiRssi"":-61,""batteryLevel"":100,""ip"":""192.168.1.2"",""version"":""2.0"",""source"":""gateway""}"
"2026-08-14T09:08:28.790Z","IN","m360/DF/0000/gateway/status","{""timestamp"":42063,""isConnected"":true,""connectionTime"":42055,""reconnectCount"":0,""lastErrorCode"":0,""uptime"":42063,""source"":""gateway"",""type"":""mqtt_metrics""}"
"2026-08-14T09:08:52.215Z","IN","m360/DF/0000/out/1/1/1/0/37","341"
"2026-08-14T09:08:52.215Z","IN","m360/DF/0000/out/1/1/1/0/37","341"
"2026-08-14T09:08:52.338Z","IN","m360/DF/0000/out/1/2/1/0/37","333"
"2026-08-14T09:08:52.339Z","IN","m360/DF/0000/out/1/2/1/0/37","333"
"2026-08-14T09:08:52.339Z","IN","m360/DF/0000/out/1/3/1/0/37","135"
"2026-08-14T09:08:52.339Z","IN","m360/DF/0000/out/1/3/1/0/37","135"
"2026-08-14T09:08:52.729Z","IN","m360/DF/0000/out/1/4/1/0/37","432"
"2026-08-14T09:08:52.729Z","IN","m360/DF/0000/out/1/4/1/0/37","432"
"2026-08-14T09:08:52.729Z","IN","m360/DF/0000/out/1/5/1/0/37","341"
"2026-08-14T09:08:52.729Z","IN","m360/DF/0000/out/1/5/1/0/37","341"
"2026-08-14T09:08:52.729Z","IN","m360/DF/0000/out/1/6/1/0/37","265"
"2026-08-14T09:08:52.729Z","IN","m360/DF/0000/out/1/6/1/0/37","265"
"2026-08-14T09:09:23.953Z","IN","m360/DF/0000/out/2/1/1/0/37","118"
"2026-08-14T09:09:23.954Z","IN","m360/DF/0000/out/2/1/1/0/37","118"
"2026-08-14T09:09:24.051Z","IN","m360/DF/0000/out/2/2/1/0/37","438"
"2026-08-14T09:09:24.052Z","IN","m360/DF/0000/out/2/2/1/0/37","438"
"2026-08-14T09:09:24.274Z","IN","m360/DF/0000/out/2/6/1/0/37","381"
"2026-08-14T09:09:24.274Z","IN","m360/DF/0000/out/2/6/1/0/37","381"
"2026-08-14T09:09:28.728Z","IN","m360/DF/0000/out","{""nodeId"":0,""sensorId"":255,""command"":3,""ack"":0,""type"":22,""payload"":"""",""timestamp"":42123,""description"":""heartbeat"",""event"":""heartbeat"",""uptime"":42123,""rssi"":-62,""wifiRssi"":-62,""batteryLevel"":100,""ip"":""192.168.1.2"",""version"":""2.0"",""source"":""gateway""}"
"2026-08-14T09:09:28.728Z","IN","m360/DF/0000/out","{""nodeId"":0,""sensorId"":255,""command"":3,""ack"":0,""type"":22,""payload"":"""",""timestamp"":42123,""description"":""heartbeat"",""event"":""heartbeat"",""uptime"":42123,""rssi"":-62,""wifiRssi"":-62,""batteryLevel"":100,""ip"":""192.168.1.2"",""version"":""2.0"",""source"":""gateway""}"
"2026-08-14T09:09:28.786Z","IN","m360/DF/0000/gateway/status","{""timestamp"":42123,""isConnected"":true,""connectionTime"":42115,""reconnectCount"":0,""lastErrorCode"":0,""uptime"":42123,""source"":""gateway"",""type"":""mqtt_metrics""}"
"2026-08-14T09:09:52.301Z","IN","m360/DF/0000/out/1/1/1/0/37","357"
"2026-08-14T09:09:52.301Z","IN","m360/DF/0000/out/1/1/1/0/37","357"
"2026-08-14T09:09:52.423Z","IN","m360/DF/0000/out/1/2/1/0/37","334"
"2026-08-14T09:09:52.424Z","IN","m360/DF/0000/out/1/2/1/0/37","334"
"2026-08-14T09:09:52.427Z","IN","m360/DF/0000/out/1/3/1/0/37","132"
"2026-08-14T09:09:52.427Z","IN","m360/DF/0000/out/1/3/1/0/37","132"
"2026-08-14T09:09:52.825Z","IN","m360/DF/0000/out/1/4/1/0/37","433"
"2026-08-14T09:09:52.825Z","IN","m360/DF/0000/out/1/4/1/0/37","433"
"2026-08-14T09:09:52.825Z","IN","m360/DF/0000/out/1/5/1/0/37","340"
"2026-08-14T09:09:52.825Z","IN","m360/DF/0000/out/1/5/1/0/37","340"
"2026-08-14T09:09:52.825Z","IN","m360/DF/0000/out/1/6/1/0/37","269"
"2026-08-14T09:09:52.825Z","IN","m360/DF/0000/out/1/6/1/0/37","269"
"2026-08-14T09:10:23.977Z","IN","m360/DF/0000/out/2/1/1/0/37","135"
"2026-08-14T09:10:23.978Z","IN","m360/DF/0000/out/2/1/1/0/37","135"
"2026-08-14T09:10:24.082Z","IN","m360/DF/0000/out/2/2/1/0/37","428"
"2026-08-14T09:10:24.083Z","IN","m360/DF/0000/out/2/2/1/0/37","428"
"2026-08-14T09:10:24.086Z","IN","m360/DF/0000/out/2/3/1/0/37","1019"
"2026-08-14T09:10:24.086Z","IN","m360/DF/0000/out/2/3/1/0/37","1019"
"2026-08-14T09:10:24.473Z","IN","m360/DF/0000/out/2/5/1/0/37","625"
"2026-08-14T09:10:24.473Z","IN","m360/DF/0000/out/2/5/1/0/37","625"
"2026-08-14T09:10:24.530Z","IN","m360/DF/0000/out/2/6/1/0/37","396"
"2026-08-14T09:10:24.530Z","IN","m360/DF/0000/out/2/6/1/0/37","396"
"2026-08-14T09:10:28.734Z","IN","m360/DF/0000/out","{""nodeId"":0,""sensorId"":255,""command"":3,""ack"":0,""type"":22,""payload"":"""",""timestamp"":42183,""description"":""heartbeat"",""event"":""heartbeat"",""uptime"":42183,""rssi"":-63,""wifiRssi"":-63,""batteryLevel"":100,""ip"":""192.168.1.2"",""version"":""2.0"",""source"":""gateway""}"
"2026-08-14T09:10:28.736Z","IN","m360/DF/0000/out","{""nodeId"":0,""sensorId"":255,""command"":3,""ack"":0,""type"":22,""payload"":"""",""timestamp"":42183,""description"":""heartbeat"",""event"":""heartbeat"",""uptime"":42183,""rssi"":-63,""wifiRssi"":-63,""batteryLevel"":100,""ip"":""192.168.1.2"",""version"":""2.0"",""source"":""gateway""}"
"2026-08-14T09:10:28.793Z","IN","m360/DF/0000/gateway/status","{""timestamp"":42183,""isConnected"":true,""connectionTime"":42175,""reconnectCount"":0,""lastErrorCode"":0,""uptime"":42183,""source"":""gateway"",""type"":""mqtt_metrics""}"
"2026-08-14T09:10:52.369Z","IN","m360/DF/0000/out/1/1/1/0/37","345"
"2026-08-14T09:10:52.369Z","IN","m360/DF/0000/out/1/1/1/0/37","345"
"2026-08-14T09:10:52.469Z","IN","m360/DF/0000/out/1/2/1/0/37","328"
"2026-08-14T09:10:52.470Z","IN","m360/DF/0000/out/1/2/1/0/37","328"
"2026-08-14T09:10:52.470Z","IN","m360/DF/0000/out/1/3/1/0/37","119"
"2026-08-14T09:10:52.473Z","IN","m360/DF/0000/out/1/3/1/0/37","119"
"2026-08-14T09:10:52.782Z","IN","m360/DF/0000/out/1/4/1/0/37","416"
"2026-08-14T09:10:52.782Z","IN","m360/DF/0000/out/1/4/1/0/37","416"
"2026-08-14T09:10:52.853Z","IN","m360/DF/0000/out/1/5/1/0/37","332"
"2026-08-14T09:10:52.853Z","IN","m360/DF/0000/out/1/5/1/0/37","332"
"2026-08-14T09:10:52.853Z","IN","m360/DF/0000/out/1/6/1/0/37","254"
"2026-08-14T09:10:52.853Z","IN","m360/DF/0000/out/1/6/1/0/37","254"
"2026-08-14T09:11:23.989Z","IN","m360/DF/0000/out/2/1/1/0/37","127"
"2026-08-14T09:11:23.990Z","IN","m360/DF/0000/out/2/1/1/0/37","127"
"2026-08-14T09:11:24.091Z","IN","m360/DF/0000/out/2/2/1/0/37","432"
"2026-08-14T09:11:24.092Z","IN","m360/DF/0000/out/2/2/1/0/37","432"
"2026-08-14T09:11:24.093Z","IN","m360/DF/0000/out/2/3/1/0/37","1020"
"2026-08-14T09:11:24.093Z","IN","m360/DF/0000/out/2/3/1/0/37","1020"
"2026-08-14T09:11:24.363Z","IN","m360/DF/0000/out/2/5/1/0/37","628"
"2026-08-14T09:11:24.363Z","IN","m360/DF/0000/out/2/5/1/0/37","628"
"2026-08-14T09:11:24.439Z","IN","m360/DF/0000/out/2/6/1/0/37","384"
"2026-08-14T09:11:24.439Z","IN","m360/DF/0000/out/2/6/1/0/37","384"
"2026-08-14T09:11:28.739Z","IN","m360/DF/0000/out","{""nodeId"":0,""sensorId"":255,""command"":3,""ack"":0,""type"":22,""payload"":"""",""timestamp"":42243,""description"":""heartbeat"",""event"":""heartbeat"",""uptime"":42243,""rssi"":-64,""wifiRssi"":-64,""batteryLevel"":100,""ip"":""192.168.1.2"",""version"":""2.0"",""source"":""gateway""}"
"2026-08-14T09:11:28.740Z","IN","m360/DF/0000/out","{""nodeId"":0,""sensorId"":255,""command"":3,""ack"":0,""type"":22,""payload"":"""",""timestamp"":42243,""description"":""heartbeat"",""event"":""heartbeat"",""uptime"":42243,""rssi"":-64,""wifiRssi"":-64,""batteryLevel"":100,""ip"":""192.168.1.2"",""version"":""2.0"",""source"":""gateway""}"
"2026-08-14T09:11:28.916Z","IN","m360/DF/0000/gateway/status","{""timestamp"":42243,""isConnected"":true,""connectionTime"":42235,""reconnectCount"":0,""lastErrorCode"":0,""uptime"":42243,""source"":""gateway"",""type"":""mqtt_metrics""}"
"2026-08-14T09:11:52.421Z","IN","m360/DF/0000/out/1/1/1/0/37","339"
"2026-08-14T09:11:52.422Z","IN","m360/DF/0000/out/1/1/1/0/37","339"
"2026-08-14T09:11:52.568Z","IN","m360/DF/0000/out/1/2/1/0/37","332"
"2026-08-14T09:11:52.569Z","IN","m360/DF/0000/out/1/2/1/0/37","332"
"2026-08-14T09:11:52.575Z","IN","m360/DF/0000/out/1/3/1/0/37","113"
"2026-08-14T09:11:52.575Z","IN","m360/DF/0000/out/1/3/1/0/37","113"
"2026-08-14T09:11:52.575Z","IN","m360/DF/0000/out/1/4/1/0/37","428"
"2026-08-14T09:11:52.576Z","IN","m360/DF/0000/out/1/4/1/0/37","428"
"2026-08-14T09:11:52.922Z","IN","m360/DF/0000/out/1/5/1/0/37","355"
"2026-08-14T09:11:52.922Z","IN","m360/DF/0000/out/1/5/1/0/37","355"
"2026-08-14T09:11:52.954Z","IN","m360/DF/0000/out/1/6/1/0/37","257"
"2026-08-14T09:11:52.954Z","IN","m360/DF/0000/out/1/6/1/0/37","257"
"2026-08-14T09:12:24.009Z","IN","m360/DF/0000/out/2/1/1/0/37","120"
"2026-08-14T09:12:24.009Z","IN","m360/DF/0000/out/2/1/1/0/37","120"
"2026-08-14T09:12:24.129Z","IN","m360/DF/0000/out/2/2/1/0/37","440"
"2026-08-14T09:12:24.130Z","IN","m360/DF/0000/out/2/2/1/0/37","440"
"2026-08-14T09:12:24.446Z","IN","m360/DF/0000/out/2/5/1/0/37","626"
"2026-08-14T09:12:24.446Z","IN","m360/DF/0000/out/2/5/1/0/37","626"
"2026-08-14T09:12:24.447Z","IN","m360/DF/0000/out/2/6/1/0/37","391"
"2026-08-14T09:12:24.447Z","IN","m360/DF/0000/out/2/6/1/0/37","391"
"2026-08-14T09:12:28.742Z","IN","m360/DF/0000/out","{""nodeId"":0,""sensorId"":255,""command"":3,""ack"":0,""type"":22,""payload"":"""",""timestamp"":42303,""description"":""heartbeat"",""event"":""heartbeat"",""uptime"":42303,""rssi"":-64,""wifiRssi"":-64,""batteryLevel"":100,""ip"":""192.168.1.2"",""version"":""2.0"",""source"":""gateway""}"
"2026-08-14T09:12:28.744Z","IN","m360/DF/0000/out","{""nodeId"":0,""sensorId"":255,""command"":3,""ack"":0,""type"":22,""payload"":"""",""timestamp"":42303,""description"":""heartbeat"",""event"":""heartbeat"",""uptime"":42303,""rssi"":-64,""wifiRssi"":-64,""batteryLevel"":100,""ip"":""192.168.1.2"",""version"":""2.0"",""source"":""gateway""}"
"2026-08-14T09:12:28.761Z","IN","m360/DF/0000/gateway/status","{""timestamp"":42303,""isConnected"":true,""connectionTime"":42295,""reconnectCount"":0,""lastErrorCode"":0,""uptime"":42303,""source"":""gateway"",""type"":""mqtt_metrics""}"
"2026-08-14T09:12:52.484Z","IN","m360/DF/0000/out/1/1/1/0/37","331"
"2026-08-14T09:12:52.484Z","IN","m360/DF/0000/out/1/1/1/0/37","331"
"2026-08-14T09:12:52.736Z","IN","m360/DF/0000/out/1/2/1/0/37","333"
"2026-08-14T09:12:52.738Z","IN","m360/DF/0000/out/1/2/1/0/37","333"
"2026-08-14T09:12:52.747Z","IN","m360/DF/0000/out/1/3/1/0/37","132"
"2026-08-14T09:12:52.748Z","IN","m360/DF/0000/out/1/3/1/0/37","132"
"2026-08-14T09:12:52.748Z","IN","m360/DF/0000/out/1/4/1/0/37","439"
"2026-08-14T09:12:52.749Z","IN","m360/DF/0000/out/1/4/1/0/37","439"
"2026-08-14T09:12:52.752Z","IN","m360/DF/0000/out/1/5/1/0/37","337"
"2026-08-14T09:12:52.752Z","IN","m360/DF/0000/out/1/5/1/0/37","337"
"2026-08-14T09:12:52.940Z","IN","m360/DF/0000/out/1/6/1/0/37","268"
"2026-08-14T09:12:52.940Z","IN","m360/DF/0000/out/1/6/1/0/37","268"
"2026-08-14T09:13:24.020Z","IN","m360/DF/0000/out/2/1/1/0/37","122"
"2026-08-14T09:13:24.021Z","IN","m360/DF/0000/out/2/1/1/0/37","122"
"2026-08-14T09:13:24.147Z","IN","m360/DF/0000/out/2/2/1/0/37","431"
"2026-08-14T09:13:24.148Z","IN","m360/DF/0000/out/2/2/1/0/37","431"
"2026-08-14T09:13:24.150Z","IN","m360/DF/0000/out/2/4/1/0/37","1019"
"2026-08-14T09:13:24.151Z","IN","m360/DF/0000/out/2/4/1/0/37","1019"
"2026-08-14T09:13:24.473Z","IN","m360/DF/0000/out/2/5/1/0/37","638"
"2026-08-14T09:13:24.473Z","IN","m360/DF/0000/out/2/5/1/0/37","638"
"2026-08-14T09:13:24.473Z","IN","m360/DF/0000/out/2/6/1/0/37","390"
"2026-08-14T09:13:24.473Z","IN","m360/DF/0000/out/2/6/1/0/37","390"
"2026-08-14T09:13:28.751Z","IN","m360/DF/0000/out/events","{""event"":""node_lost"",""nodeId"":99,""timestamp"":42363,""rssi"":-64,""details"":""Inactivity detected: timeout 300 s""}"
"2026-08-14T09:13:28.751Z","IN","m360/DF/0000/out/events","{""event"":""node_lost"",""nodeId"":99,""timestamp"":42363,""rssi"":-64,""details"":""Inactivity detected: timeout 300 s""}"
"2026-08-14T09:13:28.769Z","IN","m360/DF/0000/out","{""nodeId"":0,""sensorId"":255,""command"":3,""ack"":0,""type"":22,""payload"":"""",""timestamp"":42363,""description"":""heartbeat"",""event"":""heartbeat"",""uptime"":42363,""rssi"":-64,""wifiRssi"":-64,""batteryLevel"":100,""ip"":""192.168.1.2"",""version"":""2.0"",""source"":""gateway""}"
"2026-08-14T09:13:28.770Z","IN","m360/DF/0000/out","{""nodeId"":0,""sensorId"":255,""command"":3,""ack"":0,""type"":22,""payload"":"""",""timestamp"":42363,""description"":""heartbeat"",""event"":""heartbeat"",""uptime"":42363,""rssi"":-64,""wifiRssi"":-64,""batteryLevel"":100,""ip"":""192.168.1.2"",""version"":""2.0"",""source"":""gateway""}"
"2026-08-14T09:13:28.770Z","IN","m360/DF/0000/gateway/status","{""timestamp"":42363,""isConnected"":true,""connectionTime"":42355,""reconnectCount"":0,""lastErrorCode"":0,""uptime"":42363,""source"":""gateway"",""type"":""mqtt_metrics""}"
"2026-08-14T09:13:52.560Z","IN","m360/DF/0000/out/1/1/1/0/37","347"
"2026-08-14T09:13:52.560Z","IN","m360/DF/0000/out/1/1/1/0/37","347"
"2026-08-14T09:13:52.723Z","IN","m360/DF/0000/out/1/3/1/0/37","112"
"2026-08-14T09:13:52.724Z","IN","m360/DF/0000/out/1/3/1/0/37","112"
"2026-08-14T09:13:52.727Z","IN","m360/DF/0000/out/1/4/1/0/37","407"
"2026-08-14T09:13:52.728Z","IN","m360/DF/0000/out/1/4/1/0/37","407"
"2026-08-14T09:13:52.728Z","IN","m360/DF/0000/out/1/5/1/0/37","351"
"2026-08-14T09:13:52.728Z","IN","m360/DF/0000/out/1/5/1/0/37","351"
"2026-08-14T09:13:53.187Z","IN","m360/DF/0000/out/1/6/1/0/37","256"
"2026-08-14T09:13:53.187Z","IN","m360/DF/0000/out/1/6/1/0/37","256"
"2026-08-14T09:14:24.046Z","IN","m360/DF/0000/out/2/1/1/0/37","115"
"2026-08-14T09:14:24.046Z","IN","m360/DF/0000/out/2/1/1/0/37","115"
"2026-08-14T09:14:24.129Z","IN","m360/DF/0000/out/2/2/1/0/37","442"
"2026-08-14T09:14:24.131Z","IN","m360/DF/0000/out/2/2/1/0/37","442"
"2026-08-14T09:14:24.371Z","IN","m360/DF/0000/out/2/6/1/0/37","367"
"2026-08-14T09:14:24.371Z","IN","m360/DF/0000/out/2/6/1/0/37","367"
"2026-08-14T09:14:28.751Z","IN","m360/DF/0000/out","{""nodeId"":0,""sensorId"":255,""command"":3,""ack"":0,""type"":22,""payload"":"""",""timestamp"":42423,""description"":""heartbeat"",""event"":""heartbeat"",""uptime"":42423,""rssi"":-64,""wifiRssi"":-64,""batteryLevel"":100,""ip"":""192.168.1.2"",""version"":""2.0"",""source"":""gateway""}"
"2026-08-14T09:14:28.751Z","IN","m360/DF/0000/out","{""nodeId"":0,""sensorId"":255,""command"":3,""ack"":0,""type"":22,""payload"":"""",""timestamp"":42423,""description"":""heartbeat"",""event"":""heartbeat"",""uptime"":42423,""rssi"":-64,""wifiRssi"":-64,""batteryLevel"":100,""ip"":""192.168.1.2"",""version"":""2.0"",""source"":""gateway""}"
"2026-08-14T09:14:28.769Z","IN","m360/DF/0000/gateway/status","{""timestamp"":42423,""isConnected"":true,""connectionTime"":42415,""reconnectCount"":0,""lastErrorCode"":0,""uptime"":42423,""source"":""gateway"",""type"":""mqtt_metrics""}"
"2026-08-14T09:14:52.616Z","IN","m360/DF/0000/out/1/1/1/0/37","355"
"2026-08-14T09:14:52.616Z","IN","m360/DF/0000/out/1/1/1/0/37","355"
"2026-08-14T09:14:52.723Z","IN","m360/DF/0000/out/1/2/1/0/37","335"
"2026-08-14T09:14:52.724Z","IN","m360/DF/0000/out/1/2/1/0/37","335"
"2026-08-14T09:14:52.724Z","IN","m360/DF/0000/out/1/3/1/0/37","118"
"2026-08-14T09:14:52.725Z","IN","m360/DF/0000/out/1/3/1/0/37","118"
"2026-08-14T09:14:53.117Z","IN","m360/DF/0000/out/1/4/1/0/37","421"
"2026-08-14T09:14:53.118Z","IN","m360/DF/0000/out/1/4/1/0/37","421"
"2026-08-14T09:14:53.118Z","IN","m360/DF/0000/out/1/5/1/0/37","337"
"2026-08-14T09:14:53.118Z","IN","m360/DF/0000/out/1/5/1/0/37","337"
"2026-08-14T09:14:58.243Z","IN","m360/DF/0000/out/events","{""event"":""node_reconnected"",""nodeId"":99,""timestamp"":42452,""rssi"":-64,""details"":""Node back online or discovered""}"
"2026-08-14T09:14:58.244Z","IN","m360/DF/0000/out/events","{""event"":""node_reconnected"",""nodeId"":99,""timestamp"":42452,""rssi"":-64,""details"":""Node back online or discovered""}"
"2026-08-14T09:14:58.323Z","IN","m360/DF/0000/out/99/21/1/0/24","0"
"2026-08-14T09:14:58.323Z","IN","m360/DF/0000/out/99/21/1/0/24","0"
"2026-08-14T09:15:24.058Z","IN","m360/DF/0000/out/2/1/1/0/37","125"
"2026-08-14T09:15:24.059Z","IN","m360/DF/0000/out/2/1/1/0/37","125"
"2026-08-14T09:15:24.159Z","IN","m360/DF/0000/out/2/2/1/0/37","438"
"2026-08-14T09:15:24.159Z","IN","m360/DF/0000/out/2/2/1/0/37","438"
"2026-08-14T09:15:24.439Z","IN","m360/DF/0000/out/2/3/1/0/37","1019"
"2026-08-14T09:15:24.439Z","IN","m360/DF/0000/out/2/3/1/0/37","1019"
"2026-08-14T09:15:24.439Z","IN","m360/DF/0000/out/2/4/1/0/37","1020"
"2026-08-14T09:15:24.439Z","IN","m360/DF/0000/out/2/4/1/0/37","1020"
"2026-08-14T09:15:24.441Z","IN","m360/DF/0000/out/2/5/1/0/37","642"
"2026-08-14T09:15:24.441Z","IN","m360/DF/0000/out/2/5/1/0/37","642"
"2026-08-14T09:15:24.441Z","IN","m360/DF/0000/out/2/6/1/0/37","386"
"2026-08-14T09:15:24.441Z","IN","m360/DF/0000/out/2/6/1/0/37","386"
"2026-08-14T09:15:28.760Z","IN","m360/DF/0000/out","{""nodeId"":0,""sensorId"":255,""command"":3,""ack"":0,""type"":22,""payload"":"""",""timestamp"":42483,""description"":""heartbeat"",""event"":""heartbeat"",""uptime"":42483,""rssi"":-64,""wifiRssi"":-64,""batteryLevel"":100,""ip"":""192.168.1.2"",""version"":""2.0"",""source"":""gateway""}"
"2026-08-14T09:15:28.760Z","IN","m360/DF/0000/out","{""nodeId"":0,""sensorId"":255,""command"":3,""ack"":0,""type"":22,""payload"":"""",""timestamp"":42483,""description"":""heartbeat"",""event"":""heartbeat"",""uptime"":42483,""rssi"":-64,""wifiRssi"":-64,""batteryLevel"":100,""ip"":""192.168.1.2"",""version"":""2.0"",""source"":""gateway""}"
"2026-08-14T09:15:28.775Z","IN","m360/DF/0000/gateway/status","{""timestamp"":42483,""isConnected"":true,""connectionTime"":42475,""reconnectCount"":0,""lastErrorCode"":0,""uptime"":42483,""source"":""gateway"",""type"":""mqtt_metrics""}"
"2026-08-14T09:15:52.672Z","IN","m360/DF/0000/out/1/1/1/0/37","348"
"2026-08-14T09:15:52.672Z","IN","m360/DF/0000/out/1/1/1/0/37","348"
"2026-08-14T09:15:52.775Z","IN","m360/DF/0000/out/1/3/1/0/37","111"
"2026-08-14T09:15:52.777Z","IN","m360/DF/0000/out/1/3/1/0/37","111"
"2026-08-14T09:15:53.082Z","IN","m360/DF/0000/out/1/4/1/0/37","426"
"2026-08-14T09:15:53.083Z","IN","m360/DF/0000/out/1/4/1/0/37","426"
"2026-08-14T09:15:53.083Z","IN","m360/DF/0000/out/1/5/1/0/37","335"
"2026-08-14T09:15:53.083Z","IN","m360/DF/0000/out/1/5/1/0/37","335"
"2026-08-14T09:15:53.083Z","IN","m360/DF/0000/out/1/6/1/0/37","259"
"2026-08-14T09:15:53.083Z","IN","m360/DF/0000/out/1/6/1/0/37","259"
"2026-08-14T09:16:24.077Z","IN","m360/DF/0000/out/2/1/1/0/37","120"
"2026-08-14T09:16:24.078Z","IN","m360/DF/0000/out/2/1/1/0/37","120"
"2026-08-14T09:16:24.181Z","IN","m360/DF/0000/out/2/2/1/0/37","429"
"2026-08-14T09:16:24.183Z","IN","m360/DF/0000/out/2/2/1/0/37","429"
"2026-08-14T09:16:24.190Z","IN","m360/DF/0000/out/2/5/1/0/37","632"
"2026-08-14T09:16:24.216Z","IN","m360/DF/0000/out/2/5/1/0/37","632"
"2026-08-14T09:16:24.475Z","IN","m360/DF/0000/out/2/6/1/0/37","374"
"2026-08-14T09:16:24.476Z","IN","m360/DF/0000/out/2/6/1/0/37","374"
"2026-08-14T09:16:28.762Z","IN","m360/DF/0000/out","{""nodeId"":0,""sensorId"":255,""command"":3,""ack"":0,""type"":22,""payload"":"""",""timestamp"":42543,""description"":""heartbeat"",""event"":""heartbeat"",""uptime"":42543,""rssi"":-64,""wifiRssi"":-64,""batteryLevel"":100,""ip"":""192.168.1.2"",""version"":""2.0"",""source"":""gateway""}"
"2026-08-14T09:16:28.762Z","IN","m360/DF/0000/out","{""nodeId"":0,""sensorId"":255,""command"":3,""ack"":0,""type"":22,""payload"":"""",""timestamp"":42543,""description"":""heartbeat"",""event"":""heartbeat"",""uptime"":42543,""rssi"":-64,""wifiRssi"":-64,""batteryLevel"":100,""ip"":""192.168.1.2"",""version"":""2.0"",""source"":""gateway""}"
"2026-08-14T09:16:28.779Z","IN","m360/DF/0000/gateway/status","{""timestamp"":42543,""isConnected"":true,""connectionTime"":42535,""reconnectCount"":0,""lastErrorCode"":0,""uptime"":42543,""source"":""gateway"",""type"":""mqtt_metrics""}"
"2026-08-14T09:16:52.761Z","IN","m360/DF/0000/out/1/1/1/0/37","344"
"2026-08-14T09:16:52.762Z","IN","m360/DF/0000/out/1/1/1/0/37","344"
"2026-08-14T09:16:53.024Z","IN","m360/DF/0000/out/1/2/1/0/37","333"
"2026-08-14T09:16:53.024Z","IN","m360/DF/0000/out/1/2/1/0/37","333"
"2026-08-14T09:16:53.024Z","IN","m360/DF/0000/out/1/3/1/0/37","136"
"2026-08-14T09:16:53.025Z","IN","m360/DF/0000/out/1/3/1/0/37","136"
"2026-08-14T09:16:53.025Z","IN","m360/DF/0000/out/1/4/1/0/37","440"
"2026-08-14T09:16:53.025Z","IN","m360/DF/0000/out/1/4/1/0/37","440"
"2026-08-14T09:16:53.025Z","IN","m360/DF/0000/out/1/5/1/0/37","344"
"2026-08-14T09:16:53.025Z","IN","m360/DF/0000/out/1/5/1/0/37","344"
"2026-08-14T09:16:53.187Z","IN","m360/DF/0000/out/1/6/1/0/37","266"
"2026-08-14T09:16:53.187Z","IN","m360/DF/0000/out/1/6/1/0/37","266"
"2026-08-14T09:17:24.104Z","IN","m360/DF/0000/out/2/1/1/0/37","118"
"2026-08-14T09:17:24.104Z","IN","m360/DF/0000/out/2/1/1/0/37","118"
"2026-08-14T09:17:24.198Z","IN","m360/DF/0000/out/2/2/1/0/37","428"
"2026-08-14T09:17:24.199Z","IN","m360/DF/0000/out/2/2/1/0/37","428"
"2026-08-14T09:17:24.526Z","IN","m360/DF/0000/out/2/3/1/0/37","1020"
"2026-08-14T09:17:24.526Z","IN","m360/DF/0000/out/2/3/1/0/37","1020"
"2026-08-14T09:17:24.526Z","IN","m360/DF/0000/out/2/6/1/0/37","377"
"2026-08-14T09:17:24.526Z","IN","m360/DF/0000/out/2/6/1/0/37","377"
"2026-08-14T09:17:28.765Z","IN","m360/DF/0000/out","{""nodeId"":0,""sensorId"":255,""command"":3,""ack"":0,""type"":22,""payload"":"""",""timestamp"":42603,""description"":""heartbeat"",""event"":""heartbeat"",""uptime"":42603,""rssi"":-63,""wifiRssi"":-63,""batteryLevel"":100,""ip"":""192.168.1.2"",""version"":""2.0"",""source"":""gateway""}"
"2026-08-14T09:17:28.765Z","IN","m360/DF/0000/out","{""nodeId"":0,""sensorId"":255,""command"":3,""ack"":0,""type"":22,""payload"":"""",""timestamp"":42603,""description"":""heartbeat"",""event"":""heartbeat"",""uptime"":42603,""rssi"":-63,""wifiRssi"":-63,""batteryLevel"":100,""ip"":""192.168.1.2"",""version"":""2.0"",""source"":""gateway""}"
"2026-08-14T09:17:28.782Z","IN","m360/DF/0000/gateway/status","{""timestamp"":42603,""isConnected"":true,""connectionTime"":42595,""reconnectCount"":0,""lastErrorCode"":0,""uptime"":42603,""source"":""gateway"",""type"":""mqtt_metrics""}"
"2026-08-14T09:17:52.813Z","IN","m360/DF/0000/out/1/1/1/0/37","332"
"2026-08-14T09:17:52.813Z","IN","m360/DF/0000/out/1/1/1/0/37","332"
"2026-08-14T09:17:52.925Z","IN","m360/DF/0000/out/1/2/1/0/37","335"
"2026-08-14T09:17:52.926Z","IN","m360/DF/0000/out/1/2/1/0/37","335"
"2026-08-14T09:17:52.926Z","IN","m360/DF/0000/out/1/3/1/0/37","129"
"2026-08-14T09:17:52.926Z","IN","m360/DF/0000/out/1/3/1/0/37","129"
"2026-08-14T09:17:53.289Z","IN","m360/DF/0000/out/1/4/1/0/37","433"
"2026-08-14T09:17:53.289Z","IN","m360/DF/0000/out/1/4/1/0/37","433"
"2026-08-14T09:17:53.289Z","IN","m360/DF/0000/out/1/5/1/0/37","340"
"2026-08-14T09:17:53.289Z","IN","m360/DF/0000/out/1/5/1/0/37","340"
"2026-08-14T09:17:53.289Z","IN","m360/DF/0000/out/1/6/1/0/37","261"
"2026-08-14T09:17:53.289Z","IN","m360/DF/0000/out/1/6/1/0/37","261"
"2026-08-14T09:18:24.085Z","IN","m360/DF/0000/out/2/1/1/0/37","121"
"2026-08-14T09:18:24.086Z","IN","m360/DF/0000/out/2/1/1/0/37","121"
"2026-08-14T09:18:24.203Z","IN","m360/DF/0000/out/2/2/1/0/37","437"
"2026-08-14T09:18:24.204Z","IN","m360/DF/0000/out/2/2/1/0/37","437"
"2026-08-14T09:18:24.221Z","IN","m360/DF/0000/out/2/3/1/0/37","1019"
"2026-08-14T09:18:24.221Z","IN","m360/DF/0000/out/2/3/1/0/37","1019"
"2026-08-14T09:18:24.541Z","IN","m360/DF/0000/out/2/5/1/0/37","623"
"2026-08-14T09:18:24.541Z","IN","m360/DF/0000/out/2/5/1/0/37","623"
"2026-08-14T09:18:24.582Z","IN","m360/DF/0000/out/2/6/1/0/37","384"
"2026-08-14T09:18:24.582Z","IN","m360/DF/0000/out/2/6/1/0/37","384"
"2026-08-14T09:18:28.773Z","IN","m360/DF/0000/out","{""nodeId"":0,""sensorId"":255,""command"":3,""ack"":0,""type"":22,""payload"":"""",""timestamp"":42663,""description"":""heartbeat"",""event"":""heartbeat"",""uptime"":42663,""rssi"":-64,""wifiRssi"":-64,""batteryLevel"":100,""ip"":""192.168.1.2"",""version"":""2.0"",""source"":""gateway""}"
"2026-08-14T09:18:28.774Z","IN","m360/DF/0000/out","{""nodeId"":0,""sensorId"":255,""command"":3,""ack"":0,""type"":22,""payload"":"""",""timestamp"":42663,""description"":""heartbeat"",""event"":""heartbeat"",""uptime"":42663,""rssi"":-64,""wifiRssi"":-64,""batteryLevel"":100,""ip"":""192.168.1.2"",""version"":""2.0"",""source"":""gateway""}"
"2026-08-14T09:18:28.787Z","IN","m360/DF/0000/gateway/status","{""timestamp"":42663,""isConnected"":true,""connectionTime"":42655,""reconnectCount"":0,""lastErrorCode"":0,""uptime"":42663,""source"":""gateway"",""type"":""mqtt_metrics""}"
"2026-08-14T09:18:52.895Z","IN","m360/DF/0000/out/1/1/1/0/37","348"
"2026-08-14T09:18:52.895Z","IN","m360/DF/0000/out/1/1/1/0/37","348"
"2026-08-14T09:18:53.238Z","IN","m360/DF/0000/out/1/2/1/0/37","333"
"2026-08-14T09:18:53.238Z","IN","m360/DF/0000/out/1/2/1/0/37","333"
"2026-08-14T09:18:53.238Z","IN","m360/DF/0000/out/1/3/1/0/37","133"
"2026-08-14T09:18:53.238Z","IN","m360/DF/0000/out/1/3/1/0/37","133"
"2026-08-14T09:18:53.238Z","IN","m360/DF/0000/out/1/4/1/0/37","443"
"2026-08-14T09:18:53.238Z","IN","m360/DF/0000/out/1/4/1/0/37","443"
"2026-08-14T09:18:53.238Z","IN","m360/DF/0000/out/1/5/1/0/37","324"
"2026-08-14T09:18:53.238Z","IN","m360/DF/0000/out/1/5/1/0/37","324"
"2026-08-14T09:18:53.238Z","IN","m360/DF/0000/out/1/6/1/0/37","268"
"2026-08-14T09:18:53.238Z","IN","m360/DF/0000/out/1/6/1/0/37","268"
"2026-08-14T09:18:58.050Z","IN","m360/DF/0000/out/99/11/1/0/0","14"
"2026-08-14T09:18:58.050Z","IN","m360/DF/0000/out/99/11/1/0/0","14"
"2026-08-14T09:18:58.129Z","IN","m360/DF/0000/out/99/12/1/0/1","21"
"2026-08-14T09:18:58.129Z","IN","m360/DF/0000/out/99/12/1/0/1","21"
"2026-08-14T09:19:24.091Z","IN","m360/DF/0000/out/2/1/1/0/37","119"
"2026-08-14T09:19:24.091Z","IN","m360/DF/0000/out/2/1/1/0/37","119"
"2026-08-14T09:19:24.191Z","IN","m360/DF/0000/out/2/2/1/0/37","441"
"2026-08-14T09:19:24.191Z","IN","m360/DF/0000/out/2/2/1/0/37","441"
"2026-08-14T09:19:24.429Z","IN","m360/DF/0000/out/2/3/1/0/37","1020"
"2026-08-14T09:19:24.430Z","IN","m360/DF/0000/out/2/3/1/0/37","1020"
"2026-08-14T09:19:24.468Z","IN","m360/DF/0000/out/2/5/1/0/37","656"
"2026-08-14T09:19:24.468Z","IN","m360/DF/0000/out/2/5/1/0/37","656"
"2026-08-14T09:19:24.468Z","IN","m360/DF/0000/out/2/6/1/0/37","431"
"2026-08-14T09:19:24.468Z","IN","m360/DF/0000/out/2/6/1/0/37","431"
"2026-08-14T09:19:28.775Z","IN","m360/DF/0000/out","{""nodeId"":0,""sensorId"":255,""command"":3,""ack"":0,""type"":22,""payload"":"""",""timestamp"":42723,""description"":""heartbeat"",""event"":""heartbeat"",""uptime"":42723,""rssi"":-64,""wifiRssi"":-64,""batteryLevel"":100,""ip"":""192.168.1.2"",""version"":""2.0"",""source"":""gateway""}"
"2026-08-14T09:19:28.776Z","IN","m360/DF/0000/out","{""nodeId"":0,""sensorId"":255,""command"":3,""ack"":0,""type"":22,""payload"":"""",""timestamp"":42723,""description"":""heartbeat"",""event"":""heartbeat"",""uptime"":42723,""rssi"":-64,""wifiRssi"":-64,""batteryLevel"":100,""ip"":""192.168.1.2"",""version"":""2.0"",""source"":""gateway""}"
"2026-08-14T09:19:28.792Z","IN","m360/DF/0000/gateway/status","{""timestamp"":42723,""isConnected"":true,""connectionTime"":42715,""reconnectCount"":0,""lastErrorCode"":0,""uptime"":42723,""source"":""gateway"",""type"":""mqtt_metrics""}"
"2026-08-14T09:20:24.099Z","IN","m360/DF/0000/out/2/1/1/0/37","116"
"2026-08-14T09:20:24.100Z","IN","m360/DF/0000/out/2/1/1/0/37","116"
"2026-08-14T09:20:24.190Z","IN","m360/DF/0000/out/2/2/1/0/37","436"
"2026-08-14T09:20:24.190Z","IN","m360/DF/0000/out/2/2/1/0/37","436"
"2026-08-14T09:20:24.538Z","IN","m360/DF/0000/out/2/3/1/0/37","1019"
"2026-08-14T09:20:24.538Z","IN","m360/DF/0000/out/2/3/1/0/37","1019"
"2026-08-14T09:20:24.540Z","IN","m360/DF/0000/out/2/5/1/0/37","635"
"2026-08-14T09:20:24.540Z","IN","m360/DF/0000/out/2/5/1/0/37","635"
"2026-08-14T09:20:24.540Z","IN","m360/DF/0000/out/2/6/1/0/37","382"
"2026-08-14T09:20:24.540Z","IN","m360/DF/0000/out/2/6/1/0/37","382"
"2026-08-14T09:20:28.784Z","IN","m360/DF/0000/out","{""nodeId"":0,""sensorId"":255,""command"":3,""ack"":0,""type"":22,""payload"":"""",""timestamp"":42783,""description"":""heartbeat"",""event"":""heartbeat"",""uptime"":42783,""rssi"":-65,""wifiRssi"":-65,""batteryLevel"":100,""ip"":""192.168.1.2"",""version"":""2.0"",""source"":""gateway""}"
"2026-08-14T09:20:28.784Z","IN","m360/DF/0000/out","{""nodeId"":0,""sensorId"":255,""command"":3,""ack"":0,""type"":22,""payload"":"""",""timestamp"":42783,""description"":""heartbeat"",""event"":""heartbeat"",""uptime"":42783,""rssi"":-65,""wifiRssi"":-65,""batteryLevel"":100,""ip"":""192.168.1.2"",""version"":""2.0"",""source"":""gateway""}"
"2026-08-14T09:20:28.797Z","IN","m360/DF/0000/gateway/status","{""timestamp"":42783,""isConnected"":true,""connectionTime"":42775,""reconnectCount"":0,""lastErrorCode"":0,""uptime"":42783,""source"":""gateway"",""type"":""mqtt_metrics""}"
"2026-08-14T09:21:24.123Z","IN","m360/DF/0000/out/2/1/1/0/37","118"
"2026-08-14T09:21:24.124Z","IN","m360/DF/0000/out/2/1/1/0/37","118"
"2026-08-14T09:21:24.209Z","IN","m360/DF/0000/out/2/3/1/0/37","1020"
"2026-08-14T09:21:24.216Z","IN","m360/DF/0000/out/2/3/1/0/37","1020"
"2026-08-14T09:21:24.484Z","IN","m360/DF/0000/out/2/5/1/0/37","626"
"2026-08-14T09:21:24.485Z","IN","m360/DF/0000/out/2/5/1/0/37","626"
"2026-08-14T09:21:24.485Z","IN","m360/DF/0000/out/2/6/1/0/37","383"
"2026-08-14T09:21:24.485Z","IN","m360/DF/0000/out/2/6/1/0/37","383"
"2026-08-14T09:21:28.784Z","IN","m360/DF/0000/out","{""nodeId"":0,""sensorId"":255,""command"":3,""ack"":0,""type"":22,""payload"":"""",""timestamp"":42843,""description"":""heartbeat"",""event"":""heartbeat"",""uptime"":42843,""rssi"":-64,""wifiRssi"":-64,""batteryLevel"":100,""ip"":""192.168.1.2"",""version"":""2.0"",""source"":""gateway""}"
"2026-08-14T09:21:28.785Z","IN","m360/DF/0000/out","{""nodeId"":0,""sensorId"":255,""command"":3,""ack"":0,""type"":22,""payload"":"""",""timestamp"":42843,""description"":""heartbeat"",""event"":""heartbeat"",""uptime"":42843,""rssi"":-64,""wifiRssi"":-64,""batteryLevel"":100,""ip"":""192.168.1.2"",""version"":""2.0"",""source"":""gateway""}"
"2026-08-14T09:21:28.802Z","IN","m360/DF/0000/gateway/status","{""timestamp"":42843,""isConnected"":true,""connectionTime"":42835,""reconnectCount"":0,""lastErrorCode"":0,""uptime"":42843,""source"":""gateway"",""type"":""mqtt_metrics""}"
"2026-08-14T09:22:24.115Z","IN","m360/DF/0000/out/2/1/1/0/37","159"
"2026-08-14T09:22:24.116Z","IN","m360/DF/0000/out/2/1/1/0/37","159"
"2026-08-14T09:22:24.328Z","IN","m360/DF/0000/out/2/2/1/0/37","439"
"2026-08-14T09:22:24.328Z","IN","m360/DF/0000/out/2/2/1/0/37","439"
"2026-08-14T09:22:24.333Z","IN","m360/DF/0000/out/2/4/1/0/37","1023"
"2026-08-14T09:22:24.334Z","IN","m360/DF/0000/out/2/4/1/0/37","1023"
"2026-08-14T09:22:24.334Z","IN","m360/DF/0000/out/2/5/1/0/37","637"
"2026-08-14T09:22:24.334Z","IN","m360/DF/0000/out/2/5/1/0/37","637"
"2026-08-14T09:22:24.334Z","IN","m360/DF/0000/out/2/6/1/0/37","483"
"2026-08-14T09:22:24.334Z","IN","m360/DF/0000/out/2/6/1/0/37","483"
"2026-08-14T09:22:29.100Z","IN","m360/DF/0000/out","{""nodeId"":0,""sensorId"":255,""command"":3,""ack"":0,""type"":22,""payload"":"""",""timestamp"":42903,""description"":""heartbeat"",""event"":""heartbeat"",""uptime"":42903,""rssi"":-64,""wifiRssi"":-64,""batteryLevel"":100,""ip"":""192.168.1.2"",""version"":""2.0"",""source"":""gateway""}"
"2026-08-14T09:22:29.100Z","IN","m360/DF/0000/out","{""nodeId"":0,""sensorId"":255,""command"":3,""ack"":0,""type"":22,""payload"":"""",""timestamp"":42903,""description"":""heartbeat"",""event"":""heartbeat"",""uptime"":42903,""rssi"":-64,""wifiRssi"":-64,""batteryLevel"":100,""ip"":""192.168.1.2"",""version"":""2.0"",""source"":""gateway""}"
"2026-08-14T09:22:29.119Z","IN","m360/DF/0000/gateway/status","{""timestamp"":42903,""isConnected"":true,""connectionTime"":42896,""reconnectCount"":0,""lastErrorCode"":0,""uptime"":42903,""source"":""gateway"",""type"":""mqtt_metrics""}"
"2026-08-14T09:23:24.138Z","IN","m360/DF/0000/out/2/1/1/0/37","119"
"2026-08-14T09:23:24.139Z","IN","m360/DF/0000/out/2/1/1/0/37","119"
"2026-08-14T09:23:24.226Z","IN","m360/DF/0000/out/2/2/1/0/37","438"
"2026-08-14T09:23:24.227Z","IN","m360/DF/0000/out/2/2/1/0/37","438"
"2026-08-14T09:23:24.470Z","IN","m360/DF/0000/out/2/4/1/0/37","1020"
"2026-08-14T09:23:24.470Z","IN","m360/DF/0000/out/2/4/1/0/37","1020"
"2026-08-14T09:23:24.470Z","IN","m360/DF/0000/out/2/5/1/0/37","614"
"2026-08-14T09:23:24.470Z","IN","m360/DF/0000/out/2/5/1/0/37","614"
"2026-08-14T09:23:24.470Z","IN","m360/DF/0000/out/2/6/1/0/37","396"
"2026-08-14T09:23:24.470Z","IN","m360/DF/0000/out/2/6/1/0/37","396"
"2026-08-14T09:23:29.106Z","IN","m360/DF/0000/out","{""nodeId"":0,""sensorId"":255,""command"":3,""ack"":0,""type"":22,""payload"":"""",""timestamp"":42963,""description"":""heartbeat"",""event"":""heartbeat"",""uptime"":42963,""rssi"":-64,""wifiRssi"":-64,""batteryLevel"":100,""ip"":""192.168.1.2"",""version"":""2.0"",""source"":""gateway""}"
"2026-08-14T09:23:29.106Z","IN","m360/DF/0000/out","{""nodeId"":0,""sensorId"":255,""command"":3,""ack"":0,""type"":22,""payload"":"""",""timestamp"":42963,""description"":""heartbeat"",""event"":""heartbeat"",""uptime"":42963,""rssi"":-64,""wifiRssi"":-64,""batteryLevel"":100,""ip"":""192.168.1.2"",""version"":""2.0"",""source"":""gateway""}"
"2026-08-14T09:23:29.122Z","IN","m360/DF/0000/gateway/status","{""timestamp"":42963,""isConnected"":true,""connectionTime"":42956,""reconnectCount"":0,""lastErrorCode"":0,""uptime"":42963,""source"":""gateway"",""type"":""mqtt_metrics""}"
"2026-08-14T09:24:29.122Z","IN","m360/DF/0000/out/events","{""event"":""node_lost"",""nodeId"":99,""timestamp"":43023,""rssi"":-64,""details"":""Inactivity detected: timeout 300 s""}"
"2026-08-14T09:24:29.122Z","IN","m360/DF/0000/out/events","{""event"":""node_lost"",""nodeId"":99,""timestamp"":43023,""rssi"":-64,""details"":""Inactivity detected: timeout 300 s""}"
"2026-08-14T09:24:29.122Z","IN","m360/DF/0000/out/events","{""event"":""node_lost"",""nodeId"":1,""timestamp"":43023,""rssi"":-64,""details"":""Inactivity detected: timeout 300 s""}"
"2026-08-14T09:24:29.123Z","IN","m360/DF/0000/out/events","{""event"":""node_lost"",""nodeId"":1,""timestamp"":43023,""rssi"":-64,""details"":""Inactivity detected: timeout 300 s""}"
"2026-08-14T09:24:29.123Z","IN","m360/DF/0000/out","{""nodeId"":0,""sensorId"":255,""command"":3,""ack"":0,""type"":22,""payload"":"""",""timestamp"":43023,""description"":""heartbeat"",""event"":""heartbeat"",""uptime"":43023,""rssi"":-64,""wifiRssi"":-64,""batteryLevel"":100,""ip"":""192.168.1.2"",""version"":""2.0"",""source"":""gateway""}"
"2026-08-14T09:24:29.123Z","IN","m360/DF/0000/out","{""nodeId"":0,""sensorId"":255,""command"":3,""ack"":0,""type"":22,""payload"":"""",""timestamp"":43023,""description"":""heartbeat"",""event"":""heartbeat"",""uptime"":43023,""rssi"":-64,""wifiRssi"":-64,""batteryLevel"":100,""ip"":""192.168.1.2"",""version"":""2.0"",""source"":""gateway""}"
"2026-08-14T09:24:29.139Z","IN","m360/DF/0000/gateway/status","{""timestamp"":43023,""isConnected"":true,""connectionTime"":43016,""reconnectCount"":0,""lastErrorCode"":0,""uptime"":43023,""source"":""gateway"",""type"":""mqtt_metrics""}"
"2026-08-14T09:25:29.114Z","IN","m360/DF/0000/out","{""nodeId"":0,""sensorId"":255,""command"":3,""ack"":0,""type"":22,""payload"":"""",""timestamp"":43083,""description"":""heartbeat"",""event"":""heartbeat"",""uptime"":43083,""rssi"":-64,""wifiRssi"":-64,""batteryLevel"":100,""ip"":""192.168.1.2"",""version"":""2.0"",""source"":""gateway""}"
"2026-08-14T09:25:29.114Z","IN","m360/DF/0000/out","{""nodeId"":0,""sensorId"":255,""command"":3,""ack"":0,""type"":22,""payload"":"""",""timestamp"":43083,""description"":""heartbeat"",""event"":""heartbeat"",""uptime"":43083,""rssi"":-64,""wifiRssi"":-64,""batteryLevel"":100,""ip"":""192.168.1.2"",""version"":""2.0"",""source"":""gateway""}"
"2026-08-14T09:25:29.172Z","IN","m360/DF/0000/gateway/status","{""timestamp"":43083,""isConnected"":true,""connectionTime"":43076,""reconnectCount"":0,""lastErrorCode"":0,""uptime"":43083,""source"":""gateway"",""type"":""mqtt_metrics""}"
"2026-08-14T09:25:58.002Z","IN","m360/DF/0000/out/events","{""event"":""node_reconnected"",""nodeId"":99,""timestamp"":43112,""rssi"":-64,""details"":""Node back online or discovered""}"
"2026-08-14T09:25:58.002Z","IN","m360/DF/0000/out/events","{""event"":""node_reconnected"",""nodeId"":99,""timestamp"":43112,""rssi"":-64,""details"":""Node back online or discovered""}"
"2026-08-14T09:25:58.062Z","IN","m360/DF/0000/out/99/21/1/0/24","0"
"2026-08-14T09:25:58.063Z","IN","m360/DF/0000/out/99/21/1/0/24","0"
"2026-08-14T09:26:29.122Z","IN","m360/DF/0000/out","{""nodeId"":0,""sensorId"":255,""command"":3,""ack"":0,""type"":22,""payload"":"""",""timestamp"":43143,""description"":""heartbeat"",""event"":""heartbeat"",""uptime"":43143,""rssi"":-64,""wifiRssi"":-64,""batteryLevel"":100,""ip"":""192.168.1.2"",""version"":""2.0"",""source"":""gateway""}"
"2026-08-14T09:26:29.122Z","IN","m360/DF/0000/out","{""nodeId"":0,""sensorId"":255,""command"":3,""ack"":0,""type"":22,""payload"":"""",""timestamp"":43143,""description"":""heartbeat"",""event"":""heartbeat"",""uptime"":43143,""rssi"":-64,""wifiRssi"":-64,""batteryLevel"":100,""ip"":""192.168.1.2"",""version"":""2.0"",""source"":""gateway""}"
"2026-08-14T09:26:29.178Z","IN","m360/DF/0000/gateway/status","{""timestamp"":43143,""isConnected"":true,""connectionTime"":43136,""reconnectCount"":0,""lastErrorCode"":0,""uptime"":43143,""source"":""gateway"",""type"":""mqtt_metrics""}"
"2026-08-14T09:27:29.126Z","IN","m360/DF/0000/out","{""nodeId"":0,""sensorId"":255,""command"":3,""ack"":0,""type"":22,""payload"":"""",""timestamp"":43203,""description"":""heartbeat"",""event"":""heartbeat"",""uptime"":43203,""rssi"":-64,""wifiRssi"":-64,""batteryLevel"":100,""ip"":""192.168.1.2"",""version"":""2.0"",""source"":""gateway""}"
"2026-08-14T09:27:29.127Z","IN","m360/DF/0000/out","{""nodeId"":0,""sensorId"":255,""command"":3,""ack"":0,""type"":22,""payload"":"""",""timestamp"":43203,""description"":""heartbeat"",""event"":""heartbeat"",""uptime"":43203,""rssi"":-64,""wifiRssi"":-64,""batteryLevel"":100,""ip"":""192.168.1.2"",""version"":""2.0"",""source"":""gateway""}"
"2026-08-14T09:27:29.184Z","IN","m360/DF/0000/gateway/status","{""timestamp"":43203,""isConnected"":true,""connectionTime"":43196,""reconnectCount"":0,""lastErrorCode"":0,""uptime"":43203,""source"":""gateway"",""type"":""mqtt_metrics""}"
"2026-08-14T09:28:29.132Z","IN","m360/DF/0000/out/events","{""event"":""node_lost"",""nodeId"":2,""timestamp"":43263,""rssi"":-64,""details"":""Inactivity detected: timeout 300 s""}"
"2026-08-14T09:28:29.132Z","IN","m360/DF/0000/out/events","{""event"":""node_lost"",""nodeId"":2,""timestamp"":43263,""rssi"":-64,""details"":""Inactivity detected: timeout 300 s""}"
"2026-08-14T09:28:29.192Z","IN","m360/DF/0000/out","{""nodeId"":0,""sensorId"":255,""command"":3,""ack"":0,""type"":22,""payload"":"""",""timestamp"":43263,""description"":""heartbeat"",""event"":""heartbeat"",""uptime"":43263,""rssi"":-64,""wifiRssi"":-64,""batteryLevel"":100,""ip"":""192.168.1.2"",""version"":""2.0"",""source"":""gateway""}"
"2026-08-14T09:28:29.192Z","IN","m360/DF/0000/out","{""nodeId"":0,""sensorId"":255,""command"":3,""ack"":0,""type"":22,""payload"":"""",""timestamp"":43263,""description"":""heartbeat"",""event"":""heartbeat"",""uptime"":43263,""rssi"":-64,""wifiRssi"":-64,""batteryLevel"":100,""ip"":""192.168.1.2"",""version"":""2.0"",""source"":""gateway""}"
"2026-08-14T09:28:29.192Z","IN","m360/DF/0000/gateway/status","{""timestamp"":43263,""isConnected"":true,""connectionTime"":43256,""reconnectCount"":0,""lastErrorCode"":0,""uptime"":43263,""source"":""gateway"",""type"":""mqtt_metrics""}"
"2026-08-14T09:29:24.157Z","IN","m360/DF/0000/out/events","{""event"":""node_reconnected"",""nodeId"":2,""timestamp"":43318,""rssi"":-65,""details"":""Node back online or discovered""}"
"2026-08-14T09:29:24.158Z","IN","m360/DF/0000/out/events","{""event"":""node_reconnected"",""nodeId"":2,""timestamp"":43318,""rssi"":-65,""details"":""Node back online or discovered""}"
"2026-08-14T09:29:24.220Z","IN","m360/DF/0000/out/2/1/1/0/37","124"
"2026-08-14T09:29:24.221Z","IN","m360/DF/0000/out/2/1/1/0/37","124"
"2026-08-14T09:29:24.226Z","IN","m360/DF/0000/out/2/2/1/0/37","429"
"2026-08-14T09:29:24.226Z","IN","m360/DF/0000/out/2/2/1/0/37","429"
"2026-08-14T09:29:24.744Z","IN","m360/DF/0000/out/2/3/1/0/37","1020"
"2026-08-14T09:29:24.744Z","IN","m360/DF/0000/out/2/3/1/0/37","1020"
"2026-08-14T09:29:24.817Z","IN","m360/DF/0000/out/2/5/1/0/37","630"
"2026-08-14T09:29:24.817Z","IN","m360/DF/0000/out/2/5/1/0/37","630"
"2026-08-14T09:29:24.821Z","IN","m360/DF/0000/out/2/6/1/0/37","356"
"2026-08-14T09:29:24.821Z","IN","m360/DF/0000/out/2/6/1/0/37","356"
"2026-08-14T09:29:29.134Z","IN","m360/DF/0000/out","{""nodeId"":0,""sensorId"":255,""command"":3,""ack"":0,""type"":22,""payload"":"""",""timestamp"":43323,""description"":""heartbeat"",""event"":""heartbeat"",""uptime"":43323,""rssi"":-64,""wifiRssi"":-64,""batteryLevel"":100,""ip"":""192.168.1.2"",""version"":""2.0"",""source"":""gateway""}"
"2026-08-14T09:29:29.134Z","IN","m360/DF/0000/out","{""nodeId"":0,""sensorId"":255,""command"":3,""ack"":0,""type"":22,""payload"":"""",""timestamp"":43323,""description"":""heartbeat"",""event"":""heartbeat"",""uptime"":43323,""rssi"":-64,""wifiRssi"":-64,""batteryLevel"":100,""ip"":""192.168.1.2"",""version"":""2.0"",""source"":""gateway""}"
"2026-08-14T09:29:29.198Z","IN","m360/DF/0000/gateway/status","{""timestamp"":43323,""isConnected"":true,""connectionTime"":43316,""reconnectCount"":0,""lastErrorCode"":0,""uptime"":43323,""source"":""gateway"",""type"":""mqtt_metrics""}"
"2026-08-14T09:29:57.111Z","IN","m360/DF/0000/out/99/11/1/0/0","14"
"2026-08-14T09:29:57.111Z","IN","m360/DF/0000/out/99/11/1/0/0","14"
"2026-08-14T09:29:57.170Z","IN","m360/DF/0000/out/99/12/1/0/1","21"
"2026-08-14T09:29:57.170Z","IN","m360/DF/0000/out/99/12/1/0/1","21"
"2026-08-14T09:30:24.160Z","IN","m360/DF/0000/out/2/1/1/0/37","117"
"2026-08-14T09:30:24.161Z","IN","m360/DF/0000/out/2/1/1/0/37","117"
"2026-08-14T09:30:24.288Z","IN","m360/DF/0000/out/2/2/1/0/37","436"
"2026-08-14T09:30:24.288Z","IN","m360/DF/0000/out/2/2/1/0/37","436"
"2026-08-14T09:30:24.292Z","IN","m360/DF/0000/out/2/4/1/0/37","1020"
"2026-08-14T09:30:24.292Z","IN","m360/DF/0000/out/2/4/1/0/37","1020"
"2026-08-14T09:30:24.650Z","IN","m360/DF/0000/out/2/5/1/0/37","622"
"2026-08-14T09:30:24.650Z","IN","m360/DF/0000/out/2/5/1/0/37","622"
"2026-08-14T09:30:24.650Z","IN","m360/DF/0000/out/2/6/1/0/37","365"
"2026-08-14T09:30:24.650Z","IN","m360/DF/0000/out/2/6/1/0/37","365"
"2026-08-14T09:30:29.137Z","IN","m360/DF/0000/out","{""nodeId"":0,""sensorId"":255,""command"":3,""ack"":0,""type"":22,""payload"":"""",""timestamp"":43383,""description"":""heartbeat"",""event"":""heartbeat"",""uptime"":43383,""rssi"":-64,""wifiRssi"":-64,""batteryLevel"":100,""ip"":""192.168.1.2"",""version"":""2.0"",""source"":""gateway""}"
"2026-08-14T09:30:29.137Z","IN","m360/DF/0000/out","{""nodeId"":0,""sensorId"":255,""command"":3,""ack"":0,""type"":22,""payload"":"""",""timestamp"":43383,""description"":""heartbeat"",""event"":""heartbeat"",""uptime"":43383,""rssi"":-64,""wifiRssi"":-64,""batteryLevel"":100,""ip"":""192.168.1.2"",""version"":""2.0"",""source"":""gateway""}"
"2026-08-14T09:30:29.200Z","IN","m360/DF/0000/gateway/status","{""timestamp"":43383,""isConnected"":true,""connectionTime"":43376,""reconnectCount"":0,""lastErrorCode"":0,""uptime"":43383,""source"":""gateway"",""type"":""mqtt_metrics""}"
"2026-08-14T09:31:24.180Z","IN","m360/DF/0000/out/2/1/1/0/37","106"
"2026-08-14T09:31:24.180Z","IN","m360/DF/0000/out/2/1/1/0/37","106"
"2026-08-14T09:31:24.264Z","IN","m360/DF/0000/out/2/2/1/0/37","447"
"2026-08-14T09:31:24.264Z","IN","m360/DF/0000/out/2/2/1/0/37","447"
"2026-08-14T09:31:24.472Z","IN","m360/DF/0000/out/2/5/1/0/37","628"
"2026-08-14T09:31:24.472Z","IN","m360/DF/0000/out/2/5/1/0/37","628"
"2026-08-14T09:31:24.472Z","IN","m360/DF/0000/out/2/6/1/0/37","378"
"2026-08-14T09:31:24.472Z","IN","m360/DF/0000/out/2/6/1/0/37","378"
"2026-08-14T09:31:29.335Z","IN","m360/DF/0000/out","{""nodeId"":0,""sensorId"":255,""command"":3,""ack"":0,""type"":22,""payload"":"""",""timestamp"":43443,""description"":""heartbeat"",""event"":""heartbeat"",""uptime"":43443,""rssi"":-65,""wifiRssi"":-65,""batteryLevel"":100,""ip"":""192.168.1.2"",""version"":""2.0"",""source"":""gateway""}"
"2026-08-14T09:31:29.335Z","IN","m360/DF/0000/out","{""nodeId"":0,""sensorId"":255,""command"":3,""ack"":0,""type"":22,""payload"":"""",""timestamp"":43443,""description"":""heartbeat"",""event"":""heartbeat"",""uptime"":43443,""rssi"":-65,""wifiRssi"":-65,""batteryLevel"":100,""ip"":""192.168.1.2"",""version"":""2.0"",""source"":""gateway""}"
"2026-08-14T09:31:29.394Z","IN","m360/DF/0000/gateway/status","{""timestamp"":43443,""isConnected"":true,""connectionTime"":43436,""reconnectCount"":0,""lastErrorCode"":0,""uptime"":43443,""source"":""gateway"",""type"":""mqtt_metrics""}"
"2026-08-14T09:32:29.339Z","IN","m360/DF/0000/out","{""nodeId"":0,""sensorId"":255,""command"":3,""ack"":0,""type"":22,""payload"":"""",""timestamp"":43503,""description"":""heartbeat"",""event"":""heartbeat"",""uptime"":43503,""rssi"":-64,""wifiRssi"":-64,""batteryLevel"":100,""ip"":""192.168.1.2"",""version"":""2.0"",""source"":""gateway""}"
"2026-08-14T09:32:29.339Z","IN","m360/DF/0000/out","{""nodeId"":0,""sensorId"":255,""command"":3,""ack"":0,""type"":22,""payload"":"""",""timestamp"":43503,""description"":""heartbeat"",""event"":""heartbeat"",""uptime"":43503,""rssi"":-64,""wifiRssi"":-64,""batteryLevel"":100,""ip"":""192.168.1.2"",""version"":""2.0"",""source"":""gateway""}"
"2026-08-14T09:32:29.397Z","IN","m360/DF/0000/gateway/status","{""timestamp"":43503,""isConnected"":true,""connectionTime"":43496,""reconnectCount"":0,""lastErrorCode"":0,""uptime"":43503,""source"":""gateway"",""type"":""mqtt_metrics""}"
"2026-08-14T09:32:53.819Z","IN","m360/DF/0000/out/events","{""event"":""node_reconnected"",""nodeId"":1,""timestamp"":43528,""rssi"":-64,""details"":""Node back online or discovered""}"
"2026-08-14T09:32:53.820Z","IN","m360/DF/0000/out/events","{""event"":""node_reconnected"",""nodeId"":1,""timestamp"":43528,""rssi"":-64,""details"":""Node back online or discovered""}"
"2026-08-14T09:32:53.882Z","IN","m360/DF/0000/out/1/1/1/0/37","327"
"2026-08-14T09:32:53.883Z","IN","m360/DF/0000/out/1/1/1/0/37","327"
"2026-08-14T09:32:53.883Z","IN","m360/DF/0000/out/1/2/1/0/37","313"
"2026-08-14T09:32:53.883Z","IN","m360/DF/0000/out/1/2/1/0/37","313"
"2026-08-14T09:32:54.248Z","IN","m360/DF/0000/out/1/3/1/0/37","134"
"2026-08-14T09:32:54.248Z","IN","m360/DF/0000/out/1/3/1/0/37","134"
"2026-08-14T09:32:54.331Z","IN","m360/DF/0000/out/1/4/1/0/37","405"
"2026-08-14T09:32:54.331Z","IN","m360/DF/0000/out/1/4/1/0/37","405"
"2026-08-14T09:32:54.331Z","IN","m360/DF/0000/out/1/5/1/0/37","325"
"2026-08-14T09:32:54.331Z","IN","m360/DF/0000/out/1/5/1/0/37","325"
"2026-08-14T09:32:54.331Z","IN","m360/DF/0000/out/1/6/1/0/37","259"
"2026-08-14T09:32:54.331Z","IN","m360/DF/0000/out/1/6/1/0/37","259"
"2026-08-14T09:33:29.344Z","IN","m360/DF/0000/out","{""nodeId"":0,""sensorId"":255,""command"":3,""ack"":0,""type"":22,""payload"":"""",""timestamp"":43563,""description"":""heartbeat"",""event"":""heartbeat"",""uptime"":43563,""rssi"":-65,""wifiRssi"":-65,""batteryLevel"":100,""ip"":""192.168.1.2"",""version"":""2.0"",""source"":""gateway""}"
"2026-08-14T09:33:29.345Z","IN","m360/DF/0000/out","{""nodeId"":0,""sensorId"":255,""command"":3,""ack"":0,""type"":22,""payload"":"""",""timestamp"":43563,""description"":""heartbeat"",""event"":""heartbeat"",""uptime"":43563,""rssi"":-65,""wifiRssi"":-65,""batteryLevel"":100,""ip"":""192.168.1.2"",""version"":""2.0"",""source"":""gateway""}"
"2026-08-14T09:33:29.404Z","IN","m360/DF/0000/gateway/status","{""timestamp"":43563,""isConnected"":true,""connectionTime"":43556,""reconnectCount"":0,""lastErrorCode"":0,""uptime"":43563,""source"":""gateway"",""type"":""mqtt_metrics""}"
"2026-08-14T09:33:53.894Z","IN","m360/DF/0000/out/1/1/1/0/37","330"
"2026-08-14T09:33:53.895Z","IN","m360/DF/0000/out/1/1/1/0/37","330"
"2026-08-14T09:33:54.019Z","IN","m360/DF/0000/out/1/2/1/0/37","323"
"2026-08-14T09:33:54.019Z","IN","m360/DF/0000/out/1/2/1/0/37","323"
"2026-08-14T09:33:54.022Z","IN","m360/DF/0000/out/1/3/1/0/37","132"
"2026-08-14T09:33:54.023Z","IN","m360/DF/0000/out/1/3/1/0/37","132"
"2026-08-14T09:33:54.443Z","IN","m360/DF/0000/out/1/4/1/0/37","418"
"2026-08-14T09:33:54.443Z","IN","m360/DF/0000/out/1/4/1/0/37","418"
"2026-08-14T09:33:54.443Z","IN","m360/DF/0000/out/1/5/1/0/37","326"
"2026-08-14T09:33:54.443Z","IN","m360/DF/0000/out/1/5/1/0/37","326"
"2026-08-14T09:33:54.444Z","IN","m360/DF/0000/out/1/6/1/0/37","260"
"2026-08-14T09:33:54.444Z","IN","m360/DF/0000/out/1/6/1/0/37","260"
"2026-08-14T09:34:29.348Z","IN","m360/DF/0000/out","{""nodeId"":0,""sensorId"":255,""command"":3,""ack"":0,""type"":22,""payload"":"""",""timestamp"":43623,""description"":""heartbeat"",""event"":""heartbeat"",""uptime"":43623,""rssi"":-63,""wifiRssi"":-63,""batteryLevel"":100,""ip"":""192.168.1.2"",""version"":""2.0"",""source"":""gateway""}"
"2026-08-14T09:34:29.348Z","IN","m360/DF/0000/out","{""nodeId"":0,""sensorId"":255,""command"":3,""ack"":0,""type"":22,""payload"":"""",""timestamp"":43623,""description"":""heartbeat"",""event"":""heartbeat"",""uptime"":43623,""rssi"":-63,""wifiRssi"":-63,""batteryLevel"":100,""ip"":""192.168.1.2"",""version"":""2.0"",""source"":""gateway""}"
"2026-08-14T09:34:29.409Z","IN","m360/DF/0000/gateway/status","{""timestamp"":43623,""isConnected"":true,""connectionTime"":43616,""reconnectCount"":0,""lastErrorCode"":0,""uptime"":43623,""source"":""gateway"",""type"":""mqtt_metrics""}"
"2026-08-14T09:34:53.973Z","IN","m360/DF/0000/out/1/1/1/0/37","333"
"2026-08-14T09:34:53.973Z","IN","m360/DF/0000/out/1/1/1/0/37","333"
"2026-08-14T09:34:54.074Z","IN","m360/DF/0000/out/1/2/1/0/37","328"
"2026-08-14T09:34:54.075Z","IN","m360/DF/0000/out/1/2/1/0/37","328"
"2026-08-14T09:34:54.391Z","IN","m360/DF/0000/out/1/3/1/0/37","131"
"2026-08-14T09:34:54.391Z","IN","m360/DF/0000/out/1/3/1/0/37","131"
"2026-08-14T09:34:54.417Z","IN","m360/DF/0000/out/1/4/1/0/37","423"
"2026-08-14T09:34:54.417Z","IN","m360/DF/0000/out/1/4/1/0/37","423"
"2026-08-14T09:34:54.417Z","IN","m360/DF/0000/out/1/5/1/0/37","335"
"2026-08-14T09:34:54.417Z","IN","m360/DF/0000/out/1/5/1/0/37","335"
"2026-08-14T09:34:54.417Z","IN","m360/DF/0000/out/1/6/1/0/37","267"
"2026-08-14T09:34:54.418Z","IN","m360/DF/0000/out/1/6/1/0/37","267"
"2026-08-14T09:35:29.358Z","IN","m360/DF/0000/out/events","{""event"":""node_lost"",""nodeId"":99,""timestamp"":43683,""rssi"":-64,""details"":""Inactivity detected: timeout 300 s""}"
"2026-08-14T09:35:29.358Z","IN","m360/DF/0000/out/events","{""event"":""node_lost"",""nodeId"":99,""timestamp"":43683,""rssi"":-64,""details"":""Inactivity detected: timeout 300 s""}"
"2026-08-14T09:35:29.417Z","IN","m360/DF/0000/out","{""nodeId"":0,""sensorId"":255,""command"":3,""ack"":0,""type"":22,""payload"":"""",""timestamp"":43683,""description"":""heartbeat"",""event"":""heartbeat"",""uptime"":43683,""rssi"":-64,""wifiRssi"":-64,""batteryLevel"":100,""ip"":""192.168.1.2"",""version"":""2.0"",""source"":""gateway""}"
"2026-08-14T09:35:29.417Z","IN","m360/DF/0000/out","{""nodeId"":0,""sensorId"":255,""command"":3,""ack"":0,""type"":22,""payload"":"""",""timestamp"":43683,""description"":""heartbeat"",""event"":""heartbeat"",""uptime"":43683,""rssi"":-64,""wifiRssi"":-64,""batteryLevel"":100,""ip"":""192.168.1.2"",""version"":""2.0"",""source"":""gateway""}"
"2026-08-14T09:35:29.417Z","IN","m360/DF/0000/gateway/status","{""timestamp"":43683,""isConnected"":true,""connectionTime"":43676,""reconnectCount"":0,""lastErrorCode"":0,""uptime"":43683,""source"":""gateway"",""type"":""mqtt_metrics""}"
"2026-08-14T09:36:29.361Z","IN","m360/DF/0000/out/events","{""event"":""node_lost"",""nodeId"":2,""timestamp"":43743,""rssi"":-64,""details"":""Inactivity detected: timeout 300 s""}"
"2026-08-14T09:36:29.362Z","IN","m360/DF/0000/out/events","{""event"":""node_lost"",""nodeId"":2,""timestamp"":43743,""rssi"":-64,""details"":""Inactivity detected: timeout 300 s""}"
"2026-08-14T09:36:29.421Z","IN","m360/DF/0000/out","{""nodeId"":0,""sensorId"":255,""command"":3,""ack"":0,""type"":22,""payload"":"""",""timestamp"":43743,""description"":""heartbeat"",""event"":""heartbeat"",""uptime"":43743,""rssi"":-64,""wifiRssi"":-64,""batteryLevel"":100,""ip"":""192.168.1.2"",""version"":""2.0"",""source"":""gateway""}"
"2026-08-14T09:36:29.421Z","IN","m360/DF/0000/out","{""nodeId"":0,""sensorId"":255,""command"":3,""ack"":0,""type"":22,""payload"":"""",""timestamp"":43743,""description"":""heartbeat"",""event"":""heartbeat"",""uptime"":43743,""rssi"":-64,""wifiRssi"":-64,""batteryLevel"":100,""ip"":""192.168.1.2"",""version"":""2.0"",""source"":""gateway""}"
"2026-08-14T09:36:29.421Z","IN","m360/DF/0000/gateway/status","{""timestamp"":43743,""isConnected"":true,""connectionTime"":43736,""reconnectCount"":0,""lastErrorCode"":0,""uptime"":43743,""source"":""gateway"",""type"":""mqtt_metrics""}"
"2026-08-14T09:36:56.536Z","IN","m360/DF/0000/out/events","{""event"":""node_reconnected"",""nodeId"":99,""timestamp"":43771,""rssi"":-63,""details"":""Node back online or discovered""}"
"2026-08-14T09:36:56.536Z","IN","m360/DF/0000/out/events","{""event"":""node_reconnected"",""nodeId"":99,""timestamp"":43771,""rssi"":-63,""details"":""Node back online or discovered""}"
"2026-08-14T09:36:56.594Z","IN","m360/DF/0000/out/99/21/1/0/24","0"
"2026-08-14T09:36:56.594Z","IN","m360/DF/0000/out/99/21/1/0/24","0"
"2026-08-14T09:37:29.362Z","IN","m360/DF/0000/out","{""nodeId"":0,""sensorId"":255,""command"":3,""ack"":0,""type"":22,""payload"":"""",""timestamp"":43803,""description"":""heartbeat"",""event"":""heartbeat"",""uptime"":43803,""rssi"":-64,""wifiRssi"":-64,""batteryLevel"":100,""ip"":""192.168.1.2"",""version"":""2.0"",""source"":""gateway""}"
"2026-08-14T09:37:29.364Z","IN","m360/DF/0000/out","{""nodeId"":0,""sensorId"":255,""command"":3,""ack"":0,""type"":22,""payload"":"""",""timestamp"":43803,""description"":""heartbeat"",""event"":""heartbeat"",""uptime"":43803,""rssi"":-64,""wifiRssi"":-64,""batteryLevel"":100,""ip"":""192.168.1.2"",""version"":""2.0"",""source"":""gateway""}"
"2026-08-14T09:37:29.421Z","IN","m360/DF/0000/gateway/status","{""timestamp"":43803,""isConnected"":true,""connectionTime"":43796,""reconnectCount"":0,""lastErrorCode"":0,""uptime"":43803,""source"":""gateway"",""type"":""mqtt_metrics""}"
"2026-08-14T09:38:29.368Z","IN","m360/DF/0000/out","{""nodeId"":0,""sensorId"":255,""command"":3,""ack"":0,""type"":22,""payload"":"""",""timestamp"":43863,""description"":""heartbeat"",""event"":""heartbeat"",""uptime"":43863,""rssi"":-64,""wifiRssi"":-64,""batteryLevel"":100,""ip"":""192.168.1.2"",""version"":""2.0"",""source"":""gateway""}"
"2026-08-14T09:38:29.368Z","IN","m360/DF/0000/out","{""nodeId"":0,""sensorId"":255,""command"":3,""ack"":0,""type"":22,""payload"":"""",""timestamp"":43863,""description"":""heartbeat"",""event"":""heartbeat"",""uptime"":43863,""rssi"":-64,""wifiRssi"":-64,""batteryLevel"":100,""ip"":""192.168.1.2"",""version"":""2.0"",""source"":""gateway""}"
"2026-08-14T09:38:29.424Z","IN","m360/DF/0000/gateway/status","{""timestamp"":43863,""isConnected"":true,""connectionTime"":43856,""reconnectCount"":0,""lastErrorCode"":0,""uptime"":43863,""source"":""gateway"",""type"":""mqtt_metrics""}"
"2026-08-14T09:39:29.372Z","IN","m360/DF/0000/out","{""nodeId"":0,""sensorId"":255,""command"":3,""ack"":0,""type"":22,""payload"":"""",""timestamp"":43923,""description"":""heartbeat"",""event"":""heartbeat"",""uptime"":43923,""rssi"":-64,""wifiRssi"":-64,""batteryLevel"":100,""ip"":""192.168.1.2"",""version"":""2.0"",""source"":""gateway""}"
"2026-08-14T09:39:29.372Z","IN","m360/DF/0000/out","{""nodeId"":0,""sensorId"":255,""command"":3,""ack"":0,""type"":22,""payload"":"""",""timestamp"":43923,""description"":""heartbeat"",""event"":""heartbeat"",""uptime"":43923,""rssi"":-64,""wifiRssi"":-64,""batteryLevel"":100,""ip"":""192.168.1.2"",""version"":""2.0"",""source"":""gateway""}"
"2026-08-14T09:39:29.430Z","IN","m360/DF/0000/gateway/status","{""timestamp"":43923,""isConnected"":true,""connectionTime"":43916,""reconnectCount"":0,""lastErrorCode"":0,""uptime"":43923,""source"":""gateway"",""type"":""mqtt_metrics""}"
"2026-08-14T09:40:29.380Z","IN","m360/DF/0000/out/events","{""event"":""node_lost"",""nodeId"":1,""timestamp"":43983,""rssi"":-64,""details"":""Inactivity detected: timeout 300 s""}"
"2026-08-14T09:40:29.380Z","IN","m360/DF/0000/out/events","{""event"":""node_lost"",""nodeId"":1,""timestamp"":43983,""rssi"":-64,""details"":""Inactivity detected: timeout 300 s""}"
"2026-08-14T09:40:29.443Z","IN","m360/DF/0000/out","{""nodeId"":0,""sensorId"":255,""command"":3,""ack"":0,""type"":22,""payload"":"""",""timestamp"":43983,""description"":""heartbeat"",""event"":""heartbeat"",""uptime"":43983,""rssi"":-64,""wifiRssi"":-64,""batteryLevel"":100,""ip"":""192.168.1.2"",""version"":""2.0"",""source"":""gateway""}"
"2026-08-14T09:40:29.443Z","IN","m360/DF/0000/out","{""nodeId"":0,""sensorId"":255,""command"":3,""ack"":0,""type"":22,""payload"":"""",""timestamp"":43983,""description"":""heartbeat"",""event"":""heartbeat"",""uptime"":43983,""rssi"":-64,""wifiRssi"":-64,""batteryLevel"":100,""ip"":""192.168.1.2"",""version"":""2.0"",""source"":""gateway""}"
"2026-08-14T09:40:29.445Z","IN","m360/DF/0000/gateway/status","{""timestamp"":43983,""isConnected"":true,""connectionTime"":43976,""reconnectCount"":0,""lastErrorCode"":0,""uptime"":43983,""source"":""gateway"",""type"":""mqtt_metrics""}"
"2026-08-14T09:40:56.249Z","IN","m360/DF/0000/out/99/11/1/0/0","14"
"2026-08-14T09:40:56.250Z","IN","m360/DF/0000/out/99/11/1/0/0","14"
"2026-08-14T09:40:56.309Z","IN","m360/DF/0000/out/99/12/1/0/1","21"
"2026-08-14T09:40:56.309Z","IN","m360/DF/0000/out/99/12/1/0/1","21"
"2026-08-14T09:41:29.380Z","IN","m360/DF/0000/out","{""nodeId"":0,""sensorId"":255,""command"":3,""ack"":0,""type"":22,""payload"":"""",""timestamp"":44043,""description"":""heartbeat"",""event"":""heartbeat"",""uptime"":44043,""rssi"":-64,""wifiRssi"":-64,""batteryLevel"":100,""ip"":""192.168.1.2"",""version"":""2.0"",""source"":""gateway""}"
"2026-08-14T09:41:29.381Z","IN","m360/DF/0000/out","{""nodeId"":0,""sensorId"":255,""command"":3,""ack"":0,""type"":22,""payload"":"""",""timestamp"":44043,""description"":""heartbeat"",""event"":""heartbeat"",""uptime"":44043,""rssi"":-64,""wifiRssi"":-64,""batteryLevel"":100,""ip"":""192.168.1.2"",""version"":""2.0"",""source"":""gateway""}"
"2026-08-14T09:41:29.438Z","IN","m360/DF/0000/gateway/status","{""timestamp"":44043,""isConnected"":true,""connectionTime"":44036,""reconnectCount"":0,""lastErrorCode"":0,""uptime"":44043,""source"":""gateway"",""type"":""mqtt_metrics""}"
"2026-08-14T09:42:29.385Z","IN","m360/DF/0000/out","{""nodeId"":0,""sensorId"":255,""command"":3,""ack"":0,""type"":22,""payload"":"""",""timestamp"":44103,""description"":""heartbeat"",""event"":""heartbeat"",""uptime"":44103,""rssi"":-64,""wifiRssi"":-64,""batteryLevel"":100,""ip"":""192.168.1.2"",""version"":""2.0"",""source"":""gateway""}"
"2026-08-14T09:42:29.385Z","IN","m360/DF/0000/out","{""nodeId"":0,""sensorId"":255,""command"":3,""ack"":0,""type"":22,""payload"":"""",""timestamp"":44103,""description"":""heartbeat"",""event"":""heartbeat"",""uptime"":44103,""rssi"":-64,""wifiRssi"":-64,""batteryLevel"":100,""ip"":""192.168.1.2"",""version"":""2.0"",""source"":""gateway""}"
"2026-08-14T09:42:29.444Z","IN","m360/DF/0000/gateway/status","{""timestamp"":44103,""isConnected"":true,""connectionTime"":44096,""reconnectCount"":0,""lastErrorCode"":0,""uptime"":44103,""source"":""gateway"",""type"":""mqtt_metrics""}"
"2026-08-14T09:43:29.390Z","IN","m360/DF/0000/out","{""nodeId"":0,""sensorId"":255,""command"":3,""ack"":0,""type"":22,""payload"":"""",""timestamp"":44163,""description"":""heartbeat"",""event"":""heartbeat"",""uptime"":44163,""rssi"":-64,""wifiRssi"":-64,""batteryLevel"":100,""ip"":""192.168.1.2"",""version"":""2.0"",""source"":""gateway""}"
"2026-08-14T09:43:29.390Z","IN","m360/DF/0000/out","{""nodeId"":0,""sensorId"":255,""command"":3,""ack"":0,""type"":22,""payload"":"""",""timestamp"":44163,""description"":""heartbeat"",""event"":""heartbeat"",""uptime"":44163,""rssi"":-64,""wifiRssi"":-64,""batteryLevel"":100,""ip"":""192.168.1.2"",""version"":""2.0"",""source"":""gateway""}"
"2026-08-14T09:43:29.448Z","IN","m360/DF/0000/gateway/status","{""timestamp"":44163,""isConnected"":true,""connectionTime"":44156,""reconnectCount"":0,""lastErrorCode"":0,""uptime"":44163,""source"":""gateway"",""type"":""mqtt_metrics""}"
"2026-08-14T09:44:29.395Z","IN","m360/DF/0000/out","{""nodeId"":0,""sensorId"":255,""command"":3,""ack"":0,""type"":22,""payload"":"""",""timestamp"":44223,""description"":""heartbeat"",""event"":""heartbeat"",""uptime"":44223,""rssi"":-64,""wifiRssi"":-64,""batteryLevel"":100,""ip"":""192.168.1.2"",""version"":""2.0"",""source"":""gateway""}"
"2026-08-14T09:44:29.395Z","IN","m360/DF/0000/out","{""nodeId"":0,""sensorId"":255,""command"":3,""ack"":0,""type"":22,""payload"":"""",""timestamp"":44223,""description"":""heartbeat"",""event"":""heartbeat"",""uptime"":44223,""rssi"":-64,""wifiRssi"":-64,""batteryLevel"":100,""ip"":""192.168.1.2"",""version"":""2.0"",""source"":""gateway""}"
"2026-08-14T09:44:29.452Z","IN","m360/DF/0000/gateway/status","{""timestamp"":44223,""isConnected"":true,""connectionTime"":44216,""reconnectCount"":0,""lastErrorCode"":0,""uptime"":44223,""source"":""gateway"",""type"":""mqtt_metrics""}"
"2026-08-14T09:45:29.399Z","IN","m360/DF/0000/out","{""nodeId"":0,""sensorId"":255,""command"":3,""ack"":0,""type"":22,""payload"":"""",""timestamp"":44283,""description"":""heartbeat"",""event"":""heartbeat"",""uptime"":44283,""rssi"":-64,""wifiRssi"":-64,""batteryLevel"":100,""ip"":""192.168.1.2"",""version"":""2.0"",""source"":""gateway""}"
"2026-08-14T09:45:29.400Z","IN","m360/DF/0000/out","{""nodeId"":0,""sensorId"":255,""command"":3,""ack"":0,""type"":22,""payload"":"""",""timestamp"":44283,""description"":""heartbeat"",""event"":""heartbeat"",""uptime"":44283,""rssi"":-64,""wifiRssi"":-64,""batteryLevel"":100,""ip"":""192.168.1.2"",""version"":""2.0"",""source"":""gateway""}"
"2026-08-14T09:45:29.457Z","IN","m360/DF/0000/gateway/status","{""timestamp"":44283,""isConnected"":true,""connectionTime"":44276,""reconnectCount"":0,""lastErrorCode"":0,""uptime"":44283,""source"":""gateway"",""type"":""mqtt_metrics""}"
"2026-08-14T09:46:29.409Z","IN","m360/DF/0000/out/events","{""event"":""node_lost"",""nodeId"":99,""timestamp"":44343,""rssi"":-64,""details"":""Inactivity detected: timeout 300 s""}"
"2026-08-14T09:46:29.410Z","IN","m360/DF/0000/out/events","{""event"":""node_lost"",""nodeId"":99,""timestamp"":44343,""rssi"":-64,""details"":""Inactivity detected: timeout 300 s""}"
"2026-08-14T09:46:29.467Z","IN","m360/DF/0000/out","{""nodeId"":0,""sensorId"":255,""command"":3,""ack"":0,""type"":22,""payload"":"""",""timestamp"":44343,""description"":""heartbeat"",""event"":""heartbeat"",""uptime"":44343,""rssi"":-64,""wifiRssi"":-64,""batteryLevel"":100,""ip"":""192.168.1.2"",""version"":""2.0"",""source"":""gateway""}"
"2026-08-14T09:46:29.467Z","IN","m360/DF/0000/out","{""nodeId"":0,""sensorId"":255,""command"":3,""ack"":0,""type"":22,""payload"":"""",""timestamp"":44343,""description"":""heartbeat"",""event"":""heartbeat"",""uptime"":44343,""rssi"":-64,""wifiRssi"":-64,""batteryLevel"":100,""ip"":""192.168.1.2"",""version"":""2.0"",""source"":""gateway""}"
"2026-08-14T09:46:29.468Z","IN","m360/DF/0000/gateway/status","{""timestamp"":44343,""isConnected"":true,""connectionTime"":44336,""reconnectCount"":0,""lastErrorCode"":0,""uptime"":44343,""source"":""gateway"",""type"":""mqtt_metrics""}"
"2026-08-14T09:47:29.408Z","IN","m360/DF/0000/out","{""nodeId"":0,""sensorId"":255,""command"":3,""ack"":0,""type"":22,""payload"":"""",""timestamp"":44403,""description"":""heartbeat"",""event"":""heartbeat"",""uptime"":44403,""rssi"":-64,""wifiRssi"":-64,""batteryLevel"":100,""ip"":""192.168.1.2"",""version"":""2.0"",""source"":""gateway""}"
"2026-08-14T09:47:29.408Z","IN","m360/DF/0000/out","{""nodeId"":0,""sensorId"":255,""command"":3,""ack"":0,""type"":22,""payload"":"""",""timestamp"":44403,""description"":""heartbeat"",""event"":""heartbeat"",""uptime"":44403,""rssi"":-64,""wifiRssi"":-64,""batteryLevel"":100,""ip"":""192.168.1.2"",""version"":""2.0"",""source"":""gateway""}"
"2026-08-14T09:47:29.468Z","IN","m360/DF/0000/gateway/status","{""timestamp"":44403,""isConnected"":true,""connectionTime"":44396,""reconnectCount"":0,""lastErrorCode"":0,""uptime"":44403,""source"":""gateway"",""type"":""mqtt_metrics""}"
"2026-08-14T09:47:55.762Z","IN","m360/DF/0000/out/events","{""event"":""node_reconnected"",""nodeId"":99,""timestamp"":44430,""rssi"":-64,""details"":""Node back online or discovered""}"
"2026-08-14T09:47:55.763Z","IN","m360/DF/0000/out/events","{""event"":""node_reconnected"",""nodeId"":99,""timestamp"":44430,""rssi"":-64,""details"":""Node back online or discovered""}"
"2026-08-14T09:47:55.824Z","IN","m360/DF/0000/out/99/21/1/0/24","0"
"2026-08-14T09:47:55.824Z","IN","m360/DF/0000/out/99/21/1/0/24","0"
"2026-08-14T09:48:24.522Z","IN","m360/DF/0000/out/events","{""event"":""node_reconnected"",""nodeId"":2,""timestamp"":44458,""rssi"":-63,""details"":""Node back online or discovered""}"
"2026-08-14T09:48:24.523Z","IN","m360/DF/0000/out/events","{""event"":""node_reconnected"",""nodeId"":2,""timestamp"":44458,""rssi"":-63,""details"":""Node back online or discovered""}"
"2026-08-14T09:48:24.585Z","IN","m360/DF/0000/out/2/1/1/0/37","116"
"2026-08-14T09:48:24.586Z","IN","m360/DF/0000/out/2/1/1/0/37","116"
"2026-08-14T09:48:24.586Z","IN","m360/DF/0000/out/2/2/1/0/37","358"
"2026-08-14T09:48:24.586Z","IN","m360/DF/0000/out/2/2/1/0/37","358"
"2026-08-14T09:48:24.586Z","IN","m360/DF/0000/out/2/3/1/0/37","1015"
"2026-08-14T09:48:24.586Z","IN","m360/DF/0000/out/2/3/1/0/37","1015"
"2026-08-14T09:48:24.951Z","IN","m360/DF/0000/out/2/6/1/0/37","357"
"2026-08-14T09:48:24.951Z","IN","m360/DF/0000/out/2/6/1/0/37","357"
"2026-08-14T09:48:29.415Z","IN","m360/DF/0000/out","{""nodeId"":0,""sensorId"":255,""command"":3,""ack"":0,""type"":22,""payload"":"""",""timestamp"":44463,""description"":""heartbeat"",""event"":""heartbeat"",""uptime"":44463,""rssi"":-63,""wifiRssi"":-63,""batteryLevel"":100,""ip"":""192.168.1.2"",""version"":""2.0"",""source"":""gateway""}"
"2026-08-14T09:48:29.415Z","IN","m360/DF/0000/out","{""nodeId"":0,""sensorId"":255,""command"":3,""ack"":0,""type"":22,""payload"":"""",""timestamp"":44463,""description"":""heartbeat"",""event"":""heartbeat"",""uptime"":44463,""rssi"":-63,""wifiRssi"":-63,""batteryLevel"":100,""ip"":""192.168.1.2"",""version"":""2.0"",""source"":""gateway""}"
"2026-08-14T09:48:29.477Z","IN","m360/DF/0000/gateway/status","{""timestamp"":44463,""isConnected"":true,""connectionTime"":44456,""reconnectCount"":0,""lastErrorCode"":0,""uptime"":44463,""source"":""gateway"",""type"":""mqtt_metrics""}"
"2026-08-14T09:49:24.504Z","IN","m360/DF/0000/out/2/1/1/0/37","118"
"2026-08-14T09:49:24.505Z","IN","m360/DF/0000/out/2/1/1/0/37","118"
"2026-08-14T09:49:24.630Z","IN","m360/DF/0000/out/2/2/1/0/37","361"
"2026-08-14T09:49:24.630Z","IN","m360/DF/0000/out/2/2/1/0/37","361"
"2026-08-14T09:49:24.630Z","IN","m360/DF/0000/out/2/3/1/0/37","1020"
"2026-08-14T09:49:24.630Z","IN","m360/DF/0000/out/2/3/1/0/37","1020"
"2026-08-14T09:49:29.417Z","IN","m360/DF/0000/out","{""nodeId"":0,""sensorId"":255,""command"":3,""ack"":0,""type"":22,""payload"":"""",""timestamp"":44523,""description"":""heartbeat"",""event"":""heartbeat"",""uptime"":44523,""rssi"":-64,""wifiRssi"":-64,""batteryLevel"":100,""ip"":""192.168.1.2"",""version"":""2.0"",""source"":""gateway""}"
"2026-08-14T09:49:29.417Z","IN","m360/DF/0000/out","{""nodeId"":0,""sensorId"":255,""command"":3,""ack"":0,""type"":22,""payload"":"""",""timestamp"":44523,""description"":""heartbeat"",""event"":""heartbeat"",""uptime"":44523,""rssi"":-64,""wifiRssi"":-64,""batteryLevel"":100,""ip"":""192.168.1.2"",""version"":""2.0"",""source"":""gateway""}"
"2026-08-14T09:49:29.475Z","IN","m360/DF/0000/gateway/status","{""timestamp"":44523,""isConnected"":true,""connectionTime"":44516,""reconnectCount"":0,""lastErrorCode"":0,""uptime"":44523,""source"":""gateway"",""type"":""mqtt_metrics""}"
"2026-08-14T09:50:24.321Z","IN","m360/DF/0000/out/2/1/1/0/37","119"
"2026-08-14T09:50:24.321Z","IN","m360/DF/0000/out/2/1/1/0/37","119"
"2026-08-14T09:50:24.442Z","IN","m360/DF/0000/out/2/2/1/0/37","377"
"2026-08-14T09:50:24.443Z","IN","m360/DF/0000/out/2/2/1/0/37","377"
"2026-08-14T09:50:24.443Z","IN","m360/DF/0000/out/2/3/1/0/37","1019"
"2026-08-14T09:50:24.443Z","IN","m360/DF/0000/out/2/3/1/0/37","1019"
"2026-08-14T09:50:24.826Z","IN","m360/DF/0000/out/2/5/1/0/37","602"
"2026-08-14T09:50:24.826Z","IN","m360/DF/0000/out/2/5/1/0/37","602"
"2026-08-14T09:50:24.826Z","IN","m360/DF/0000/out/2/6/1/0/37","371"
"2026-08-14T09:50:24.826Z","IN","m360/DF/0000/out/2/6/1/0/37","371"
"2026-08-14T09:50:29.422Z","IN","m360/DF/0000/out","{""nodeId"":0,""sensorId"":255,""command"":3,""ack"":0,""type"":22,""payload"":"""",""timestamp"":44583,""description"":""heartbeat"",""event"":""heartbeat"",""uptime"":44583,""rssi"":-63,""wifiRssi"":-63,""batteryLevel"":100,""ip"":""192.168.1.2"",""version"":""2.0"",""source"":""gateway""}"
"2026-08-14T09:50:29.423Z","IN","m360/DF/0000/out","{""nodeId"":0,""sensorId"":255,""command"":3,""ack"":0,""type"":22,""payload"":"""",""timestamp"":44583,""description"":""heartbeat"",""event"":""heartbeat"",""uptime"":44583,""rssi"":-63,""wifiRssi"":-63,""batteryLevel"":100,""ip"":""192.168.1.2"",""version"":""2.0"",""source"":""gateway""}"
"2026-08-14T09:50:29.481Z","IN","m360/DF/0000/gateway/status","{""timestamp"":44583,""isConnected"":true,""connectionTime"":44576,""reconnectCount"":0,""lastErrorCode"":0,""uptime"":44583,""source"":""gateway"",""type"":""mqtt_metrics""}"
"2026-08-14T09:51:24.309Z","IN","m360/DF/0000/out/2/1/1/0/37","115"
"2026-08-14T09:51:24.309Z","IN","m360/DF/0000/out/2/1/1/0/37","115"
"2026-08-14T09:51:24.421Z","IN","m360/DF/0000/out/2/2/1/0/37","414"
"2026-08-14T09:51:24.422Z","IN","m360/DF/0000/out/2/2/1/0/37","414"
"2026-08-14T09:51:24.733Z","IN","m360/DF/0000/out/2/5/1/0/37","620"
"2026-08-14T09:51:24.733Z","IN","m360/DF/0000/out/2/5/1/0/37","620"
"2026-08-14T09:51:24.733Z","IN","m360/DF/0000/out/2/6/1/0/37","377"
"2026-08-14T09:51:24.733Z","IN","m360/DF/0000/out/2/6/1/0/37","377"
"2026-08-14T09:51:29.697Z","IN","m360/DF/0000/out","{""nodeId"":0,""sensorId"":255,""command"":3,""ack"":0,""type"":22,""payload"":"""",""timestamp"":44644,""description"":""heartbeat"",""event"":""heartbeat"",""uptime"":44644,""rssi"":-63,""wifiRssi"":-63,""batteryLevel"":100,""ip"":""192.168.1.2"",""version"":""2.0"",""source"":""gateway""}"
"2026-08-14T09:51:29.697Z","IN","m360/DF/0000/out","{""nodeId"":0,""sensorId"":255,""command"":3,""ack"":0,""type"":22,""payload"":"""",""timestamp"":44644,""description"":""heartbeat"",""event"":""heartbeat"",""uptime"":44644,""rssi"":-63,""wifiRssi"":-63,""batteryLevel"":100,""ip"":""192.168.1.2"",""version"":""2.0"",""source"":""gateway""}"
"2026-08-14T09:51:29.754Z","IN","m360/DF/0000/gateway/status","{""timestamp"":44644,""isConnected"":true,""connectionTime"":44636,""reconnectCount"":0,""lastErrorCode"":0,""uptime"":44644,""source"":""gateway"",""type"":""mqtt_metrics""}"
"2026-08-14T09:52:24.305Z","IN","m360/DF/0000/out/2/2/1/0/37","351"
"2026-08-14T09:52:24.305Z","IN","m360/DF/0000/out/2/2/1/0/37","351"
"2026-08-14T09:52:24.435Z","IN","m360/DF/0000/out/2/3/1/0/37","1020"
"2026-08-14T09:52:24.436Z","IN","m360/DF/0000/out/2/3/1/0/37","1020"
"2026-08-14T09:52:24.436Z","IN","m360/DF/0000/out/2/4/1/0/37","1019"
"2026-08-14T09:52:24.436Z","IN","m360/DF/0000/out/2/4/1/0/37","1019"
"2026-08-14T09:52:24.638Z","IN","m360/DF/0000/out/2/5/1/0/37","615"
"2026-08-14T09:52:24.638Z","IN","m360/DF/0000/out/2/5/1/0/37","615"
"2026-08-14T09:52:24.638Z","IN","m360/DF/0000/out/2/6/1/0/37","386"
"2026-08-14T09:52:24.638Z","IN","m360/DF/0000/out/2/6/1/0/37","386"
"2026-08-14T09:52:29.695Z","IN","m360/DF/0000/out","{""nodeId"":0,""sensorId"":255,""command"":3,""ack"":0,""type"":22,""payload"":"""",""timestamp"":44704,""description"":""heartbeat"",""event"":""heartbeat"",""uptime"":44704,""rssi"":-63,""wifiRssi"":-63,""batteryLevel"":100,""ip"":""192.168.1.2"",""version"":""2.0"",""source"":""gateway""}"
"2026-08-14T09:52:29.696Z","IN","m360/DF/0000/out","{""nodeId"":0,""sensorId"":255,""command"":3,""ack"":0,""type"":22,""payload"":"""",""timestamp"":44704,""description"":""heartbeat"",""event"":""heartbeat"",""uptime"":44704,""rssi"":-63,""wifiRssi"":-63,""batteryLevel"":100,""ip"":""192.168.1.2"",""version"":""2.0"",""source"":""gateway""}"
"2026-08-14T09:52:29.761Z","IN","m360/DF/0000/gateway/status","{""timestamp"":44704,""isConnected"":true,""connectionTime"":44696,""reconnectCount"":0,""lastErrorCode"":0,""uptime"":44704,""source"":""gateway"",""type"":""mqtt_metrics""}"
"2026-08-14T09:53:24.324Z","IN","m360/DF/0000/out/2/1/1/0/37","119"
"2026-08-14T09:53:24.324Z","IN","m360/DF/0000/out/2/1/1/0/37","119"
"2026-08-14T09:53:24.426Z","IN","m360/DF/0000/out/2/2/1/0/37","423"
"2026-08-14T09:53:24.426Z","IN","m360/DF/0000/out/2/2/1/0/37","423"
"2026-08-14T09:53:24.780Z","IN","m360/DF/0000/out/2/5/1/0/37","573"
"2026-08-14T09:53:24.780Z","IN","m360/DF/0000/out/2/5/1/0/37","573"
"2026-08-14T09:53:24.780Z","IN","m360/DF/0000/out/2/6/1/0/37","385"
"2026-08-14T09:53:24.780Z","IN","m360/DF/0000/out/2/6/1/0/37","385"
"2026-08-14T09:53:29.703Z","IN","m360/DF/0000/out/events","{""event"":""node_lost"",""nodeId"":99,""timestamp"":44764,""rssi"":-63,""details"":""Inactivity detected: timeout 300 s""}"
"2026-08-14T09:53:29.703Z","IN","m360/DF/0000/out/events","{""event"":""node_lost"",""nodeId"":99,""timestamp"":44764,""rssi"":-63,""details"":""Inactivity detected: timeout 300 s""}"
"2026-08-14T09:53:29.764Z","IN","m360/DF/0000/out","{""nodeId"":0,""sensorId"":255,""command"":3,""ack"":0,""type"":22,""payload"":"""",""timestamp"":44764,""description"":""heartbeat"",""event"":""heartbeat"",""uptime"":44764,""rssi"":-63,""wifiRssi"":-63,""batteryLevel"":100,""ip"":""192.168.1.2"",""version"":""2.0"",""source"":""gateway""}"
"2026-08-14T09:53:29.764Z","IN","m360/DF/0000/out","{""nodeId"":0,""sensorId"":255,""command"":3,""ack"":0,""type"":22,""payload"":"""",""timestamp"":44764,""description"":""heartbeat"",""event"":""heartbeat"",""uptime"":44764,""rssi"":-63,""wifiRssi"":-63,""batteryLevel"":100,""ip"":""192.168.1.2"",""version"":""2.0"",""source"":""gateway""}"
"2026-08-14T09:53:29.764Z","IN","m360/DF/0000/gateway/status","{""timestamp"":44764,""isConnected"":true,""connectionTime"":44756,""reconnectCount"":0,""lastErrorCode"":0,""uptime"":44764,""source"":""gateway"",""type"":""mqtt_metrics""}"
"2026-08-14T09:54:24.335Z","IN","m360/DF/0000/out/2/1/1/0/37","123"
"2026-08-14T09:54:24.336Z","IN","m360/DF/0000/out/2/1/1/0/37","123"
"2026-08-14T09:54:24.429Z","IN","m360/DF/0000/out/2/2/1/0/37","424"
"2026-08-14T09:54:24.430Z","IN","m360/DF/0000/out/2/2/1/0/37","424"
"2026-08-14T09:54:24.430Z","IN","m360/DF/0000/out/2/3/1/0/37","1023"
"2026-08-14T09:54:24.431Z","IN","m360/DF/0000/out/2/3/1/0/37","1023"
"2026-08-14T09:54:24.763Z","IN","m360/DF/0000/out/2/5/1/0/37","610"
"2026-08-14T09:54:24.764Z","IN","m360/DF/0000/out/2/5/1/0/37","610"
"2026-08-14T09:54:24.764Z","IN","m360/DF/0000/out/2/6/1/0/37","377"
"2026-08-14T09:54:24.764Z","IN","m360/DF/0000/out/2/6/1/0/37","377"
"2026-08-14T09:54:29.704Z","IN","m360/DF/0000/out","{""nodeId"":0,""sensorId"":255,""command"":3,""ack"":0,""type"":22,""payload"":"""",""timestamp"":44824,""description"":""heartbeat"",""event"":""heartbeat"",""uptime"":44824,""rssi"":-64,""wifiRssi"":-64,""batteryLevel"":100,""ip"":""192.168.1.2"",""version"":""2.0"",""source"":""gateway""}"
"2026-08-14T09:54:29.704Z","IN","m360/DF/0000/out","{""nodeId"":0,""sensorId"":255,""command"":3,""ack"":0,""type"":22,""payload"":"""",""timestamp"":44824,""description"":""heartbeat"",""event"":""heartbeat"",""uptime"":44824,""rssi"":-64,""wifiRssi"":-64,""batteryLevel"":100,""ip"":""192.168.1.2"",""version"":""2.0"",""source"":""gateway""}"
"2026-08-14T09:54:29.828Z","IN","m360/DF/0000/gateway/status","{""timestamp"":44824,""isConnected"":true,""connectionTime"":44816,""reconnectCount"":0,""lastErrorCode"":0,""uptime"":44824,""source"":""gateway"",""type"":""mqtt_metrics""}"
"2026-08-14T09:54:55.210Z","IN","m360/DF/0000/out/events","{""event"":""node_reconnected"",""nodeId"":99,""timestamp"":44849,""rssi"":-64,""details"":""Node back online or discovered""}"
"2026-08-14T09:54:55.211Z","IN","m360/DF/0000/out/events","{""event"":""node_reconnected"",""nodeId"":99,""timestamp"":44849,""rssi"":-64,""details"":""Node back online or discovered""}"
"2026-08-14T09:54:55.274Z","IN","m360/DF/0000/out/99/11/1/0/0","15"
"2026-08-14T09:54:55.274Z","IN","m360/DF/0000/out/99/11/1/0/0","15"
"2026-08-14T09:54:55.274Z","IN","m360/DF/0000/out/99/12/1/0/1","20"
"2026-08-14T09:54:55.274Z","IN","m360/DF/0000/out/99/12/1/0/1","20"
"2026-08-14T09:55:24.344Z","IN","m360/DF/0000/out/2/1/1/0/37","122"
"2026-08-14T09:55:24.344Z","IN","m360/DF/0000/out/2/1/1/0/37","122"
"2026-08-14T09:55:24.460Z","IN","m360/DF/0000/out/2/2/1/0/37","427"
"2026-08-14T09:55:24.461Z","IN","m360/DF/0000/out/2/2/1/0/37","427"
"2026-08-14T09:55:24.463Z","IN","m360/DF/0000/out/2/3/1/0/37","1019"
"2026-08-14T09:55:24.463Z","IN","m360/DF/0000/out/2/3/1/0/37","1019"
"2026-08-14T09:55:24.777Z","IN","m360/DF/0000/out/2/4/1/0/37","1020"
"2026-08-14T09:55:24.777Z","IN","m360/DF/0000/out/2/4/1/0/37","1020"
"2026-08-14T09:55:24.777Z","IN","m360/DF/0000/out/2/5/1/0/37","632"
"2026-08-14T09:55:24.777Z","IN","m360/DF/0000/out/2/5/1/0/37","632"
"2026-08-14T09:55:24.778Z","IN","m360/DF/0000/out/2/6/1/0/37","401"
"2026-08-14T09:55:24.778Z","IN","m360/DF/0000/out/2/6/1/0/37","401"
"2026-08-14T09:55:29.708Z","IN","m360/DF/0000/out","{""nodeId"":0,""sensorId"":255,""command"":3,""ack"":0,""type"":22,""payload"":"""",""timestamp"":44884,""description"":""heartbeat"",""event"":""heartbeat"",""uptime"":44884,""rssi"":-63,""wifiRssi"":-63,""batteryLevel"":100,""ip"":""192.168.1.2"",""version"":""2.0"",""source"":""gateway""}"
"2026-08-14T09:55:29.709Z","IN","m360/DF/0000/out","{""nodeId"":0,""sensorId"":255,""command"":3,""ack"":0,""type"":22,""payload"":"""",""timestamp"":44884,""description"":""heartbeat"",""event"":""heartbeat"",""uptime"":44884,""rssi"":-63,""wifiRssi"":-63,""batteryLevel"":100,""ip"":""192.168.1.2"",""version"":""2.0"",""source"":""gateway""}"
"2026-08-14T09:55:29.766Z","IN","m360/DF/0000/gateway/status","{""timestamp"":44884,""isConnected"":true,""connectionTime"":44876,""reconnectCount"":0,""lastErrorCode"":0,""uptime"":44884,""source"":""gateway"",""type"":""mqtt_metrics""}"
"2026-08-14T09:56:24.338Z","IN","m360/DF/0000/out/2/2/1/0/37","350"
"2026-08-14T09:56:24.339Z","IN","m360/DF/0000/out/2/2/1/0/37","350"
"2026-08-14T09:56:24.451Z","IN","m360/DF/0000/out/2/4/1/0/37","1019"
"2026-08-14T09:56:24.451Z","IN","m360/DF/0000/out/2/4/1/0/37","1019"
"2026-08-14T09:56:24.456Z","IN","m360/DF/0000/out/2/5/1/0/37","618"
"2026-08-14T09:56:24.457Z","IN","m360/DF/0000/out/2/5/1/0/37","618"
"2026-08-14T09:56:24.870Z","IN","m360/DF/0000/out/2/6/1/0/37","396"
"2026-08-14T09:56:24.871Z","IN","m360/DF/0000/out/2/6/1/0/37","396"
"2026-08-14T09:56:29.713Z","IN","m360/DF/0000/out","{""nodeId"":0,""sensorId"":255,""command"":3,""ack"":0,""type"":22,""payload"":"""",""timestamp"":44944,""description"":""heartbeat"",""event"":""heartbeat"",""uptime"":44944,""rssi"":-64,""wifiRssi"":-64,""batteryLevel"":100,""ip"":""192.168.1.2"",""version"":""2.0"",""source"":""gateway""}"
"2026-08-14T09:56:29.713Z","IN","m360/DF/0000/out","{""nodeId"":0,""sensorId"":255,""command"":3,""ack"":0,""type"":22,""payload"":"""",""timestamp"":44944,""description"":""heartbeat"",""event"":""heartbeat"",""uptime"":44944,""rssi"":-64,""wifiRssi"":-64,""batteryLevel"":100,""ip"":""192.168.1.2"",""version"":""2.0"",""source"":""gateway""}"
"2026-08-14T09:56:29.771Z","IN","m360/DF/0000/gateway/status","{""timestamp"":44944,""isConnected"":true,""connectionTime"":44936,""reconnectCount"":0,""lastErrorCode"":0,""uptime"":44944,""source"":""gateway"",""type"":""mqtt_metrics""}"
"2026-08-14T09:57:24.309Z","IN","m360/DF/0000/out/2/1/1/0/37","119"
"2026-08-14T09:57:24.309Z","IN","m360/DF/0000/out/2/1/1/0/37","119"
"2026-08-14T09:57:24.430Z","IN","m360/DF/0000/out/2/2/1/0/37","440"
"2026-08-14T09:57:24.430Z","IN","m360/DF/0000/out/2/2/1/0/37","440"
"2026-08-14T09:57:24.432Z","IN","m360/DF/0000/out/2/3/1/0/37","1023"
"2026-08-14T09:57:24.432Z","IN","m360/DF/0000/out/2/3/1/0/37","1023"
"2026-08-14T09:57:24.785Z","IN","m360/DF/0000/out/2/4/1/0/37","1022"
"2026-08-14T09:57:24.785Z","IN","m360/DF/0000/out/2/4/1/0/37","1022"
"2026-08-14T09:57:24.785Z","IN","m360/DF/0000/out/2/5/1/0/37","634"
"2026-08-14T09:57:24.785Z","IN","m360/DF/0000/out/2/5/1/0/37","634"
"2026-08-14T09:57:24.785Z","IN","m360/DF/0000/out/2/6/1/0/37","409"
"2026-08-14T09:57:24.785Z","IN","m360/DF/0000/out/2/6/1/0/37","409"
"2026-08-14T09:57:29.718Z","IN","m360/DF/0000/out","{""nodeId"":0,""sensorId"":255,""command"":3,""ack"":0,""type"":22,""payload"":"""",""timestamp"":45004,""description"":""heartbeat"",""event"":""heartbeat"",""uptime"":45004,""rssi"":-65,""wifiRssi"":-65,""batteryLevel"":100,""ip"":""192.168.1.2"",""version"":""2.0"",""source"":""gateway""}"
"2026-08-14T09:57:29.719Z","IN","m360/DF/0000/out","{""nodeId"":0,""sensorId"":255,""command"":3,""ack"":0,""type"":22,""payload"":"""",""timestamp"":45004,""description"":""heartbeat"",""event"":""heartbeat"",""uptime"":45004,""rssi"":-65,""wifiRssi"":-65,""batteryLevel"":100,""ip"":""192.168.1.2"",""version"":""2.0"",""source"":""gateway""}"
"2026-08-14T09:57:29.736Z","IN","m360/DF/0000/gateway/status","{""timestamp"":45004,""isConnected"":true,""connectionTime"":44996,""reconnectCount"":0,""lastErrorCode"":0,""uptime"":45004,""source"":""gateway"",""type"":""mqtt_metrics""}"
"2026-08-14T09:58:24.336Z","IN","m360/DF/0000/out/2/2/1/0/37","349"
"2026-08-14T09:58:24.336Z","IN","m360/DF/0000/out/2/2/1/0/37","349"
"2026-08-14T09:58:24.424Z","IN","m360/DF/0000/out/2/3/1/0/37","1020"
"2026-08-14T09:58:24.425Z","IN","m360/DF/0000/out/2/3/1/0/37","1020"
"2026-08-14T09:58:24.739Z","IN","m360/DF/0000/out/2/4/1/0/37","1020"
"2026-08-14T09:58:24.740Z","IN","m360/DF/0000/out/2/4/1/0/37","1020"
"2026-08-14T09:58:24.740Z","IN","m360/DF/0000/out/2/5/1/0/37","661"
"2026-08-14T09:58:24.740Z","IN","m360/DF/0000/out/2/5/1/0/37","661"
"2026-08-14T09:58:24.740Z","IN","m360/DF/0000/out/2/6/1/0/37","408"
"2026-08-14T09:58:24.740Z","IN","m360/DF/0000/out/2/6/1/0/37","408"
"2026-08-14T09:58:29.722Z","IN","m360/DF/0000/out","{""nodeId"":0,""sensorId"":255,""command"":3,""ack"":0,""type"":22,""payload"":"""",""timestamp"":45064,""description"":""heartbeat"",""event"":""heartbeat"",""uptime"":45064,""rssi"":-65,""wifiRssi"":-65,""batteryLevel"":100,""ip"":""192.168.1.2"",""version"":""2.0"",""source"":""gateway""}"
"2026-08-14T09:58:29.723Z","IN","m360/DF/0000/out","{""nodeId"":0,""sensorId"":255,""command"":3,""ack"":0,""type"":22,""payload"":"""",""timestamp"":45064,""description"":""heartbeat"",""event"":""heartbeat"",""uptime"":45064,""rssi"":-65,""wifiRssi"":-65,""batteryLevel"":100,""ip"":""192.168.1.2"",""version"":""2.0"",""source"":""gateway""}"
"2026-08-14T09:58:29.740Z","IN","m360/DF/0000/gateway/status","{""timestamp"":45064,""isConnected"":true,""connectionTime"":45056,""reconnectCount"":0,""lastErrorCode"":0,""uptime"":45064,""source"":""gateway"",""type"":""mqtt_metrics""}"
"2026-08-14T09:58:55.453Z","IN","m360/DF/0000/out/99/21/1/0/24","0"
"2026-08-14T09:58:55.454Z","IN","m360/DF/0000/out/99/21/1/0/24","0"
"2026-08-14T09:58:55.613Z","IN","m360/DF/0000/out/events","{""event"":""node_reconnected"",""nodeId"":1,""timestamp"":45090,""rssi"":-65,""details"":""Node back online or discovered""}"
"2026-08-14T09:58:55.613Z","IN","m360/DF/0000/out/events","{""event"":""node_reconnected"",""nodeId"":1,""timestamp"":45090,""rssi"":-65,""details"":""Node back online or discovered""}"
"2026-08-14T09:58:55.631Z","IN","m360/DF/0000/out/1/1/1/0/37","315"
"2026-08-14T09:58:55.631Z","IN","m360/DF/0000/out/1/1/1/0/37","315"
"2026-08-14T09:58:55.741Z","IN","m360/DF/0000/out/1/2/1/0/37","310"
"2026-08-14T09:58:55.741Z","IN","m360/DF/0000/out/1/2/1/0/37","310"
"2026-08-14T09:58:55.747Z","IN","m360/DF/0000/out/1/3/1/0/37","136"
"2026-08-14T09:58:55.750Z","IN","m360/DF/0000/out/1/3/1/0/37","136"
"2026-08-14T09:58:56.039Z","IN","m360/DF/0000/out/1/4/1/0/37","377"
"2026-08-14T09:58:56.039Z","IN","m360/DF/0000/out/1/4/1/0/37","377"
"2026-08-14T09:58:56.173Z","IN","m360/DF/0000/out/1/5/1/0/37","322"
"2026-08-14T09:58:56.173Z","IN","m360/DF/0000/out/1/5/1/0/37","322"
"2026-08-14T09:58:56.173Z","IN","m360/DF/0000/out/1/6/1/0/37","259"
"2026-08-14T09:58:56.173Z","IN","m360/DF/0000/out/1/6/1/0/37","259"
"2026-08-14T09:59:29.728Z","IN","m360/DF/0000/out","{""nodeId"":0,""sensorId"":255,""command"":3,""ack"":0,""type"":22,""payload"":"""",""timestamp"":45124,""description"":""heartbeat"",""event"":""heartbeat"",""uptime"":45124,""rssi"":-66,""wifiRssi"":-66,""batteryLevel"":100,""ip"":""192.168.1.2"",""version"":""2.0"",""source"":""gateway""}"
"2026-08-14T09:59:29.729Z","IN","m360/DF/0000/out","{""nodeId"":0,""sensorId"":255,""command"":3,""ack"":0,""type"":22,""payload"":"""",""timestamp"":45124,""description"":""heartbeat"",""event"":""heartbeat"",""uptime"":45124,""rssi"":-66,""wifiRssi"":-66,""batteryLevel"":100,""ip"":""192.168.1.2"",""version"":""2.0"",""source"":""gateway""}"
"2026-08-14T09:59:29.862Z","IN","m360/DF/0000/gateway/status","{""timestamp"":45124,""isConnected"":true,""connectionTime"":45116,""reconnectCount"":0,""lastErrorCode"":0,""uptime"":45124,""source"":""gateway"",""type"":""mqtt_metrics""}"
"2026-08-14T09:59:55.684Z","IN","m360/DF/0000/out/1/2/1/0/37","246"
"2026-08-14T09:59:55.684Z","IN","m360/DF/0000/out/1/2/1/0/37","246"
"2026-08-14T09:59:55.821Z","IN","m360/DF/0000/out/1/3/1/0/37","100"
"2026-08-14T09:59:55.821Z","IN","m360/DF/0000/out/1/3/1/0/37","100"
"2026-08-14T09:59:55.825Z","IN","m360/DF/0000/out/1/4/1/0/37","369"
"2026-08-14T09:59:55.826Z","IN","m360/DF/0000/out/1/4/1/0/37","369"
"2026-08-14T09:59:55.826Z","IN","m360/DF/0000/out/1/5/1/0/37","306"
"2026-08-14T09:59:55.827Z","IN","m360/DF/0000/out/1/5/1/0/37","306"
"2026-08-14T09:59:55.827Z","IN","m360/DF/0000/out/1/6/1/0/37","245"
"2026-08-14T09:59:55.827Z","IN","m360/DF/0000/out/1/6/1/0/37","245"
"2026-08-14T10:00:24.340Z","IN","m360/DF/0000/out/2/1/1/0/37","112"
"2026-08-14T10:00:24.340Z","IN","m360/DF/0000/out/2/1/1/0/37","112"
"2026-08-14T10:00:24.477Z","IN","m360/DF/0000/out/2/2/1/0/37","416"
"2026-08-14T10:00:24.477Z","IN","m360/DF/0000/out/2/2/1/0/37","416"
"2026-08-14T10:00:24.478Z","IN","m360/DF/0000/out/2/3/1/0/37","1020"
"2026-08-14T10:00:24.479Z","IN","m360/DF/0000/out/2/3/1/0/37","1020"
"2026-08-14T10:00:24.485Z","IN","m360/DF/0000/out/2/4/1/0/37","1020"
"2026-08-14T10:00:24.486Z","IN","m360/DF/0000/out/2/4/1/0/37","1020"
"2026-08-14T10:00:24.858Z","IN","m360/DF/0000/out/2/5/1/0/37","638"
"2026-08-14T10:00:24.859Z","IN","m360/DF/0000/out/2/5/1/0/37","638"
"2026-08-14T10:00:24.925Z","IN","m360/DF/0000/out/2/6/1/0/37","406"
"2026-08-14T10:00:24.925Z","IN","m360/DF/0000/out/2/6/1/0/37","406"
"2026-08-14T10:00:29.734Z","IN","m360/DF/0000/out","{""nodeId"":0,""sensorId"":255,""command"":3,""ack"":0,""type"":22,""payload"":"""",""timestamp"":45184,""description"":""heartbeat"",""event"":""heartbeat"",""uptime"":45184,""rssi"":-66,""wifiRssi"":-66,""batteryLevel"":100,""ip"":""192.168.1.2"",""version"":""2.0"",""source"":""gateway""}"
"2026-08-14T10:00:29.734Z","IN","m360/DF/0000/out","{""nodeId"":0,""sensorId"":255,""command"":3,""ack"":0,""type"":22,""payload"":"""",""timestamp"":45184,""description"":""heartbeat"",""event"":""heartbeat"",""uptime"":45184,""rssi"":-66,""wifiRssi"":-66,""batteryLevel"":100,""ip"":""192.168.1.2"",""version"":""2.0"",""source"":""gateway""}"
"2026-08-14T10:00:29.792Z","IN","m360/DF/0000/gateway/status","{""timestamp"":45184,""isConnected"":true,""connectionTime"":45176,""reconnectCount"":0,""lastErrorCode"":0,""uptime"":45184,""source"":""gateway"",""type"":""mqtt_metrics""}"
"2026-08-14T10:00:55.759Z","IN","m360/DF/0000/out/1/1/1/0/37","321"
"2026-08-14T10:00:55.760Z","IN","m360/DF/0000/out/1/1/1/0/37","321"
"2026-08-14T10:00:55.880Z","IN","m360/DF/0000/out/1/2/1/0/37","325"
"2026-08-14T10:00:55.880Z","IN","m360/DF/0000/out/1/2/1/0/37","325"
"2026-08-14T10:00:55.887Z","IN","m360/DF/0000/out/1/3/1/0/37","135"
"2026-08-14T10:00:55.887Z","IN","m360/DF/0000/out/1/3/1/0/37","135"
"2026-08-14T10:00:56.258Z","IN","m360/DF/0000/out/1/4/1/0/37","397"
"2026-08-14T10:00:56.258Z","IN","m360/DF/0000/out/1/4/1/0/37","397"
"2026-08-14T10:00:56.338Z","IN","m360/DF/0000/out/1/5/1/0/37","323"
"2026-08-14T10:00:56.338Z","IN","m360/DF/0000/out/1/5/1/0/37","323"
"2026-08-14T10:00:56.338Z","IN","m360/DF/0000/out/1/6/1/0/37","265"
"2026-08-14T10:00:56.339Z","IN","m360/DF/0000/out/1/6/1/0/37","265"
"2026-08-14T10:01:24.345Z","IN","m360/DF/0000/out/2/1/1/0/37","118"
"2026-08-14T10:01:24.345Z","IN","m360/DF/0000/out/2/1/1/0/37","118"
"2026-08-14T10:01:24.479Z","IN","m360/DF/0000/out/2/2/1/0/37","451"
"2026-08-14T10:01:24.480Z","IN","m360/DF/0000/out/2/2/1/0/37","451"
"2026-08-14T10:01:24.484Z","IN","m360/DF/0000/out/2/3/1/0/37","1023"
"2026-08-14T10:01:24.484Z","IN","m360/DF/0000/out/2/3/1/0/37","1023"
"2026-08-14T10:01:24.867Z","IN","m360/DF/0000/out/2/5/1/0/37","628"
"2026-08-14T10:01:24.867Z","IN","m360/DF/0000/out/2/5/1/0/37","628"
"2026-08-14T10:01:24.867Z","IN","m360/DF/0000/out/2/6/1/0/37","397"
"2026-08-14T10:01:24.867Z","IN","m360/DF/0000/out/2/6/1/0/37","397"
"2026-08-14T10:01:29.737Z","IN","m360/DF/0000/out","{""nodeId"":0,""sensorId"":255,""command"":3,""ack"":0,""type"":22,""payload"":"""",""timestamp"":45244,""description"":""heartbeat"",""event"":""heartbeat"",""uptime"":45244,""rssi"":-65,""wifiRssi"":-65,""batteryLevel"":100,""ip"":""192.168.1.2"",""version"":""2.0"",""source"":""gateway""}"
"2026-08-14T10:01:29.737Z","IN","m360/DF/0000/out","{""nodeId"":0,""sensorId"":255,""command"":3,""ack"":0,""type"":22,""payload"":"""",""timestamp"":45244,""description"":""heartbeat"",""event"":""heartbeat"",""uptime"":45244,""rssi"":-65,""wifiRssi"":-65,""batteryLevel"":100,""ip"":""192.168.1.2"",""version"":""2.0"",""source"":""gateway""}"
"2026-08-14T10:01:29.797Z","IN","m360/DF/0000/gateway/status","{""timestamp"":45244,""isConnected"":true,""connectionTime"":45236,""reconnectCount"":0,""lastErrorCode"":0,""uptime"":45244,""source"":""gateway"",""type"":""mqtt_metrics""}"
"2026-08-14T10:01:55.843Z","IN","m360/DF/0000/out/1/1/1/0/37","328"
"2026-08-14T10:01:55.844Z","IN","m360/DF/0000/out/1/1/1/0/37","328"
"2026-08-14T10:01:55.935Z","IN","m360/DF/0000/out/1/2/1/0/37","324"
"2026-08-14T10:01:55.935Z","IN","m360/DF/0000/out/1/2/1/0/37","324"
"2026-08-14T10:01:56.263Z","IN","m360/DF/0000/out/1/3/1/0/37","131"
"2026-08-14T10:01:56.264Z","IN","m360/DF/0000/out/1/3/1/0/37","131"
"2026-08-14T10:01:56.264Z","IN","m360/DF/0000/out/1/4/1/0/37","406"
"2026-08-14T10:01:56.264Z","IN","m360/DF/0000/out/1/4/1/0/37","406"
"2026-08-14T10:01:56.264Z","IN","m360/DF/0000/out/1/5/1/0/37","331"
"2026-08-14T10:01:56.264Z","IN","m360/DF/0000/out/1/5/1/0/37","331"
"2026-08-14T10:01:56.264Z","IN","m360/DF/0000/out/1/6/1/0/37","266"
"2026-08-14T10:01:56.264Z","IN","m360/DF/0000/out/1/6/1/0/37","266"
"2026-08-14T10:02:24.357Z","IN","m360/DF/0000/out/2/1/1/0/37","154"
"2026-08-14T10:02:24.357Z","IN","m360/DF/0000/out/2/1/1/0/37","154"
"2026-08-14T10:02:24.458Z","IN","m360/DF/0000/out/2/2/1/0/37","438"
"2026-08-14T10:02:24.458Z","IN","m360/DF/0000/out/2/2/1/0/37","438"
"2026-08-14T10:02:24.753Z","IN","m360/DF/0000/out/2/3/1/0/37","1013"
"2026-08-14T10:02:24.753Z","IN","m360/DF/0000/out/2/3/1/0/37","1013"
"2026-08-14T10:02:24.755Z","IN","m360/DF/0000/out/2/5/1/0/37","636"
"2026-08-14T10:02:24.755Z","IN","m360/DF/0000/out/2/5/1/0/37","636"
"2026-08-14T10:02:24.755Z","IN","m360/DF/0000/out/2/6/1/0/37","401"
"2026-08-14T10:02:24.755Z","IN","m360/DF/0000/out/2/6/1/0/37","401"
"2026-08-14T10:02:29.741Z","IN","m360/DF/0000/out","{""nodeId"":0,""sensorId"":255,""command"":3,""ack"":0,""type"":22,""payload"":"""",""timestamp"":45304,""description"":""heartbeat"",""event"":""heartbeat"",""uptime"":45304,""rssi"":-65,""wifiRssi"":-65,""batteryLevel"":100,""ip"":""192.168.1.2"",""version"":""2.0"",""source"":""gateway""}"
"2026-08-14T10:02:29.741Z","IN","m360/DF/0000/out","{""nodeId"":0,""sensorId"":255,""command"":3,""ack"":0,""type"":22,""payload"":"""",""timestamp"":45304,""description"":""heartbeat"",""event"":""heartbeat"",""uptime"":45304,""rssi"":-65,""wifiRssi"":-65,""batteryLevel"":100,""ip"":""192.168.1.2"",""version"":""2.0"",""source"":""gateway""}"
"2026-08-14T10:02:29.799Z","IN","m360/DF/0000/gateway/status","{""timestamp"":45304,""isConnected"":true,""connectionTime"":45296,""reconnectCount"":0,""lastErrorCode"":0,""uptime"":45304,""source"":""gateway"",""type"":""mqtt_metrics""}"
"2026-08-14T10:02:55.902Z","IN","m360/DF/0000/out/1/1/1/0/37","326"
"2026-08-14T10:02:55.902Z","IN","m360/DF/0000/out/1/1/1/0/37","326"
"2026-08-14T10:02:56.019Z","IN","m360/DF/0000/out/1/2/1/0/37","333"
"2026-08-14T10:02:56.020Z","IN","m360/DF/0000/out/1/2/1/0/37","333"
"2026-08-14T10:02:56.025Z","IN","m360/DF/0000/out/1/3/1/0/37","132"
"2026-08-14T10:02:56.027Z","IN","m360/DF/0000/out/1/3/1/0/37","132"
"2026-08-14T10:02:56.483Z","IN","m360/DF/0000/out/1/4/1/0/37","436"
"2026-08-14T10:02:56.483Z","IN","m360/DF/0000/out/1/4/1/0/37","436"
"2026-08-14T10:02:56.483Z","IN","m360/DF/0000/out/1/5/1/0/37","380"
"2026-08-14T10:02:56.483Z","IN","m360/DF/0000/out/1/5/1/0/37","380"
"2026-08-14T10:02:56.483Z","IN","m360/DF/0000/out/1/6/1/0/37","271"
"2026-08-14T10:02:56.483Z","IN","m360/DF/0000/out/1/6/1/0/37","271"
"2026-08-14T10:03:24.367Z","IN","m360/DF/0000/out/2/1/1/0/37","114"
"2026-08-14T10:03:24.367Z","IN","m360/DF/0000/out/2/1/1/0/37","114"
"2026-08-14T10:03:24.479Z","IN","m360/DF/0000/out/2/2/1/0/37","474"
"2026-08-14T10:03:24.480Z","IN","m360/DF/0000/out/2/2/1/0/37","474"
"2026-08-14T10:03:24.482Z","IN","m360/DF/0000/out/2/3/1/0/37","1020"
"2026-08-14T10:03:24.483Z","IN","m360/DF/0000/out/2/3/1/0/37","1020"
"2026-08-14T10:03:24.819Z","IN","m360/DF/0000/out/2/5/1/0/37","645"
"2026-08-14T10:03:24.819Z","IN","m360/DF/0000/out/2/5/1/0/37","645"
"2026-08-14T10:03:24.819Z","IN","m360/DF/0000/out/2/6/1/0/37","403"
"2026-08-14T10:03:24.819Z","IN","m360/DF/0000/out/2/6/1/0/37","403"
"2026-08-14T10:03:29.745Z","IN","m360/DF/0000/out","{""nodeId"":0,""sensorId"":255,""command"":3,""ack"":0,""type"":22,""payload"":"""",""timestamp"":45364,""description"":""heartbeat"",""event"":""heartbeat"",""uptime"":45364,""rssi"":-65,""wifiRssi"":-65,""batteryLevel"":100,""ip"":""192.168.1.2"",""version"":""2.0"",""source"":""gateway""}"
"2026-08-14T10:03:29.745Z","IN","m360/DF/0000/out","{""nodeId"":0,""sensorId"":255,""command"":3,""ack"":0,""type"":22,""payload"":"""",""timestamp"":45364,""description"":""heartbeat"",""event"":""heartbeat"",""uptime"":45364,""rssi"":-65,""wifiRssi"":-65,""batteryLevel"":100,""ip"":""192.168.1.2"",""version"":""2.0"",""source"":""gateway""}"
"2026-08-14T10:03:29.803Z","IN","m360/DF/0000/gateway/status","{""timestamp"":45364,""isConnected"":true,""connectionTime"":45356,""reconnectCount"":0,""lastErrorCode"":0,""uptime"":45364,""source"":""gateway"",""type"":""mqtt_metrics""}"
"2026-08-14T10:04:29.754Z","IN","m360/DF/0000/out/events","{""event"":""node_lost"",""nodeId"":99,""timestamp"":45424,""rssi"":-65,""details"":""Inactivity detected: timeout 300 s""}"
"2026-08-14T10:04:29.754Z","IN","m360/DF/0000/out/events","{""event"":""node_lost"",""nodeId"":99,""timestamp"":45424,""rssi"":-65,""details"":""Inactivity detected: timeout 300 s""}"
"2026-08-14T10:04:29.815Z","IN","m360/DF/0000/out","{""nodeId"":0,""sensorId"":255,""command"":3,""ack"":0,""type"":22,""payload"":"""",""timestamp"":45424,""description"":""heartbeat"",""event"":""heartbeat"",""uptime"":45424,""rssi"":-65,""wifiRssi"":-65,""batteryLevel"":100,""ip"":""192.168.1.2"",""version"":""2.0"",""source"":""gateway""}"
"2026-08-14T10:04:29.815Z","IN","m360/DF/0000/out","{""nodeId"":0,""sensorId"":255,""command"":3,""ack"":0,""type"":22,""payload"":"""",""timestamp"":45424,""description"":""heartbeat"",""event"":""heartbeat"",""uptime"":45424,""rssi"":-65,""wifiRssi"":-65,""batteryLevel"":100,""ip"":""192.168.1.2"",""version"":""2.0"",""source"":""gateway""}"
"2026-08-14T10:04:29.815Z","IN","m360/DF/0000/gateway/status","{""timestamp"":45424,""isConnected"":true,""connectionTime"":45416,""reconnectCount"":0,""lastErrorCode"":0,""uptime"":45424,""source"":""gateway"",""type"":""mqtt_metrics""}"
"2026-08-14T10:05:24.375Z","IN","m360/DF/0000/out/2/1/1/0/37","112"
"2026-08-14T10:05:24.376Z","IN","m360/DF/0000/out/2/1/1/0/37","112"
"2026-08-14T10:05:24.487Z","IN","m360/DF/0000/out/2/2/1/0/37","444"
"2026-08-14T10:05:24.490Z","IN","m360/DF/0000/out/2/2/1/0/37","444"
"2026-08-14T10:05:24.518Z","IN","m360/DF/0000/out/2/3/1/0/37","1020"
"2026-08-14T10:05:24.519Z","IN","m360/DF/0000/out/2/3/1/0/37","1020"
"2026-08-14T10:05:24.922Z","IN","m360/DF/0000/out/2/5/1/0/37","641"
"2026-08-14T10:05:24.922Z","IN","m360/DF/0000/out/2/5/1/0/37","641"
"2026-08-14T10:05:24.922Z","IN","m360/DF/0000/out/2/6/1/0/37","496"
"2026-08-14T10:05:24.922Z","IN","m360/DF/0000/out/2/6/1/0/37","496"
"2026-08-14T10:05:29.755Z","IN","m360/DF/0000/out","{""nodeId"":0,""sensorId"":255,""command"":3,""ack"":0,""type"":22,""payload"":"""",""timestamp"":45484,""description"":""heartbeat"",""event"":""heartbeat"",""uptime"":45484,""rssi"":-65,""wifiRssi"":-65,""batteryLevel"":100,""ip"":""192.168.1.2"",""version"":""2.0"",""source"":""gateway""}"
"2026-08-14T10:05:29.756Z","IN","m360/DF/0000/out","{""nodeId"":0,""sensorId"":255,""command"":3,""ack"":0,""type"":22,""payload"":"""",""timestamp"":45484,""description"":""heartbeat"",""event"":""heartbeat"",""uptime"":45484,""rssi"":-65,""wifiRssi"":-65,""batteryLevel"":100,""ip"":""192.168.1.2"",""version"":""2.0"",""source"":""gateway""}"
"2026-08-14T10:05:29.819Z","IN","m360/DF/0000/gateway/status","{""timestamp"":45484,""isConnected"":true,""connectionTime"":45476,""reconnectCount"":0,""lastErrorCode"":0,""uptime"":45484,""source"":""gateway"",""type"":""mqtt_metrics""}"
"2026-08-14T10:05:54.435Z","IN","m360/DF/0000/out/events","{""event"":""node_reconnected"",""nodeId"":99,""timestamp"":45508,""rssi"":-64,""details"":""Node back online or discovered""}"
"2026-08-14T10:05:54.435Z","IN","m360/DF/0000/out/events","{""event"":""node_reconnected"",""nodeId"":99,""timestamp"":45508,""rssi"":-64,""details"":""Node back online or discovered""}"
"2026-08-14T10:05:54.495Z","IN","m360/DF/0000/out/99/11/1/0/0","15"
"2026-08-14T10:05:54.496Z","IN","m360/DF/0000/out/99/11/1/0/0","15"
"2026-08-14T10:05:54.497Z","IN","m360/DF/0000/out/99/12/1/0/1","20"
"2026-08-14T10:05:54.497Z","IN","m360/DF/0000/out/99/12/1/0/1","20"
"2026-08-14T10:06:24.402Z","IN","m360/DF/0000/out/2/1/1/0/37","116"
"2026-08-14T10:06:24.402Z","IN","m360/DF/0000/out/2/1/1/0/37","116"
"2026-08-14T10:06:24.497Z","IN","m360/DF/0000/out/2/2/1/0/37","440"
"2026-08-14T10:06:24.521Z","IN","m360/DF/0000/out/2/2/1/0/37","440"
"2026-08-14T10:06:24.781Z","IN","m360/DF/0000/out/2/5/1/0/37","633"
"2026-08-14T10:06:24.781Z","IN","m360/DF/0000/out/2/5/1/0/37","633"
"2026-08-14T10:06:24.781Z","IN","m360/DF/0000/out/2/6/1/0/37","403"
"2026-08-14T10:06:24.781Z","IN","m360/DF/0000/out/2/6/1/0/37","403"
"2026-08-14T10:06:29.758Z","IN","m360/DF/0000/out","{""nodeId"":0,""sensorId"":255,""command"":3,""ack"":0,""type"":22,""payload"":"""",""timestamp"":45544,""description"":""heartbeat"",""event"":""heartbeat"",""uptime"":45544,""rssi"":-64,""wifiRssi"":-64,""batteryLevel"":100,""ip"":""192.168.1.2"",""version"":""2.0"",""source"":""gateway""}"
"2026-08-14T10:06:29.759Z","IN","m360/DF/0000/out","{""nodeId"":0,""sensorId"":255,""command"":3,""ack"":0,""type"":22,""payload"":"""",""timestamp"":45544,""description"":""heartbeat"",""event"":""heartbeat"",""uptime"":45544,""rssi"":-64,""wifiRssi"":-64,""batteryLevel"":100,""ip"":""192.168.1.2"",""version"":""2.0"",""source"":""gateway""}"
"2026-08-14T10:06:29.819Z","IN","m360/DF/0000/gateway/status","{""timestamp"":45544,""isConnected"":true,""connectionTime"":45536,""reconnectCount"":0,""lastErrorCode"":0,""uptime"":45544,""source"":""gateway"",""type"":""mqtt_metrics""}"
"2026-08-14T10:07:24.415Z","IN","m360/DF/0000/out/2/1/1/0/37","114"
"2026-08-14T10:07:24.416Z","IN","m360/DF/0000/out/2/1/1/0/37","114"
"2026-08-14T10:07:24.639Z","IN","m360/DF/0000/out/2/2/1/0/37","437"
"2026-08-14T10:07:24.640Z","IN","m360/DF/0000/out/2/2/1/0/37","437"
"2026-08-14T10:07:24.643Z","IN","m360/DF/0000/out/2/5/1/0/37","636"
"2026-08-14T10:07:24.643Z","IN","m360/DF/0000/out/2/5/1/0/37","636"
"2026-08-14T10:07:24.643Z","IN","m360/DF/0000/out/2/6/1/0/37","399"
"2026-08-14T10:07:24.643Z","IN","m360/DF/0000/out/2/6/1/0/37","399"
"2026-08-14T10:07:29.763Z","IN","m360/DF/0000/out","{""nodeId"":0,""sensorId"":255,""command"":3,""ack"":0,""type"":22,""payload"":"""",""timestamp"":45604,""description"":""heartbeat"",""event"":""heartbeat"",""uptime"":45604,""rssi"":-65,""wifiRssi"":-65,""batteryLevel"":100,""ip"":""192.168.1.2"",""version"":""2.0"",""source"":""gateway""}"
"2026-08-14T10:07:29.763Z","IN","m360/DF/0000/out","{""nodeId"":0,""sensorId"":255,""command"":3,""ack"":0,""type"":22,""payload"":"""",""timestamp"":45604,""description"":""heartbeat"",""event"":""heartbeat"",""uptime"":45604,""rssi"":-65,""wifiRssi"":-65,""batteryLevel"":100,""ip"":""192.168.1.2"",""version"":""2.0"",""source"":""gateway""}"
"2026-08-14T10:07:29.917Z","IN","m360/DF/0000/gateway/status","{""timestamp"":45604,""isConnected"":true,""connectionTime"":45596,""reconnectCount"":0,""lastErrorCode"":0,""uptime"":45604,""source"":""gateway"",""type"":""mqtt_metrics""}"
"2026-08-14T10:07:54.283Z","IN","m360/DF/0000/out/99/11/1/0/0","16"
"2026-08-14T10:07:54.285Z","IN","m360/DF/0000/out/99/11/1/0/0","16"
"2026-08-14T10:08:24.441Z","IN","m360/DF/0000/out/2/1/1/0/37","116"
"2026-08-14T10:08:24.441Z","IN","m360/DF/0000/out/2/1/1/0/37","116"
"2026-08-14T10:08:24.620Z","IN","m360/DF/0000/out/2/2/1/0/37","440"
"2026-08-14T10:08:24.620Z","IN","m360/DF/0000/out/2/2/1/0/37","440"
"2026-08-14T10:08:24.621Z","IN","m360/DF/0000/out/2/4/1/0/37","1018"
"2026-08-14T10:08:24.621Z","IN","m360/DF/0000/out/2/4/1/0/37","1018"
"2026-08-14T10:08:24.621Z","IN","m360/DF/0000/out/2/5/1/0/37","640"
"2026-08-14T10:08:24.622Z","IN","m360/DF/0000/out/2/5/1/0/37","640"
"2026-08-14T10:08:24.861Z","IN","m360/DF/0000/out/2/6/1/0/37","421"
"2026-08-14T10:08:24.861Z","IN","m360/DF/0000/out/2/6/1/0/37","421"
"2026-08-14T10:08:29.772Z","IN","m360/DF/0000/out/events","{""event"":""node_lost"",""nodeId"":1,""timestamp"":45664,""rssi"":-64,""details"":""Inactivity detected: timeout 300 s""}"
"2026-08-14T10:08:29.772Z","IN","m360/DF/0000/out/events","{""event"":""node_lost"",""nodeId"":1,""timestamp"":45664,""rssi"":-64,""details"":""Inactivity detected: timeout 300 s""}"
"2026-08-14T10:08:29.840Z","IN","m360/DF/0000/out","{""nodeId"":0,""sensorId"":255,""command"":3,""ack"":0,""type"":22,""payload"":"""",""timestamp"":45664,""description"":""heartbeat"",""event"":""heartbeat"",""uptime"":45664,""rssi"":-64,""wifiRssi"":-64,""batteryLevel"":100,""ip"":""192.168.1.2"",""version"":""2.0"",""source"":""gateway""}"
"2026-08-14T10:08:29.840Z","IN","m360/DF/0000/out","{""nodeId"":0,""sensorId"":255,""command"":3,""ack"":0,""type"":22,""payload"":"""",""timestamp"":45664,""description"":""heartbeat"",""event"":""heartbeat"",""uptime"":45664,""rssi"":-64,""wifiRssi"":-64,""batteryLevel"":100,""ip"":""192.168.1.2"",""version"":""2.0"",""source"":""gateway""}"
"2026-08-14T10:08:29.841Z","IN","m360/DF/0000/gateway/status","{""timestamp"":45664,""isConnected"":true,""connectionTime"":45656,""reconnectCount"":0,""lastErrorCode"":0,""uptime"":45664,""source"":""gateway"",""type"":""mqtt_metrics""}"
"2026-08-14T10:08:56.285Z","IN","m360/DF/0000/out/events","{""event"":""node_reconnected"",""nodeId"":1,""timestamp"":45690,""rssi"":-64,""details"":""Node back online or discovered""}"
"2026-08-14T10:08:56.285Z","IN","m360/DF/0000/out/events","{""event"":""node_reconnected"",""nodeId"":1,""timestamp"":45690,""rssi"":-64,""details"":""Node back online or discovered""}"
"2026-08-14T10:08:56.347Z","IN","m360/DF/0000/out/1/1/1/0/37","321"
"2026-08-14T10:08:56.347Z","IN","m360/DF/0000/out/1/1/1/0/37","321"
"2026-08-14T10:08:56.347Z","IN","m360/DF/0000/out/1/2/1/0/37","327"
"2026-08-14T10:08:56.349Z","IN","m360/DF/0000/out/1/2/1/0/37","327"
"2026-08-14T10:08:56.654Z","IN","m360/DF/0000/out/1/3/1/0/37","133"
"2026-08-14T10:08:56.654Z","IN","m360/DF/0000/out/1/3/1/0/37","133"
"2026-08-14T10:08:56.759Z","IN","m360/DF/0000/out/1/4/1/0/37","412"
"2026-08-14T10:08:56.759Z","IN","m360/DF/0000/out/1/4/1/0/37","412"
"2026-08-14T10:08:56.761Z","IN","m360/DF/0000/out/1/5/1/0/37","335"
"2026-08-14T10:08:56.761Z","IN","m360/DF/0000/out/1/5/1/0/37","335"
"2026-08-14T10:08:56.761Z","IN","m360/DF/0000/out/1/6/1/0/37","267"
"2026-08-14T10:08:56.761Z","IN","m360/DF/0000/out/1/6/1/0/37","267"
"2026-08-14T10:09:24.423Z","IN","m360/DF/0000/out/2/1/1/0/37","114"
"2026-08-14T10:09:24.424Z","IN","m360/DF/0000/out/2/1/1/0/37","114"
"2026-08-14T10:09:24.523Z","IN","m360/DF/0000/out/2/2/1/0/37","438"
"2026-08-14T10:09:24.523Z","IN","m360/DF/0000/out/2/2/1/0/37","438"
"2026-08-14T10:09:24.827Z","IN","m360/DF/0000/out/2/3/1/0/37","1022"
"2026-08-14T10:09:24.827Z","IN","m360/DF/0000/out/2/3/1/0/37","1022"
"2026-08-14T10:09:24.827Z","IN","m360/DF/0000/out/2/4/1/0/37","1020"
"2026-08-14T10:09:24.827Z","IN","m360/DF/0000/out/2/4/1/0/37","1020"
"2026-08-14T10:09:24.827Z","IN","m360/DF/0000/out/2/5/1/0/37","635"
"2026-08-14T10:09:24.828Z","IN","m360/DF/0000/out/2/5/1/0/37","635"
"2026-08-14T10:09:24.828Z","IN","m360/DF/0000/out/2/6/1/0/37","416"
"2026-08-14T10:09:24.828Z","IN","m360/DF/0000/out/2/6/1/0/37","416"
"2026-08-14T10:09:29.774Z","IN","m360/DF/0000/out","{""nodeId"":0,""sensorId"":255,""command"":3,""ack"":0,""type"":22,""payload"":"""",""timestamp"":45724,""description"":""heartbeat"",""event"":""heartbeat"",""uptime"":45724,""rssi"":-64,""wifiRssi"":-64,""batteryLevel"":100,""ip"":""192.168.1.2"",""version"":""2.0"",""source"":""gateway""}"
"2026-08-14T10:09:29.774Z","IN","m360/DF/0000/out","{""nodeId"":0,""sensorId"":255,""command"":3,""ack"":0,""type"":22,""payload"":"""",""timestamp"":45724,""description"":""heartbeat"",""event"":""heartbeat"",""uptime"":45724,""rssi"":-64,""wifiRssi"":-64,""batteryLevel"":100,""ip"":""192.168.1.2"",""version"":""2.0"",""source"":""gateway""}"
"2026-08-14T10:09:29.831Z","IN","m360/DF/0000/gateway/status","{""timestamp"":45724,""isConnected"":true,""connectionTime"":45716,""reconnectCount"":0,""lastErrorCode"":0,""uptime"":45724,""source"":""gateway"",""type"":""mqtt_metrics""}"
"2026-08-14T10:09:54.143Z","IN","m360/DF/0000/out/99/21/1/0/24","0"
"2026-08-14T10:09:54.143Z","IN","m360/DF/0000/out/99/21/1/0/24","0"
"2026-08-14T10:10:24.439Z","IN","m360/DF/0000/out/2/1/1/0/37","107"
"2026-08-14T10:10:24.441Z","IN","m360/DF/0000/out/2/1/1/0/37","107"
"2026-08-14T10:10:24.571Z","IN","m360/DF/0000/out/2/2/1/0/37","440"
"2026-08-14T10:10:24.572Z","IN","m360/DF/0000/out/2/2/1/0/37","440"
"2026-08-14T10:10:24.574Z","IN","m360/DF/0000/out/2/3/1/0/37","1020"
"2026-08-14T10:10:24.574Z","IN","m360/DF/0000/out/2/3/1/0/37","1020"
"2026-08-14T10:10:24.970Z","IN","m360/DF/0000/out/2/5/1/0/37","631"
"2026-08-14T10:10:24.970Z","IN","m360/DF/0000/out/2/5/1/0/37","631"
"2026-08-14T10:10:24.970Z","IN","m360/DF/0000/out/2/6/1/0/37","415"
"2026-08-14T10:10:24.970Z","IN","m360/DF/0000/out/2/6/1/0/37","415"
"2026-08-14T10:10:29.780Z","IN","m360/DF/0000/out","{""nodeId"":0,""sensorId"":255,""command"":3,""ack"":0,""type"":22,""payload"":"""",""timestamp"":45784,""description"":""heartbeat"",""event"":""heartbeat"",""uptime"":45784,""rssi"":-64,""wifiRssi"":-64,""batteryLevel"":100,""ip"":""192.168.1.2"",""version"":""2.0"",""source"":""gateway""}"
"2026-08-14T10:10:29.780Z","IN","m360/DF/0000/out","{""nodeId"":0,""sensorId"":255,""command"":3,""ack"":0,""type"":22,""payload"":"""",""timestamp"":45784,""description"":""heartbeat"",""event"":""heartbeat"",""uptime"":45784,""rssi"":-64,""wifiRssi"":-64,""batteryLevel"":100,""ip"":""192.168.1.2"",""version"":""2.0"",""source"":""gateway""}"
"2026-08-14T10:10:29.839Z","IN","m360/DF/0000/gateway/status","{""timestamp"":45784,""isConnected"":true,""connectionTime"":45776,""reconnectCount"":0,""lastErrorCode"":0,""uptime"":45784,""source"":""gateway"",""type"":""mqtt_metrics""}"
"2026-08-14T10:11:24.466Z","IN","m360/DF/0000/out/2/1/1/0/37","113"
"2026-08-14T10:11:24.466Z","IN","m360/DF/0000/out/2/1/1/0/37","113"
"2026-08-14T10:11:24.577Z","IN","m360/DF/0000/out/2/2/1/0/37","456"
"2026-08-14T10:11:24.582Z","IN","m360/DF/0000/out/2/2/1/0/37","456"
"2026-08-14T10:11:24.874Z","IN","m360/DF/0000/out/2/5/1/0/37","637"
"2026-08-14T10:11:24.874Z","IN","m360/DF/0000/out/2/5/1/0/37","637"
"2026-08-14T10:11:24.876Z","IN","m360/DF/0000/out/2/6/1/0/37","423"
"2026-08-14T10:11:24.876Z","IN","m360/DF/0000/out/2/6/1/0/37","423"
"2026-08-14T10:11:29.781Z","IN","m360/DF/0000/out","{""nodeId"":0,""sensorId"":255,""command"":3,""ack"":0,""type"":22,""payload"":"""",""timestamp"":45844,""description"":""heartbeat"",""event"":""heartbeat"",""uptime"":45844,""rssi"":-63,""wifiRssi"":-63,""batteryLevel"":100,""ip"":""192.168.1.2"",""version"":""2.0"",""source"":""gateway""}"
"2026-08-14T10:11:29.781Z","IN","m360/DF/0000/out","{""nodeId"":0,""sensorId"":255,""command"":3,""ack"":0,""type"":22,""payload"":"""",""timestamp"":45844,""description"":""heartbeat"",""event"":""heartbeat"",""uptime"":45844,""rssi"":-63,""wifiRssi"":-63,""batteryLevel"":100,""ip"":""192.168.1.2"",""version"":""2.0"",""source"":""gateway""}"
"2026-08-14T10:11:29.842Z","IN","m360/DF/0000/gateway/status","{""timestamp"":45844,""isConnected"":true,""connectionTime"":45836,""reconnectCount"":0,""lastErrorCode"":0,""uptime"":45844,""source"":""gateway"",""type"":""mqtt_metrics""}"
"2026-08-14T10:12:24.453Z","IN","m360/DF/0000/out/2/1/1/0/37","114"
"2026-08-14T10:12:24.454Z","IN","m360/DF/0000/out/2/1/1/0/37","114"
"2026-08-14T10:12:24.628Z","IN","m360/DF/0000/out/2/2/1/0/37","585"
"2026-08-14T10:12:24.628Z","IN","m360/DF/0000/out/2/2/1/0/37","585"
"2026-08-14T10:12:24.629Z","IN","m360/DF/0000/out/2/5/1/0/37","648"
"2026-08-14T10:12:24.629Z","IN","m360/DF/0000/out/2/5/1/0/37","648"
"2026-08-14T10:12:24.629Z","IN","m360/DF/0000/out/2/6/1/0/37","421"
"2026-08-14T10:12:24.629Z","IN","m360/DF/0000/out/2/6/1/0/37","421"
"2026-08-14T10:12:29.786Z","IN","m360/DF/0000/out","{""nodeId"":0,""sensorId"":255,""command"":3,""ack"":0,""type"":22,""payload"":"""",""timestamp"":45904,""description"":""heartbeat"",""event"":""heartbeat"",""uptime"":45904,""rssi"":-64,""wifiRssi"":-64,""batteryLevel"":100,""ip"":""192.168.1.2"",""version"":""2.0"",""source"":""gateway""}"
"2026-08-14T10:12:29.786Z","IN","m360/DF/0000/out","{""nodeId"":0,""sensorId"":255,""command"":3,""ack"":0,""type"":22,""payload"":"""",""timestamp"":45904,""description"":""heartbeat"",""event"":""heartbeat"",""uptime"":45904,""rssi"":-64,""wifiRssi"":-64,""batteryLevel"":100,""ip"":""192.168.1.2"",""version"":""2.0"",""source"":""gateway""}"
"2026-08-14T10:12:29.852Z","IN","m360/DF/0000/gateway/status","{""timestamp"":45904,""isConnected"":true,""connectionTime"":45896,""reconnectCount"":0,""lastErrorCode"":0,""uptime"":45904,""source"":""gateway"",""type"":""mqtt_metrics""}"
"2026-08-14T10:13:24.814Z","IN","m360/DF/0000/out/2/1/1/0/37","122"
"2026-08-14T10:13:24.814Z","IN","m360/DF/0000/out/2/1/1/0/37","122"
"2026-08-14T10:13:25.144Z","IN","m360/DF/0000/out/2/2/1/0/37","373"
"2026-08-14T10:13:25.144Z","IN","m360/DF/0000/out/2/2/1/0/37","373"
"2026-08-14T10:13:25.144Z","IN","m360/DF/0000/out/2/3/1/0/37","1019"
"2026-08-14T10:13:25.144Z","IN","m360/DF/0000/out/2/3/1/0/37","1019"
"2026-08-14T10:13:29.871Z","IN","m360/DF/0000/out","{""nodeId"":0,""sensorId"":255,""command"":3,""ack"":0,""type"":22,""payload"":"""",""timestamp"":45964,""description"":""heartbeat"",""event"":""heartbeat"",""uptime"":45964,""rssi"":-64,""wifiRssi"":-64,""batteryLevel"":100,""ip"":""192.168.1.2"",""version"":""2.0"",""source"":""gateway""}"
"2026-08-14T10:13:29.872Z","IN","m360/DF/0000/out","{""nodeId"":0,""sensorId"":255,""command"":3,""ack"":0,""type"":22,""payload"":"""",""timestamp"":45964,""description"":""heartbeat"",""event"":""heartbeat"",""uptime"":45964,""rssi"":-64,""wifiRssi"":-64,""batteryLevel"":100,""ip"":""192.168.1.2"",""version"":""2.0"",""source"":""gateway""}"
"2026-08-14T10:13:29.930Z","IN","m360/DF/0000/gateway/status","{""timestamp"":45964,""isConnected"":true,""connectionTime"":45956,""reconnectCount"":0,""lastErrorCode"":0,""uptime"":45964,""source"":""gateway"",""type"":""mqtt_metrics""}"
"2026-08-14T10:14:24.481Z","IN","m360/DF/0000/out/2/1/1/0/37","114"
"2026-08-14T10:14:24.481Z","IN","m360/DF/0000/out/2/1/1/0/37","114"
"2026-08-14T10:14:24.588Z","IN","m360/DF/0000/out/2/2/1/0/37","469"
"2026-08-14T10:14:24.590Z","IN","m360/DF/0000/out/2/2/1/0/37","469"
"2026-08-14T10:14:24.592Z","IN","m360/DF/0000/out/2/3/1/0/37","1020"
"2026-08-14T10:14:24.593Z","IN","m360/DF/0000/out/2/3/1/0/37","1020"
"2026-08-14T10:14:24.965Z","IN","m360/DF/0000/out/2/5/1/0/37","555"
"2026-08-14T10:14:24.965Z","IN","m360/DF/0000/out/2/5/1/0/37","555"
"2026-08-14T10:14:24.965Z","IN","m360/DF/0000/out/2/6/1/0/37","404"
"2026-08-14T10:14:24.965Z","IN","m360/DF/0000/out/2/6/1/0/37","404"
"2026-08-14T10:14:29.880Z","IN","m360/DF/0000/out/events","{""event"":""node_lost"",""nodeId"":1,""timestamp"":46024,""rssi"":-63,""details"":""Inactivity detected: timeout 300 s""}"
"2026-08-14T10:14:29.881Z","IN","m360/DF/0000/out/events","{""event"":""node_lost"",""nodeId"":1,""timestamp"":46024,""rssi"":-63,""details"":""Inactivity detected: timeout 300 s""}"
"2026-08-14T10:14:29.940Z","IN","m360/DF/0000/out","{""nodeId"":0,""sensorId"":255,""command"":3,""ack"":0,""type"":22,""payload"":"""",""timestamp"":46024,""description"":""heartbeat"",""event"":""heartbeat"",""uptime"":46024,""rssi"":-63,""wifiRssi"":-63,""batteryLevel"":100,""ip"":""192.168.1.2"",""version"":""2.0"",""source"":""gateway""}"
"2026-08-14T10:14:29.940Z","IN","m360/DF/0000/out","{""nodeId"":0,""sensorId"":255,""command"":3,""ack"":0,""type"":22,""payload"":"""",""timestamp"":46024,""description"":""heartbeat"",""event"":""heartbeat"",""uptime"":46024,""rssi"":-63,""wifiRssi"":-63,""batteryLevel"":100,""ip"":""192.168.1.2"",""version"":""2.0"",""source"":""gateway""}"
"2026-08-14T10:14:29.940Z","IN","m360/DF/0000/gateway/status","{""timestamp"":46024,""isConnected"":true,""connectionTime"":46016,""reconnectCount"":0,""lastErrorCode"":0,""uptime"":46024,""source"":""gateway"",""type"":""mqtt_metrics""}"
"2026-08-14T10:15:29.883Z","IN","m360/DF/0000/out/events","{""event"":""node_lost"",""nodeId"":99,""timestamp"":46084,""rssi"":-63,""details"":""Inactivity detected: timeout 300 s""}"
"2026-08-14T10:15:29.884Z","IN","m360/DF/0000/out/events","{""event"":""node_lost"",""nodeId"":99,""timestamp"":46084,""rssi"":-63,""details"":""Inactivity detected: timeout 300 s""}"
"2026-08-14T10:15:29.943Z","IN","m360/DF/0000/out","{""nodeId"":0,""sensorId"":255,""command"":3,""ack"":0,""type"":22,""payload"":"""",""timestamp"":46084,""description"":""heartbeat"",""event"":""heartbeat"",""uptime"":46084,""rssi"":-63,""wifiRssi"":-63,""batteryLevel"":100,""ip"":""192.168.1.2"",""version"":""2.0"",""source"":""gateway""}"
"2026-08-14T10:15:29.943Z","IN","m360/DF/0000/out","{""nodeId"":0,""sensorId"":255,""command"":3,""ack"":0,""type"":22,""payload"":"""",""timestamp"":46084,""description"":""heartbeat"",""event"":""heartbeat"",""uptime"":46084,""rssi"":-63,""wifiRssi"":-63,""batteryLevel"":100,""ip"":""192.168.1.2"",""version"":""2.0"",""source"":""gateway""}"
"2026-08-14T10:15:29.944Z","IN","m360/DF/0000/gateway/status","{""timestamp"":46084,""isConnected"":true,""connectionTime"":46076,""reconnectCount"":0,""lastErrorCode"":0,""uptime"":46084,""source"":""gateway"",""type"":""mqtt_metrics""}"
"2026-08-14T10:16:24.469Z","IN","m360/DF/0000/out/2/1/1/0/37","107"
"2026-08-14T10:16:24.470Z","IN","m360/DF/0000/out/2/1/1/0/37","107"
"2026-08-14T10:16:24.579Z","IN","m360/DF/0000/out/2/2/1/0/37","441"
"2026-08-14T10:16:24.581Z","IN","m360/DF/0000/out/2/2/1/0/37","441"
"2026-08-14T10:16:24.619Z","IN","m360/DF/0000/out/2/3/1/0/37","1019"
"2026-08-14T10:16:24.620Z","IN","m360/DF/0000/out/2/3/1/0/37","1019"
"2026-08-14T10:16:24.875Z","IN","m360/DF/0000/out/2/4/1/0/37","1022"
"2026-08-14T10:16:24.875Z","IN","m360/DF/0000/out/2/4/1/0/37","1022"
"2026-08-14T10:16:24.939Z","IN","m360/DF/0000/out/2/5/1/0/37","645"
"2026-08-14T10:16:24.939Z","IN","m360/DF/0000/out/2/5/1/0/37","645"
"2026-08-14T10:16:24.939Z","IN","m360/DF/0000/out/2/6/1/0/37","411"
"2026-08-14T10:16:24.939Z","IN","m360/DF/0000/out/2/6/1/0/37","411"
"2026-08-14T10:16:29.886Z","IN","m360/DF/0000/out","{""nodeId"":0,""sensorId"":255,""command"":3,""ack"":0,""type"":22,""payload"":"""",""timestamp"":46144,""description"":""heartbeat"",""event"":""heartbeat"",""uptime"":46144,""rssi"":-64,""wifiRssi"":-64,""batteryLevel"":100,""ip"":""192.168.1.2"",""version"":""2.0"",""source"":""gateway""}"
"2026-08-14T10:16:29.886Z","IN","m360/DF/0000/out","{""nodeId"":0,""sensorId"":255,""command"":3,""ack"":0,""type"":22,""payload"":"""",""timestamp"":46144,""description"":""heartbeat"",""event"":""heartbeat"",""uptime"":46144,""rssi"":-64,""wifiRssi"":-64,""batteryLevel"":100,""ip"":""192.168.1.2"",""version"":""2.0"",""source"":""gateway""}"
"2026-08-14T10:16:29.943Z","IN","m360/DF/0000/gateway/status","{""timestamp"":46144,""isConnected"":true,""connectionTime"":46136,""reconnectCount"":0,""lastErrorCode"":0,""uptime"":46144,""source"":""gateway"",""type"":""mqtt_metrics""}"
"2026-08-14T10:16:53.613Z","IN","m360/DF/0000/out/events","{""event"":""node_reconnected"",""nodeId"":99,""timestamp"":46167,""rssi"":-64,""details"":""Node back online or discovered""}"
"2026-08-14T10:16:53.613Z","IN","m360/DF/0000/out/events","{""event"":""node_reconnected"",""nodeId"":99,""timestamp"":46167,""rssi"":-64,""details"":""Node back online or discovered""}"
"2026-08-14T10:16:53.672Z","IN","m360/DF/0000/out/99/12/1/0/1","20"
"2026-08-14T10:16:53.672Z","IN","m360/DF/0000/out/99/12/1/0/1","20"
"2026-08-14T10:17:24.495Z","IN","m360/DF/0000/out/2/1/1/0/37","106"
"2026-08-14T10:17:24.495Z","IN","m360/DF/0000/out/2/1/1/0/37","106"
"2026-08-14T10:17:24.601Z","IN","m360/DF/0000/out/2/2/1/0/37","440"
"2026-08-14T10:17:24.602Z","IN","m360/DF/0000/out/2/2/1/0/37","440"
"2026-08-14T10:17:24.619Z","IN","m360/DF/0000/out/2/3/1/0/37","1020"
"2026-08-14T10:17:24.619Z","IN","m360/DF/0000/out/2/3/1/0/37","1020"
"2026-08-14T10:17:24.989Z","IN","m360/DF/0000/out/2/4/1/0/37","1018"
"2026-08-14T10:17:24.989Z","IN","m360/DF/0000/out/2/4/1/0/37","1018"
"2026-08-14T10:17:24.989Z","IN","m360/DF/0000/out/2/5/1/0/37","648"
"2026-08-14T10:17:24.990Z","IN","m360/DF/0000/out/2/5/1/0/37","648"
"2026-08-14T10:17:24.990Z","IN","m360/DF/0000/out/2/6/1/0/37","415"
"2026-08-14T10:17:24.990Z","IN","m360/DF/0000/out/2/6/1/0/37","415"
"2026-08-14T10:17:29.892Z","IN","m360/DF/0000/out","{""nodeId"":0,""sensorId"":255,""command"":3,""ack"":0,""type"":22,""payload"":"""",""timestamp"":46204,""description"":""heartbeat"",""event"":""heartbeat"",""uptime"":46204,""rssi"":-63,""wifiRssi"":-63,""batteryLevel"":100,""ip"":""192.168.1.2"",""version"":""2.0"",""source"":""gateway""}"
"2026-08-14T10:17:29.892Z","IN","m360/DF/0000/out","{""nodeId"":0,""sensorId"":255,""command"":3,""ack"":0,""type"":22,""payload"":"""",""timestamp"":46204,""description"":""heartbeat"",""event"":""heartbeat"",""uptime"":46204,""rssi"":-63,""wifiRssi"":-63,""batteryLevel"":100,""ip"":""192.168.1.2"",""version"":""2.0"",""source"":""gateway""}"
"2026-08-14T10:17:29.949Z","IN","m360/DF/0000/gateway/status","{""timestamp"":46204,""isConnected"":true,""connectionTime"":46196,""reconnectCount"":0,""lastErrorCode"":0,""uptime"":46204,""source"":""gateway"",""type"":""mqtt_metrics""}"
"2026-08-14T10:18:30.156Z","IN","m360/DF/0000/out","{""nodeId"":0,""sensorId"":255,""command"":3,""ack"":0,""type"":22,""payload"":"""",""timestamp"":46264,""description"":""heartbeat"",""event"":""heartbeat"",""uptime"":46264,""rssi"":-64,""wifiRssi"":-64,""batteryLevel"":100,""ip"":""192.168.1.2"",""version"":""2.0"",""source"":""gateway""}"
"2026-08-14T10:18:30.157Z","IN","m360/DF/0000/out","{""nodeId"":0,""sensorId"":255,""command"":3,""ack"":0,""type"":22,""payload"":"""",""timestamp"":46264,""description"":""heartbeat"",""event"":""heartbeat"",""uptime"":46264,""rssi"":-64,""wifiRssi"":-64,""batteryLevel"":100,""ip"":""192.168.1.2"",""version"":""2.0"",""source"":""gateway""}"
"2026-08-14T10:18:30.215Z","IN","m360/DF/0000/gateway/status","{""timestamp"":46264,""isConnected"":true,""connectionTime"":46256,""reconnectCount"":0,""lastErrorCode"":0,""uptime"":46264,""source"":""gateway"",""type"":""mqtt_metrics""}"
"2026-08-14T10:18:53.484Z","IN","m360/DF/0000/out/99/11/1/0/0","16"
"2026-08-14T10:18:53.484Z","IN","m360/DF/0000/out/99/11/1/0/0","16"
"2026-08-14T10:19:24.504Z","IN","m360/DF/0000/out/2/1/1/0/37","110"
"2026-08-14T10:19:24.505Z","IN","m360/DF/0000/out/2/1/1/0/37","110"
"2026-08-14T10:19:24.601Z","IN","m360/DF/0000/out/2/2/1/0/37","443"
"2026-08-14T10:19:24.602Z","IN","m360/DF/0000/out/2/2/1/0/37","443"
"2026-08-14T10:19:24.624Z","IN","m360/DF/0000/out/2/3/1/0/37","1020"
"2026-08-14T10:19:24.624Z","IN","m360/DF/0000/out/2/3/1/0/37","1020"
"2026-08-14T10:19:24.936Z","IN","m360/DF/0000/out/2/4/1/0/37","1018"
"2026-08-14T10:19:24.936Z","IN","m360/DF/0000/out/2/4/1/0/37","1018"
"2026-08-14T10:19:24.936Z","IN","m360/DF/0000/out/2/5/1/0/37","641"
"2026-08-14T10:19:24.936Z","IN","m360/DF/0000/out/2/5/1/0/37","641"
"2026-08-14T10:19:24.936Z","IN","m360/DF/0000/out/2/6/1/0/37","421"
"2026-08-14T10:19:24.936Z","IN","m360/DF/0000/out/2/6/1/0/37","421"
"2026-08-14T10:19:30.162Z","IN","m360/DF/0000/out","{""nodeId"":0,""sensorId"":255,""command"":3,""ack"":0,""type"":22,""payload"":"""",""timestamp"":46324,""description"":""heartbeat"",""event"":""heartbeat"",""uptime"":46324,""rssi"":-64,""wifiRssi"":-64,""batteryLevel"":100,""ip"":""192.168.1.2"",""version"":""2.0"",""source"":""gateway""}"
"2026-08-14T10:19:30.163Z","IN","m360/DF/0000/out","{""nodeId"":0,""sensorId"":255,""command"":3,""ack"":0,""type"":22,""payload"":"""",""timestamp"":46324,""description"":""heartbeat"",""event"":""heartbeat"",""uptime"":46324,""rssi"":-64,""wifiRssi"":-64,""batteryLevel"":100,""ip"":""192.168.1.2"",""version"":""2.0"",""source"":""gateway""}"
"2026-08-14T10:19:30.179Z","IN","m360/DF/0000/gateway/status","{""timestamp"":46324,""isConnected"":true,""connectionTime"":46316,""reconnectCount"":0,""lastErrorCode"":0,""uptime"":46324,""source"":""gateway"",""type"":""mqtt_metrics""}"
"2026-08-14T10:20:30.168Z","IN","m360/DF/0000/out","{""nodeId"":0,""sensorId"":255,""command"":3,""ack"":0,""type"":22,""payload"":"""",""timestamp"":46384,""description"":""heartbeat"",""event"":""heartbeat"",""uptime"":46384,""rssi"":-64,""wifiRssi"":-64,""batteryLevel"":100,""ip"":""192.168.1.2"",""version"":""2.0"",""source"":""gateway""}"
"2026-08-14T10:20:30.168Z","IN","m360/DF/0000/out","{""nodeId"":0,""sensorId"":255,""command"":3,""ack"":0,""type"":22,""payload"":"""",""timestamp"":46384,""description"":""heartbeat"",""event"":""heartbeat"",""uptime"":46384,""rssi"":-64,""wifiRssi"":-64,""batteryLevel"":100,""ip"":""192.168.1.2"",""version"":""2.0"",""source"":""gateway""}"
"2026-08-14T10:20:30.226Z","IN","m360/DF/0000/gateway/status","{""timestamp"":46384,""isConnected"":true,""connectionTime"":46376,""reconnectCount"":0,""lastErrorCode"":0,""uptime"":46384,""source"":""gateway"",""type"":""mqtt_metrics""}"
"2026-08-14T10:20:53.349Z","IN","m360/DF/0000/out/99/21/1/0/24","0"
"2026-08-14T10:20:53.350Z","IN","m360/DF/0000/out/99/21/1/0/24","0"
"2026-08-14T10:21:24.488Z","IN","m360/DF/0000/out/2/1/1/0/37","107"
"2026-08-14T10:21:24.489Z","IN","m360/DF/0000/out/2/1/1/0/37","107"
"2026-08-14T10:21:24.618Z","IN","m360/DF/0000/out/2/2/1/0/37","443"
"2026-08-14T10:21:24.619Z","IN","m360/DF/0000/out/2/2/1/0/37","443"
"2026-08-14T10:21:24.624Z","IN","m360/DF/0000/out/2/3/1/0/37","1020"
"2026-08-14T10:21:24.624Z","IN","m360/DF/0000/out/2/3/1/0/37","1020"
"2026-08-14T10:21:24.624Z","IN","m360/DF/0000/out/2/4/1/0/37","1020"
"2026-08-14T10:21:24.624Z","IN","m360/DF/0000/out/2/4/1/0/37","1020"
"2026-08-14T10:21:24.957Z","IN","m360/DF/0000/out/2/5/1/0/37","650"
"2026-08-14T10:21:24.957Z","IN","m360/DF/0000/out/2/5/1/0/37","650"
"2026-08-14T10:21:24.957Z","IN","m360/DF/0000/out/2/6/1/0/37","386"
"2026-08-14T10:21:24.957Z","IN","m360/DF/0000/out/2/6/1/0/37","386"
"2026-08-14T10:21:30.174Z","IN","m360/DF/0000/out","{""nodeId"":0,""sensorId"":255,""command"":3,""ack"":0,""type"":22,""payload"":"""",""timestamp"":46444,""description"":""heartbeat"",""event"":""heartbeat"",""uptime"":46444,""rssi"":-64,""wifiRssi"":-64,""batteryLevel"":100,""ip"":""192.168.1.2"",""version"":""2.0"",""source"":""gateway""}"
"2026-08-14T10:21:30.174Z","IN","m360/DF/0000/out","{""nodeId"":0,""sensorId"":255,""command"":3,""ack"":0,""type"":22,""payload"":"""",""timestamp"":46444,""description"":""heartbeat"",""event"":""heartbeat"",""uptime"":46444,""rssi"":-64,""wifiRssi"":-64,""batteryLevel"":100,""ip"":""192.168.1.2"",""version"":""2.0"",""source"":""gateway""}"
"2026-08-14T10:21:30.191Z","IN","m360/DF/0000/gateway/status","{""timestamp"":46444,""isConnected"":true,""connectionTime"":46436,""reconnectCount"":0,""lastErrorCode"":0,""uptime"":46444,""source"":""gateway"",""type"":""mqtt_metrics""}"
"2026-08-14T10:22:24.505Z","IN","m360/DF/0000/out/2/1/1/0/37","122"
"2026-08-14T10:22:24.506Z","IN","m360/DF/0000/out/2/1/1/0/37","122"
"2026-08-14T10:22:24.599Z","IN","m360/DF/0000/out/2/2/1/0/37","440"
"2026-08-14T10:22:24.616Z","IN","m360/DF/0000/out/2/2/1/0/37","440"
"2026-08-14T10:22:24.926Z","IN","m360/DF/0000/out/2/5/1/0/37","631"
"2026-08-14T10:22:24.926Z","IN","m360/DF/0000/out/2/5/1/0/37","631"
"2026-08-14T10:22:24.927Z","IN","m360/DF/0000/out/2/6/1/0/37","414"
"2026-08-14T10:22:24.927Z","IN","m360/DF/0000/out/2/6/1/0/37","414"
"2026-08-14T10:22:30.174Z","IN","m360/DF/0000/out","{""nodeId"":0,""sensorId"":255,""command"":3,""ack"":0,""type"":22,""payload"":"""",""timestamp"":46504,""description"":""heartbeat"",""event"":""heartbeat"",""uptime"":46504,""rssi"":-64,""wifiRssi"":-64,""batteryLevel"":100,""ip"":""192.168.1.2"",""version"":""2.0"",""source"":""gateway""}"
"2026-08-14T10:22:30.175Z","IN","m360/DF/0000/out","{""nodeId"":0,""sensorId"":255,""command"":3,""ack"":0,""type"":22,""payload"":"""",""timestamp"":46504,""description"":""heartbeat"",""event"":""heartbeat"",""uptime"":46504,""rssi"":-64,""wifiRssi"":-64,""batteryLevel"":100,""ip"":""192.168.1.2"",""version"":""2.0"",""source"":""gateway""}"
"2026-08-14T10:22:30.193Z","IN","m360/DF/0000/gateway/status","{""timestamp"":46504,""isConnected"":true,""connectionTime"":46496,""reconnectCount"":0,""lastErrorCode"":0,""uptime"":46504,""source"":""gateway"",""type"":""mqtt_metrics""}"
"2026-08-14T10:22:53.254Z","IN","m360/DF/0000/out/99/11/1/0/0","17"
"2026-08-14T10:22:53.255Z","IN","m360/DF/0000/out/99/11/1/0/0","17"
"2026-08-14T10:22:53.315Z","IN","m360/DF/0000/out/99/12/1/0/1","19"
"2026-08-14T10:22:53.315Z","IN","m360/DF/0000/out/99/12/1/0/1","19"
"2026-08-14T10:23:24.523Z","IN","m360/DF/0000/out/2/1/1/0/37","128"
"2026-08-14T10:23:24.523Z","IN","m360/DF/0000/out/2/1/1/0/37","128"
"2026-08-14T10:23:24.862Z","IN","m360/DF/0000/out/2/2/1/0/37","442"
"2026-08-14T10:23:24.862Z","IN","m360/DF/0000/out/2/2/1/0/37","442"
"2026-08-14T10:23:24.864Z","IN","m360/DF/0000/out/2/5/1/0/37","627"
"2026-08-14T10:23:24.864Z","IN","m360/DF/0000/out/2/5/1/0/37","627"
"2026-08-14T10:23:24.864Z","IN","m360/DF/0000/out/2/6/1/0/37","419"
"2026-08-14T10:23:24.864Z","IN","m360/DF/0000/out/2/6/1/0/37","419"
"2026-08-14T10:23:30.180Z","IN","m360/DF/0000/out","{""nodeId"":0,""sensorId"":255,""command"":3,""ack"":0,""type"":22,""payload"":"""",""timestamp"":46564,""description"":""heartbeat"",""event"":""heartbeat"",""uptime"":46564,""rssi"":-63,""wifiRssi"":-63,""batteryLevel"":100,""ip"":""192.168.1.2"",""version"":""2.0"",""source"":""gateway""}"
"2026-08-14T10:23:30.180Z","IN","m360/DF/0000/out","{""nodeId"":0,""sensorId"":255,""command"":3,""ack"":0,""type"":22,""payload"":"""",""timestamp"":46564,""description"":""heartbeat"",""event"":""heartbeat"",""uptime"":46564,""rssi"":-63,""wifiRssi"":-63,""batteryLevel"":100,""ip"":""192.168.1.2"",""version"":""2.0"",""source"":""gateway""}"
"2026-08-14T10:23:30.198Z","IN","m360/DF/0000/gateway/status","{""timestamp"":46564,""isConnected"":true,""connectionTime"":46556,""reconnectCount"":0,""lastErrorCode"":0,""uptime"":46564,""source"":""gateway"",""type"":""mqtt_metrics""}"
"2026-08-14T10:24:24.551Z","IN","m360/DF/0000/out/2/1/1/0/37","116"
"2026-08-14T10:24:24.551Z","IN","m360/DF/0000/out/2/1/1/0/37","116"
"2026-08-14T10:24:24.657Z","IN","m360/DF/0000/out/2/2/1/0/37","438"
"2026-08-14T10:24:24.658Z","IN","m360/DF/0000/out/2/2/1/0/37","438"
"2026-08-14T10:24:24.670Z","IN","m360/DF/0000/out/2/3/1/0/37","1021"
"2026-08-14T10:24:24.671Z","IN","m360/DF/0000/out/2/3/1/0/37","1021"
"2026-08-14T10:24:25.058Z","IN","m360/DF/0000/out/2/5/1/0/37","636"
"2026-08-14T10:24:25.058Z","IN","m360/DF/0000/out/2/5/1/0/37","636"
"2026-08-14T10:24:25.058Z","IN","m360/DF/0000/out/2/6/1/0/37","401"
"2026-08-14T10:24:25.058Z","IN","m360/DF/0000/out/2/6/1/0/37","401"
"2026-08-14T10:24:30.184Z","IN","m360/DF/0000/out","{""nodeId"":0,""sensorId"":255,""command"":3,""ack"":0,""type"":22,""payload"":"""",""timestamp"":46624,""description"":""heartbeat"",""event"":""heartbeat"",""uptime"":46624,""rssi"":-64,""wifiRssi"":-64,""batteryLevel"":100,""ip"":""192.168.1.2"",""version"":""2.0"",""source"":""gateway""}"
"2026-08-14T10:24:30.184Z","IN","m360/DF/0000/out","{""nodeId"":0,""sensorId"":255,""command"":3,""ack"":0,""type"":22,""payload"":"""",""timestamp"":46624,""description"":""heartbeat"",""event"":""heartbeat"",""uptime"":46624,""rssi"":-64,""wifiRssi"":-64,""batteryLevel"":100,""ip"":""192.168.1.2"",""version"":""2.0"",""source"":""gateway""}"
"2026-08-14T10:24:30.201Z","IN","m360/DF/0000/gateway/status","{""timestamp"":46624,""isConnected"":true,""connectionTime"":46616,""reconnectCount"":0,""lastErrorCode"":0,""uptime"":46624,""source"":""gateway"",""type"":""mqtt_metrics""}"
"2026-08-14T10:25:24.582Z","IN","m360/DF/0000/out/2/1/1/0/37","115"
"2026-08-14T10:25:24.582Z","IN","m360/DF/0000/out/2/1/1/0/37","115"
"2026-08-14T10:25:24.716Z","IN","m360/DF/0000/out/2/2/1/0/37","445"
"2026-08-14T10:25:24.716Z","IN","m360/DF/0000/out/2/2/1/0/37","445"
"2026-08-14T10:25:24.717Z","IN","m360/DF/0000/out/2/3/1/0/37","1022"
"2026-08-14T10:25:24.717Z","IN","m360/DF/0000/out/2/3/1/0/37","1022"
"2026-08-14T10:25:25.075Z","IN","m360/DF/0000/out/2/5/1/0/37","656"
"2026-08-14T10:25:25.075Z","IN","m360/DF/0000/out/2/5/1/0/37","656"
"2026-08-14T10:25:25.075Z","IN","m360/DF/0000/out/2/6/1/0/37","389"
"2026-08-14T10:25:25.076Z","IN","m360/DF/0000/out/2/6/1/0/37","389"
"2026-08-14T10:25:30.189Z","IN","m360/DF/0000/out","{""nodeId"":0,""sensorId"":255,""command"":3,""ack"":0,""type"":22,""payload"":"""",""timestamp"":46684,""description"":""heartbeat"",""event"":""heartbeat"",""uptime"":46684,""rssi"":-63,""wifiRssi"":-63,""batteryLevel"":100,""ip"":""192.168.1.2"",""version"":""2.0"",""source"":""gateway""}"
"2026-08-14T10:25:30.190Z","IN","m360/DF/0000/out","{""nodeId"":0,""sensorId"":255,""command"":3,""ack"":0,""type"":22,""payload"":"""",""timestamp"":46684,""description"":""heartbeat"",""event"":""heartbeat"",""uptime"":46684,""rssi"":-63,""wifiRssi"":-63,""batteryLevel"":100,""ip"":""192.168.1.2"",""version"":""2.0"",""source"":""gateway""}"
"2026-08-14T10:25:30.206Z","IN","m360/DF/0000/gateway/status","{""timestamp"":46684,""isConnected"":true,""connectionTime"":46676,""reconnectCount"":0,""lastErrorCode"":0,""uptime"":46684,""source"":""gateway"",""type"":""mqtt_metrics""}"
"2026-08-14T10:26:24.574Z","IN","m360/DF/0000/out/2/1/1/0/37","117"
"2026-08-14T10:26:24.576Z","IN","m360/DF/0000/out/2/1/1/0/37","117"
"2026-08-14T10:26:24.734Z","IN","m360/DF/0000/out/2/2/1/0/37","443"
"2026-08-14T10:26:24.736Z","IN","m360/DF/0000/out/2/2/1/0/37","443"
"2026-08-14T10:26:24.743Z","IN","m360/DF/0000/out/2/3/1/0/37","1018"
"2026-08-14T10:26:24.744Z","IN","m360/DF/0000/out/2/3/1/0/37","1018"
"2026-08-14T10:26:24.744Z","IN","m360/DF/0000/out/2/5/1/0/37","638"
"2026-08-14T10:26:24.744Z","IN","m360/DF/0000/out/2/5/1/0/37","638"
"2026-08-14T10:26:25.187Z","IN","m360/DF/0000/out/2/6/1/0/37","395"
"2026-08-14T10:26:25.187Z","IN","m360/DF/0000/out/2/6/1/0/37","395"
"2026-08-14T10:26:30.196Z","IN","m360/DF/0000/out","{""nodeId"":0,""sensorId"":255,""command"":3,""ack"":0,""type"":22,""payload"":"""",""timestamp"":46744,""description"":""heartbeat"",""event"":""heartbeat"",""uptime"":46744,""rssi"":-64,""wifiRssi"":-64,""batteryLevel"":100,""ip"":""192.168.1.2"",""version"":""2.0"",""source"":""gateway""}"
"2026-08-14T10:26:30.196Z","IN","m360/DF/0000/out","{""nodeId"":0,""sensorId"":255,""command"":3,""ack"":0,""type"":22,""payload"":"""",""timestamp"":46744,""description"":""heartbeat"",""event"":""heartbeat"",""uptime"":46744,""rssi"":-64,""wifiRssi"":-64,""batteryLevel"":100,""ip"":""192.168.1.2"",""version"":""2.0"",""source"":""gateway""}"
"2026-08-14T10:26:30.211Z","IN","m360/DF/0000/gateway/status","{""timestamp"":46744,""isConnected"":true,""connectionTime"":46736,""reconnectCount"":0,""lastErrorCode"":0,""uptime"":46744,""source"":""gateway"",""type"":""mqtt_metrics""}"
"2026-08-14T10:27:24.596Z","IN","m360/DF/0000/out/2/1/1/0/37","116"
"2026-08-14T10:27:24.596Z","IN","m360/DF/0000/out/2/1/1/0/37","116"
"2026-08-14T10:27:24.730Z","IN","m360/DF/0000/out/2/2/1/0/37","466"
"2026-08-14T10:27:24.733Z","IN","m360/DF/0000/out/2/2/1/0/37","466"
"2026-08-14T10:27:24.736Z","IN","m360/DF/0000/out/2/3/1/0/37","1020"
"2026-08-14T10:27:24.736Z","IN","m360/DF/0000/out/2/3/1/0/37","1020"
"2026-08-14T10:27:24.748Z","IN","m360/DF/0000/out/2/4/1/0/37","1016"
"2026-08-14T10:27:24.749Z","IN","m360/DF/0000/out/2/4/1/0/37","1016"
"2026-08-14T10:27:25.076Z","IN","m360/DF/0000/out/2/5/1/0/37","656"
"2026-08-14T10:27:25.076Z","IN","m360/DF/0000/out/2/5/1/0/37","656"
"2026-08-14T10:27:25.076Z","IN","m360/DF/0000/out/2/6/1/0/37","412"
"2026-08-14T10:27:25.076Z","IN","m360/DF/0000/out/2/6/1/0/37","412"
"2026-08-14T10:27:30.200Z","IN","m360/DF/0000/out","{""nodeId"":0,""sensorId"":255,""command"":3,""ack"":0,""type"":22,""payload"":"""",""timestamp"":46804,""description"":""heartbeat"",""event"":""heartbeat"",""uptime"":46804,""rssi"":-64,""wifiRssi"":-64,""batteryLevel"":100,""ip"":""192.168.1.2"",""version"":""2.0"",""source"":""gateway""}"
"2026-08-14T10:27:30.200Z","IN","m360/DF/0000/out","{""nodeId"":0,""sensorId"":255,""command"":3,""ack"":0,""type"":22,""payload"":"""",""timestamp"":46804,""description"":""heartbeat"",""event"":""heartbeat"",""uptime"":46804,""rssi"":-64,""wifiRssi"":-64,""batteryLevel"":100,""ip"":""192.168.1.2"",""version"":""2.0"",""source"":""gateway""}"
"2026-08-14T10:27:30.216Z","IN","m360/DF/0000/gateway/status","{""timestamp"":46804,""isConnected"":true,""connectionTime"":46796,""reconnectCount"":0,""lastErrorCode"":0,""uptime"":46804,""source"":""gateway"",""type"":""mqtt_metrics""}"
"2026-08-14T10:28:24.623Z","IN","m360/DF/0000/out/2/1/1/0/37","131"
"2026-08-14T10:28:24.624Z","IN","m360/DF/0000/out/2/1/1/0/37","131"
"2026-08-14T10:28:24.741Z","IN","m360/DF/0000/out/2/2/1/0/37","442"
"2026-08-14T10:28:24.742Z","IN","m360/DF/0000/out/2/2/1/0/37","442"
"2026-08-14T10:28:24.744Z","IN","m360/DF/0000/out/2/4/1/0/37","1001"
"2026-08-14T10:28:24.744Z","IN","m360/DF/0000/out/2/4/1/0/37","1001"
"2026-08-14T10:28:25.143Z","IN","m360/DF/0000/out/2/5/1/0/37","643"
"2026-08-14T10:28:25.143Z","IN","m360/DF/0000/out/2/5/1/0/37","643"
"2026-08-14T10:28:25.143Z","IN","m360/DF/0000/out/2/6/1/0/37","384"
"2026-08-14T10:28:25.143Z","IN","m360/DF/0000/out/2/6/1/0/37","384"
"2026-08-14T10:28:30.207Z","IN","m360/DF/0000/out/events","{""event"":""node_lost"",""nodeId"":99,""timestamp"":46864,""rssi"":-64,""details"":""Inactivity detected: timeout 300 s""}"
"2026-08-14T10:28:30.207Z","IN","m360/DF/0000/out/events","{""event"":""node_lost"",""nodeId"":99,""timestamp"":46864,""rssi"":-64,""details"":""Inactivity detected: timeout 300 s""}"
"2026-08-14T10:28:30.227Z","IN","m360/DF/0000/out","{""nodeId"":0,""sensorId"":255,""command"":3,""ack"":0,""type"":22,""payload"":"""",""timestamp"":46864,""description"":""heartbeat"",""event"":""heartbeat"",""uptime"":46864,""rssi"":-64,""wifiRssi"":-64,""batteryLevel"":100,""ip"":""192.168.1.2"",""version"":""2.0"",""source"":""gateway""}"
"2026-08-14T10:28:30.227Z","IN","m360/DF/0000/out","{""nodeId"":0,""sensorId"":255,""command"":3,""ack"":0,""type"":22,""payload"":"""",""timestamp"":46864,""description"":""heartbeat"",""event"":""heartbeat"",""uptime"":46864,""rssi"":-64,""wifiRssi"":-64,""batteryLevel"":100,""ip"":""192.168.1.2"",""version"":""2.0"",""source"":""gateway""}"
"2026-08-14T10:28:30.227Z","IN","m360/DF/0000/gateway/status","{""timestamp"":46864,""isConnected"":true,""connectionTime"":46856,""reconnectCount"":0,""lastErrorCode"":0,""uptime"":46864,""source"":""gateway"",""type"":""mqtt_metrics""}"
"2026-08-14T10:29:24.648Z","IN","m360/DF/0000/out/2/1/1/0/37","115"
"2026-08-14T10:29:24.648Z","IN","m360/DF/0000/out/2/1/1/0/37","115"
"2026-08-14T10:29:24.736Z","IN","m360/DF/0000/out/2/2/1/0/37","429"
"2026-08-14T10:29:24.737Z","IN","m360/DF/0000/out/2/2/1/0/37","429"
"2026-08-14T10:29:24.972Z","IN","m360/DF/0000/out/2/4/1/0/37","1020"
"2026-08-14T10:29:24.972Z","IN","m360/DF/0000/out/2/4/1/0/37","1020"
"2026-08-14T10:29:24.972Z","IN","m360/DF/0000/out/2/6/1/0/37","452"
"2026-08-14T10:29:24.972Z","IN","m360/DF/0000/out/2/6/1/0/37","452"
"2026-08-14T10:29:30.214Z","IN","m360/DF/0000/out","{""nodeId"":0,""sensorId"":255,""command"":3,""ack"":0,""type"":22,""payload"":"""",""timestamp"":46924,""description"":""heartbeat"",""event"":""heartbeat"",""uptime"":46924,""rssi"":-63,""wifiRssi"":-63,""batteryLevel"":100,""ip"":""192.168.1.2"",""version"":""2.0"",""source"":""gateway""}"
"2026-08-14T10:29:30.214Z","IN","m360/DF/0000/out","{""nodeId"":0,""sensorId"":255,""command"":3,""ack"":0,""type"":22,""payload"":"""",""timestamp"":46924,""description"":""heartbeat"",""event"":""heartbeat"",""uptime"":46924,""rssi"":-63,""wifiRssi"":-63,""batteryLevel"":100,""ip"":""192.168.1.2"",""version"":""2.0"",""source"":""gateway""}"
"2026-08-14T10:29:30.231Z","IN","m360/DF/0000/gateway/status","{""timestamp"":46924,""isConnected"":true,""connectionTime"":46916,""reconnectCount"":0,""lastErrorCode"":0,""uptime"":46924,""source"":""gateway"",""type"":""mqtt_metrics""}"
"2026-08-14T10:30:24.645Z","IN","m360/DF/0000/out/2/2/1/0/37","351"
"2026-08-14T10:30:24.648Z","IN","m360/DF/0000/out/2/2/1/0/37","351"
"2026-08-14T10:30:24.850Z","IN","m360/DF/0000/out/2/3/1/0/37","1019"
"2026-08-14T10:30:24.851Z","IN","m360/DF/0000/out/2/3/1/0/37","1019"
"2026-08-14T10:30:24.928Z","IN","m360/DF/0000/out/2/5/1/0/37","632"
"2026-08-14T10:30:24.930Z","IN","m360/DF/0000/out/2/5/1/0/37","632"
"2026-08-14T10:30:24.930Z","IN","m360/DF/0000/out/2/6/1/0/37","354"
"2026-08-14T10:30:24.930Z","IN","m360/DF/0000/out/2/6/1/0/37","354"
"2026-08-14T10:30:30.212Z","IN","m360/DF/0000/out","{""nodeId"":0,""sensorId"":255,""command"":3,""ack"":0,""type"":22,""payload"":"""",""timestamp"":46984,""description"":""heartbeat"",""event"":""heartbeat"",""uptime"":46984,""rssi"":-64,""wifiRssi"":-64,""batteryLevel"":100,""ip"":""192.168.1.2"",""version"":""2.0"",""source"":""gateway""}"
"2026-08-14T10:30:30.212Z","IN","m360/DF/0000/out","{""nodeId"":0,""sensorId"":255,""command"":3,""ack"":0,""type"":22,""payload"":"""",""timestamp"":46984,""description"":""heartbeat"",""event"":""heartbeat"",""uptime"":46984,""rssi"":-64,""wifiRssi"":-64,""batteryLevel"":100,""ip"":""192.168.1.2"",""version"":""2.0"",""source"":""gateway""}"
"2026-08-14T10:30:30.229Z","IN","m360/DF/0000/gateway/status","{""timestamp"":46984,""isConnected"":true,""connectionTime"":46976,""reconnectCount"":0,""lastErrorCode"":0,""uptime"":46984,""source"":""gateway"",""type"":""mqtt_metrics""}"
"2026-08-14T10:31:24.630Z","IN","m360/DF/0000/out/2/1/1/0/37","118"
"2026-08-14T10:31:24.630Z","IN","m360/DF/0000/out/2/1/1/0/37","118"
"2026-08-14T10:31:24.855Z","IN","m360/DF/0000/out/2/2/1/0/37","443"
"2026-08-14T10:31:24.855Z","IN","m360/DF/0000/out/2/2/1/0/37","443"
"2026-08-14T10:31:24.855Z","IN","m360/DF/0000/out/2/3/1/0/37","1016"
"2026-08-14T10:31:24.855Z","IN","m360/DF/0000/out/2/3/1/0/37","1016"
"2026-08-14T10:31:24.855Z","IN","m360/DF/0000/out/2/5/1/0/37","639"
"2026-08-14T10:31:24.855Z","IN","m360/DF/0000/out/2/5/1/0/37","639"
"2026-08-14T10:31:24.857Z","IN","m360/DF/0000/out/2/6/1/0/37","395"
"2026-08-14T10:31:24.857Z","IN","m360/DF/0000/out/2/6/1/0/37","395"
"2026-08-14T10:31:30.217Z","IN","m360/DF/0000/out","{""nodeId"":0,""sensorId"":255,""command"":3,""ack"":0,""type"":22,""payload"":"""",""timestamp"":47044,""description"":""heartbeat"",""event"":""heartbeat"",""uptime"":47044,""rssi"":-64,""wifiRssi"":-64,""batteryLevel"":100,""ip"":""192.168.1.2"",""version"":""2.0"",""source"":""gateway""}"
"2026-08-14T10:31:30.217Z","IN","m360/DF/0000/out","{""nodeId"":0,""sensorId"":255,""command"":3,""ack"":0,""type"":22,""payload"":"""",""timestamp"":47044,""description"":""heartbeat"",""event"":""heartbeat"",""uptime"":47044,""rssi"":-64,""wifiRssi"":-64,""batteryLevel"":100,""ip"":""192.168.1.2"",""version"":""2.0"",""source"":""gateway""}"
"2026-08-14T10:31:30.234Z","IN","m360/DF/0000/gateway/status","{""timestamp"":47044,""isConnected"":true,""connectionTime"":47036,""reconnectCount"":0,""lastErrorCode"":0,""uptime"":47044,""source"":""gateway"",""type"":""mqtt_metrics""}"
"2026-08-14T10:31:52.618Z","IN","m360/DF/0000/out/events","{""event"":""node_reconnected"",""nodeId"":99,""timestamp"":47066,""rssi"":-64,""details"":""Node back online or discovered""}"
"2026-08-14T10:31:52.618Z","IN","m360/DF/0000/out/events","{""event"":""node_reconnected"",""nodeId"":99,""timestamp"":47066,""rssi"":-64,""details"":""Node back online or discovered""}"
"2026-08-14T10:31:52.680Z","IN","m360/DF/0000/out/99/21/1/0/24","0"
"2026-08-14T10:31:52.680Z","IN","m360/DF/0000/out/99/21/1/0/24","0"
"2026-08-14T10:32:30.221Z","IN","m360/DF/0000/out","{""nodeId"":0,""sensorId"":255,""command"":3,""ack"":0,""type"":22,""payload"":"""",""timestamp"":47104,""description"":""heartbeat"",""event"":""heartbeat"",""uptime"":47104,""rssi"":-64,""wifiRssi"":-64,""batteryLevel"":100,""ip"":""192.168.1.2"",""version"":""2.0"",""source"":""gateway""}"
"2026-08-14T10:32:30.222Z","IN","m360/DF/0000/out","{""nodeId"":0,""sensorId"":255,""command"":3,""ack"":0,""type"":22,""payload"":"""",""timestamp"":47104,""description"":""heartbeat"",""event"":""heartbeat"",""uptime"":47104,""rssi"":-64,""wifiRssi"":-64,""batteryLevel"":100,""ip"":""192.168.1.2"",""version"":""2.0"",""source"":""gateway""}"
"2026-08-14T10:32:30.279Z","IN","m360/DF/0000/gateway/status","{""timestamp"":47104,""isConnected"":true,""connectionTime"":47096,""reconnectCount"":0,""lastErrorCode"":0,""uptime"":47104,""source"":""gateway"",""type"":""mqtt_metrics""}"
"2026-08-14T10:33:30.226Z","IN","m360/DF/0000/out","{""nodeId"":0,""sensorId"":255,""command"":3,""ack"":0,""type"":22,""payload"":"""",""timestamp"":47164,""description"":""heartbeat"",""event"":""heartbeat"",""uptime"":47164,""rssi"":-64,""wifiRssi"":-64,""batteryLevel"":100,""ip"":""192.168.1.2"",""version"":""2.0"",""source"":""gateway""}"
"2026-08-14T10:33:30.227Z","IN","m360/DF/0000/out","{""nodeId"":0,""sensorId"":255,""command"":3,""ack"":0,""type"":22,""payload"":"""",""timestamp"":47164,""description"":""heartbeat"",""event"":""heartbeat"",""uptime"":47164,""rssi"":-64,""wifiRssi"":-64,""batteryLevel"":100,""ip"":""192.168.1.2"",""version"":""2.0"",""source"":""gateway""}"
"2026-08-14T10:33:30.284Z","IN","m360/DF/0000/gateway/status","{""timestamp"":47164,""isConnected"":true,""connectionTime"":47156,""reconnectCount"":0,""lastErrorCode"":0,""uptime"":47164,""source"":""gateway"",""type"":""mqtt_metrics""}"
"2026-08-14T10:33:52.477Z","IN","m360/DF/0000/out/99/11/1/0/0","18"
"2026-08-14T10:33:52.480Z","IN","m360/DF/0000/out/99/11/1/0/0","18"
"2026-08-14T10:33:52.538Z","IN","m360/DF/0000/out/99/12/1/0/1","19"
"2026-08-14T10:33:52.538Z","IN","m360/DF/0000/out/99/12/1/0/1","19"
"2026-08-14T10:34:30.231Z","IN","m360/DF/0000/out","{""nodeId"":0,""sensorId"":255,""command"":3,""ack"":0,""type"":22,""payload"":"""",""timestamp"":47224,""description"":""heartbeat"",""event"":""heartbeat"",""uptime"":47224,""rssi"":-64,""wifiRssi"":-64,""batteryLevel"":100,""ip"":""192.168.1.2"",""version"":""2.0"",""source"":""gateway""}"
"2026-08-14T10:34:30.232Z","IN","m360/DF/0000/out","{""nodeId"":0,""sensorId"":255,""command"":3,""ack"":0,""type"":22,""payload"":"""",""timestamp"":47224,""description"":""heartbeat"",""event"":""heartbeat"",""uptime"":47224,""rssi"":-64,""wifiRssi"":-64,""batteryLevel"":100,""ip"":""192.168.1.2"",""version"":""2.0"",""source"":""gateway""}"
"2026-08-14T10:34:30.290Z","IN","m360/DF/0000/gateway/status","{""timestamp"":47224,""isConnected"":true,""connectionTime"":47216,""reconnectCount"":0,""lastErrorCode"":0,""uptime"":47224,""source"":""gateway"",""type"":""mqtt_metrics""}"
"2026-08-14T10:35:30.595Z","IN","m360/DF/0000/out","{""nodeId"":0,""sensorId"":255,""command"":3,""ack"":0,""type"":22,""payload"":"""",""timestamp"":47284,""description"":""heartbeat"",""event"":""heartbeat"",""uptime"":47284,""rssi"":-64,""wifiRssi"":-64,""batteryLevel"":100,""ip"":""192.168.1.2"",""version"":""2.0"",""source"":""gateway""}"
"2026-08-14T10:35:30.596Z","IN","m360/DF/0000/out","{""nodeId"":0,""sensorId"":255,""command"":3,""ack"":0,""type"":22,""payload"":"""",""timestamp"":47284,""description"":""heartbeat"",""event"":""heartbeat"",""uptime"":47284,""rssi"":-64,""wifiRssi"":-64,""batteryLevel"":100,""ip"":""192.168.1.2"",""version"":""2.0"",""source"":""gateway""}"
"2026-08-14T10:35:30.651Z","IN","m360/DF/0000/gateway/status","{""timestamp"":47284,""isConnected"":true,""connectionTime"":47277,""reconnectCount"":0,""lastErrorCode"":0,""uptime"":47284,""source"":""gateway"",""type"":""mqtt_metrics""}"
"2026-08-14T10:36:30.601Z","IN","m360/DF/0000/out/events","{""event"":""node_lost"",""nodeId"":2,""timestamp"":47344,""rssi"":-64,""details"":""Inactivity detected: timeout 300 s""}"
"2026-08-14T10:36:30.601Z","IN","m360/DF/0000/out/events","{""event"":""node_lost"",""nodeId"":2,""timestamp"":47344,""rssi"":-64,""details"":""Inactivity detected: timeout 300 s""}"
"2026-08-14T10:36:30.661Z","IN","m360/DF/0000/out","{""nodeId"":0,""sensorId"":255,""command"":3,""ack"":0,""type"":22,""payload"":"""",""timestamp"":47344,""description"":""heartbeat"",""event"":""heartbeat"",""uptime"":47344,""rssi"":-64,""wifiRssi"":-64,""batteryLevel"":100,""ip"":""192.168.1.2"",""version"":""2.0"",""source"":""gateway""}"
"2026-08-14T10:36:30.661Z","IN","m360/DF/0000/out","{""nodeId"":0,""sensorId"":255,""command"":3,""ack"":0,""type"":22,""payload"":"""",""timestamp"":47344,""description"":""heartbeat"",""event"":""heartbeat"",""uptime"":47344,""rssi"":-64,""wifiRssi"":-64,""batteryLevel"":100,""ip"":""192.168.1.2"",""version"":""2.0"",""source"":""gateway""}"
"2026-08-14T10:36:30.661Z","IN","m360/DF/0000/gateway/status","{""timestamp"":47344,""isConnected"":true,""connectionTime"":47337,""reconnectCount"":0,""lastErrorCode"":0,""uptime"":47344,""source"":""gateway"",""type"":""mqtt_metrics""}"
"2026-08-14T10:36:57.963Z","IN","m360/DF/0000/out/events","{""event"":""node_reconnected"",""nodeId"":1,""timestamp"":47372,""rssi"":-64,""details"":""Node back online or discovered""}"
"2026-08-14T10:36:57.963Z","IN","m360/DF/0000/out/events","{""event"":""node_reconnected"",""nodeId"":1,""timestamp"":47372,""rssi"":-64,""details"":""Node back online or discovered""}"
"2026-08-14T10:36:58.026Z","IN","m360/DF/0000/out/1/1/1/0/37","292"
"2026-08-14T10:36:58.027Z","IN","m360/DF/0000/out/1/1/1/0/37","292"
"2026-08-14T10:36:58.027Z","IN","m360/DF/0000/out/1/2/1/0/37","308"
"2026-08-14T10:36:58.027Z","IN","m360/DF/0000/out/1/2/1/0/37","308"
"2026-08-14T10:36:58.452Z","IN","m360/DF/0000/out/1/3/1/0/37","136"
"2026-08-14T10:36:58.452Z","IN","m360/DF/0000/out/1/3/1/0/37","136"
"2026-08-14T10:36:58.452Z","IN","m360/DF/0000/out/1/4/1/0/37","385"
"2026-08-14T10:36:58.452Z","IN","m360/DF/0000/out/1/4/1/0/37","385"
"2026-08-14T10:36:58.519Z","IN","m360/DF/0000/out/1/5/1/0/37","323"
"2026-08-14T10:36:58.520Z","IN","m360/DF/0000/out/1/5/1/0/37","323"
"2026-08-14T10:36:58.524Z","IN","m360/DF/0000/out/1/6/1/0/37","268"
"2026-08-14T10:36:58.524Z","IN","m360/DF/0000/out/1/6/1/0/37","268"
"2026-08-14T10:37:30.601Z","IN","m360/DF/0000/out","{""nodeId"":0,""sensorId"":255,""command"":3,""ack"":0,""type"":22,""payload"":"""",""timestamp"":47404,""description"":""heartbeat"",""event"":""heartbeat"",""uptime"":47404,""rssi"":-65,""wifiRssi"":-65,""batteryLevel"":100,""ip"":""192.168.1.2"",""version"":""2.0"",""source"":""gateway""}"
"2026-08-14T10:37:30.601Z","IN","m360/DF/0000/out","{""nodeId"":0,""sensorId"":255,""command"":3,""ack"":0,""type"":22,""payload"":"""",""timestamp"":47404,""description"":""heartbeat"",""event"":""heartbeat"",""uptime"":47404,""rssi"":-65,""wifiRssi"":-65,""batteryLevel"":100,""ip"":""192.168.1.2"",""version"":""2.0"",""source"":""gateway""}"
"2026-08-14T10:37:30.659Z","IN","m360/DF/0000/gateway/status","{""timestamp"":47404,""isConnected"":true,""connectionTime"":47397,""reconnectCount"":0,""lastErrorCode"":0,""uptime"":47404,""source"":""gateway"",""type"":""mqtt_metrics""}"
"2026-08-14T10:37:58.052Z","IN","m360/DF/0000/out/1/1/1/0/37","314"
"2026-08-14T10:37:58.052Z","IN","m360/DF/0000/out/1/1/1/0/37","314"
"2026-08-14T10:37:58.161Z","IN","m360/DF/0000/out/1/2/1/0/37","323"
"2026-08-14T10:37:58.163Z","IN","m360/DF/0000/out/1/2/1/0/37","323"
"2026-08-14T10:37:58.217Z","IN","m360/DF/0000/out/1/3/1/0/37","121"
"2026-08-14T10:37:58.218Z","IN","m360/DF/0000/out/1/3/1/0/37","121"
"2026-08-14T10:37:58.218Z","IN","m360/DF/0000/out/1/4/1/0/37","379"
"2026-08-14T10:37:58.218Z","IN","m360/DF/0000/out/1/4/1/0/37","379"
"2026-08-14T10:37:58.442Z","IN","m360/DF/0000/out/1/5/1/0/37","309"
"2026-08-14T10:37:58.442Z","IN","m360/DF/0000/out/1/5/1/0/37","309"
"2026-08-14T10:37:58.582Z","IN","m360/DF/0000/out/1/6/1/0/37","261"
"2026-08-14T10:37:58.582Z","IN","m360/DF/0000/out/1/6/1/0/37","261"
"2026-08-14T10:38:30.613Z","IN","m360/DF/0000/out","{""nodeId"":0,""sensorId"":255,""command"":3,""ack"":0,""type"":22,""payload"":"""",""timestamp"":47464,""description"":""heartbeat"",""event"":""heartbeat"",""uptime"":47464,""rssi"":-64,""wifiRssi"":-64,""batteryLevel"":100,""ip"":""192.168.1.2"",""version"":""2.0"",""source"":""gateway""}"
"2026-08-14T10:38:30.613Z","IN","m360/DF/0000/out","{""nodeId"":0,""sensorId"":255,""command"":3,""ack"":0,""type"":22,""payload"":"""",""timestamp"":47464,""description"":""heartbeat"",""event"":""heartbeat"",""uptime"":47464,""rssi"":-64,""wifiRssi"":-64,""batteryLevel"":100,""ip"":""192.168.1.2"",""version"":""2.0"",""source"":""gateway""}"
"2026-08-14T10:38:30.671Z","IN","m360/DF/0000/gateway/status","{""timestamp"":47464,""isConnected"":true,""connectionTime"":47457,""reconnectCount"":0,""lastErrorCode"":0,""uptime"":47464,""source"":""gateway"",""type"":""mqtt_metrics""}"
"2026-08-14T10:38:58.108Z","IN","m360/DF/0000/out/1/1/1/0/37","327"
"2026-08-14T10:38:58.110Z","IN","m360/DF/0000/out/1/1/1/0/37","327"
"2026-08-14T10:38:58.243Z","IN","m360/DF/0000/out/1/2/1/0/37","328"
"2026-08-14T10:38:58.244Z","IN","m360/DF/0000/out/1/2/1/0/37","328"
"2026-08-14T10:38:58.248Z","IN","m360/DF/0000/out/1/3/1/0/37","138"
"2026-08-14T10:38:58.249Z","IN","m360/DF/0000/out/1/3/1/0/37","138"
"2026-08-14T10:38:58.578Z","IN","m360/DF/0000/out/1/4/1/0/37","405"
"2026-08-14T10:38:58.578Z","IN","m360/DF/0000/out/1/4/1/0/37","405"
"2026-08-14T10:38:58.579Z","IN","m360/DF/0000/out/1/5/1/0/37","331"
"2026-08-14T10:38:58.579Z","IN","m360/DF/0000/out/1/5/1/0/37","331"
"2026-08-14T10:38:58.579Z","IN","m360/DF/0000/out/1/6/1/0/37","274"
"2026-08-14T10:38:58.579Z","IN","m360/DF/0000/out/1/6/1/0/37","274"
"2026-08-14T10:39:30.617Z","IN","m360/DF/0000/out/events","{""event"":""node_lost"",""nodeId"":99,""timestamp"":47524,""rssi"":-65,""details"":""Inactivity detected: timeout 300 s""}"
"2026-08-14T10:39:30.618Z","IN","m360/DF/0000/out/events","{""event"":""node_lost"",""nodeId"":99,""timestamp"":47524,""rssi"":-65,""details"":""Inactivity detected: timeout 300 s""}"
"2026-08-14T10:39:30.676Z","IN","m360/DF/0000/out","{""nodeId"":0,""sensorId"":255,""command"":3,""ack"":0,""type"":22,""payload"":"""",""timestamp"":47524,""description"":""heartbeat"",""event"":""heartbeat"",""uptime"":47524,""rssi"":-65,""wifiRssi"":-65,""batteryLevel"":100,""ip"":""192.168.1.2"",""version"":""2.0"",""source"":""gateway""}"
"2026-08-14T10:39:30.676Z","IN","m360/DF/0000/out","{""nodeId"":0,""sensorId"":255,""command"":3,""ack"":0,""type"":22,""payload"":"""",""timestamp"":47524,""description"":""heartbeat"",""event"":""heartbeat"",""uptime"":47524,""rssi"":-65,""wifiRssi"":-65,""batteryLevel"":100,""ip"":""192.168.1.2"",""version"":""2.0"",""source"":""gateway""}"
"2026-08-14T10:39:30.676Z","IN","m360/DF/0000/gateway/status","{""timestamp"":47524,""isConnected"":true,""connectionTime"":47517,""reconnectCount"":0,""lastErrorCode"":0,""uptime"":47524,""source"":""gateway"",""type"":""mqtt_metrics""}"
"2026-08-14T10:40:30.615Z","IN","m360/DF/0000/out","{""nodeId"":0,""sensorId"":255,""command"":3,""ack"":0,""type"":22,""payload"":"""",""timestamp"":47584,""description"":""heartbeat"",""event"":""heartbeat"",""uptime"":47584,""rssi"":-65,""wifiRssi"":-65,""batteryLevel"":100,""ip"":""192.168.1.2"",""version"":""2.0"",""source"":""gateway""}"
"2026-08-14T10:40:30.616Z","IN","m360/DF/0000/out","{""nodeId"":0,""sensorId"":255,""command"":3,""ack"":0,""type"":22,""payload"":"""",""timestamp"":47584,""description"":""heartbeat"",""event"":""heartbeat"",""uptime"":47584,""rssi"":-65,""wifiRssi"":-65,""batteryLevel"":100,""ip"":""192.168.1.2"",""version"":""2.0"",""source"":""gateway""}"
"2026-08-14T10:40:30.675Z","IN","m360/DF/0000/gateway/status","{""timestamp"":47584,""isConnected"":true,""connectionTime"":47577,""reconnectCount"":0,""lastErrorCode"":0,""uptime"":47584,""source"":""gateway"",""type"":""mqtt_metrics""}"
"2026-08-14T10:41:30.620Z","IN","m360/DF/0000/out","{""nodeId"":0,""sensorId"":255,""command"":3,""ack"":0,""type"":22,""payload"":"""",""timestamp"":47644,""description"":""heartbeat"",""event"":""heartbeat"",""uptime"":47644,""rssi"":-59,""wifiRssi"":-59,""batteryLevel"":100,""ip"":""192.168.1.2"",""version"":""2.0"",""source"":""gateway""}"
"2026-08-14T10:41:30.620Z","IN","m360/DF/0000/out","{""nodeId"":0,""sensorId"":255,""command"":3,""ack"":0,""type"":22,""payload"":"""",""timestamp"":47644,""description"":""heartbeat"",""event"":""heartbeat"",""uptime"":47644,""rssi"":-59,""wifiRssi"":-59,""batteryLevel"":100,""ip"":""192.168.1.2"",""version"":""2.0"",""source"":""gateway""}"
"2026-08-14T10:41:30.679Z","IN","m360/DF/0000/gateway/status","{""timestamp"":47644,""isConnected"":true,""connectionTime"":47637,""reconnectCount"":0,""lastErrorCode"":0,""uptime"":47644,""source"":""gateway"",""type"":""mqtt_metrics""}"
"2026-08-14T10:42:30.624Z","IN","m360/DF/0000/out","{""nodeId"":0,""sensorId"":255,""command"":3,""ack"":0,""type"":22,""payload"":"""",""timestamp"":47704,""description"":""heartbeat"",""event"":""heartbeat"",""uptime"":47704,""rssi"":-59,""wifiRssi"":-59,""batteryLevel"":100,""ip"":""192.168.1.2"",""version"":""2.0"",""source"":""gateway""}"
"2026-08-14T10:42:30.625Z","IN","m360/DF/0000/out","{""nodeId"":0,""sensorId"":255,""command"":3,""ack"":0,""type"":22,""payload"":"""",""timestamp"":47704,""description"":""heartbeat"",""event"":""heartbeat"",""uptime"":47704,""rssi"":-59,""wifiRssi"":-59,""batteryLevel"":100,""ip"":""192.168.1.2"",""version"":""2.0"",""source"":""gateway""}"
"2026-08-14T10:42:30.683Z","IN","m360/DF/0000/gateway/status","{""timestamp"":47704,""isConnected"":true,""connectionTime"":47697,""reconnectCount"":0,""lastErrorCode"":0,""uptime"":47704,""source"":""gateway"",""type"":""mqtt_metrics""}"
"2026-08-14T10:42:51.792Z","IN","m360/DF/0000/out/events","{""event"":""node_reconnected"",""nodeId"":99,""timestamp"":47726,""rssi"":-62,""details"":""Node back online or discovered""}"
"2026-08-14T10:42:51.792Z","IN","m360/DF/0000/out/events","{""event"":""node_reconnected"",""nodeId"":99,""timestamp"":47726,""rssi"":-62,""details"":""Node back online or discovered""}"
"2026-08-14T10:42:51.853Z","IN","m360/DF/0000/out/99/11/1/0/0","19"
"2026-08-14T10:42:51.853Z","IN","m360/DF/0000/out/99/11/1/0/0","19"
"2026-08-14T10:42:51.853Z","IN","m360/DF/0000/out/99/12/1/0/1","18"
"2026-08-14T10:42:51.855Z","IN","m360/DF/0000/out/99/12/1/0/1","18"
"2026-08-14T10:42:51.873Z","IN","m360/DF/0000/out/99/21/1/0/24","0"
"2026-08-14T10:42:51.874Z","IN","m360/DF/0000/out/99/21/1/0/24","0"
"2026-08-14T10:43:30.630Z","IN","m360/DF/0000/out","{""nodeId"":0,""sensorId"":255,""command"":3,""ack"":0,""type"":22,""payload"":"""",""timestamp"":47764,""description"":""heartbeat"",""event"":""heartbeat"",""uptime"":47764,""rssi"":-61,""wifiRssi"":-61,""batteryLevel"":100,""ip"":""192.168.1.2"",""version"":""2.0"",""source"":""gateway""}"
"2026-08-14T10:43:30.630Z","IN","m360/DF/0000/out","{""nodeId"":0,""sensorId"":255,""command"":3,""ack"":0,""type"":22,""payload"":"""",""timestamp"":47764,""description"":""heartbeat"",""event"":""heartbeat"",""uptime"":47764,""rssi"":-61,""wifiRssi"":-61,""batteryLevel"":100,""ip"":""192.168.1.2"",""version"":""2.0"",""source"":""gateway""}"
"2026-08-14T10:43:30.688Z","IN","m360/DF/0000/gateway/status","{""timestamp"":47764,""isConnected"":true,""connectionTime"":47757,""reconnectCount"":0,""lastErrorCode"":0,""uptime"":47764,""source"":""gateway"",""type"":""mqtt_metrics""}"
"2026-08-14T10:44:30.637Z","IN","m360/DF/0000/out/events","{""event"":""node_lost"",""nodeId"":1,""timestamp"":47824,""rssi"":-65,""details"":""Inactivity detected: timeout 300 s""}"
"2026-08-14T10:44:30.637Z","IN","m360/DF/0000/out/events","{""event"":""node_lost"",""nodeId"":1,""timestamp"":47824,""rssi"":-65,""details"":""Inactivity detected: timeout 300 s""}"
"2026-08-14T10:44:30.698Z","IN","m360/DF/0000/out","{""nodeId"":0,""sensorId"":255,""command"":3,""ack"":0,""type"":22,""payload"":"""",""timestamp"":47824,""description"":""heartbeat"",""event"":""heartbeat"",""uptime"":47824,""rssi"":-65,""wifiRssi"":-65,""batteryLevel"":100,""ip"":""192.168.1.2"",""version"":""2.0"",""source"":""gateway""}"
"2026-08-14T10:44:30.698Z","IN","m360/DF/0000/out","{""nodeId"":0,""sensorId"":255,""command"":3,""ack"":0,""type"":22,""payload"":"""",""timestamp"":47824,""description"":""heartbeat"",""event"":""heartbeat"",""uptime"":47824,""rssi"":-65,""wifiRssi"":-65,""batteryLevel"":100,""ip"":""192.168.1.2"",""version"":""2.0"",""source"":""gateway""}"
"2026-08-14T10:44:30.698Z","IN","m360/DF/0000/gateway/status","{""timestamp"":47824,""isConnected"":true,""connectionTime"":47817,""reconnectCount"":0,""lastErrorCode"":0,""uptime"":47824,""source"":""gateway"",""type"":""mqtt_metrics""}"
"2026-08-14T10:45:24.682Z","IN","m360/DF/0000/out/events","{""event"":""node_reconnected"",""nodeId"":2,""timestamp"":47878,""rssi"":-64,""details"":""Node back online or discovered""}"
"2026-08-14T10:45:24.683Z","IN","m360/DF/0000/out/events","{""event"":""node_reconnected"",""nodeId"":2,""timestamp"":47878,""rssi"":-64,""details"":""Node back online or discovered""}"
"2026-08-14T10:45:24.742Z","IN","m360/DF/0000/out/2/1/1/0/37","113"
"2026-08-14T10:45:24.742Z","IN","m360/DF/0000/out/2/1/1/0/37","113"
"2026-08-14T10:45:24.742Z","IN","m360/DF/0000/out/2/2/1/0/37","405"
"2026-08-14T10:45:24.743Z","IN","m360/DF/0000/out/2/2/1/0/37","405"
"2026-08-14T10:45:25.064Z","IN","m360/DF/0000/out/2/5/1/0/37","594"
"2026-08-14T10:45:25.064Z","IN","m360/DF/0000/out/2/5/1/0/37","594"
"2026-08-14T10:45:25.068Z","IN","m360/DF/0000/out/2/6/1/0/37","356"
"2026-08-14T10:45:25.068Z","IN","m360/DF/0000/out/2/6/1/0/37","356"
"2026-08-14T10:45:30.637Z","IN","m360/DF/0000/out","{""nodeId"":0,""sensorId"":255,""command"":3,""ack"":0,""type"":22,""payload"":"""",""timestamp"":47884,""description"":""heartbeat"",""event"":""heartbeat"",""uptime"":47884,""rssi"":-63,""wifiRssi"":-63,""batteryLevel"":100,""ip"":""192.168.1.2"",""version"":""2.0"",""source"":""gateway""}"
"2026-08-14T10:45:30.638Z","IN","m360/DF/0000/out","{""nodeId"":0,""sensorId"":255,""command"":3,""ack"":0,""type"":22,""payload"":"""",""timestamp"":47884,""description"":""heartbeat"",""event"":""heartbeat"",""uptime"":47884,""rssi"":-63,""wifiRssi"":-63,""batteryLevel"":100,""ip"":""192.168.1.2"",""version"":""2.0"",""source"":""gateway""}"
"2026-08-14T10:45:30.696Z","IN","m360/DF/0000/gateway/status","{""timestamp"":47884,""isConnected"":true,""connectionTime"":47877,""reconnectCount"":0,""lastErrorCode"":0,""uptime"":47884,""source"":""gateway"",""type"":""mqtt_metrics""}"
"2026-08-14T10:45:58.570Z","IN","m360/DF/0000/out/events","{""event"":""node_reconnected"",""nodeId"":1,""timestamp"":47912,""rssi"":-64,""details"":""Node back online or discovered""}"
"2026-08-14T10:45:58.571Z","IN","m360/DF/0000/out/events","{""event"":""node_reconnected"",""nodeId"":1,""timestamp"":47912,""rssi"":-64,""details"":""Node back online or discovered""}"
"2026-08-14T10:45:58.627Z","IN","m360/DF/0000/out/1/1/1/0/37","318"
"2026-08-14T10:45:58.627Z","IN","m360/DF/0000/out/1/1/1/0/37","318"
"2026-08-14T10:45:58.627Z","IN","m360/DF/0000/out/1/2/1/0/37","322"
"2026-08-14T10:45:58.629Z","IN","m360/DF/0000/out/1/2/1/0/37","322"
"2026-08-14T10:45:59.023Z","IN","m360/DF/0000/out/1/3/1/0/37","132"
"2026-08-14T10:45:59.023Z","IN","m360/DF/0000/out/1/3/1/0/37","132"
"2026-08-14T10:45:59.057Z","IN","m360/DF/0000/out/1/4/1/0/37","395"
"2026-08-14T10:45:59.058Z","IN","m360/DF/0000/out/1/4/1/0/37","395"
"2026-08-14T10:45:59.058Z","IN","m360/DF/0000/out/1/5/1/0/37","324"
"2026-08-14T10:45:59.058Z","IN","m360/DF/0000/out/1/5/1/0/37","324"
"2026-08-14T10:45:59.058Z","IN","m360/DF/0000/out/1/6/1/0/37","248"
"2026-08-14T10:45:59.058Z","IN","m360/DF/0000/out/1/6/1/0/37","248"
"2026-08-14T10:46:24.694Z","IN","m360/DF/0000/out/2/1/1/0/37","114"
"2026-08-14T10:46:24.694Z","IN","m360/DF/0000/out/2/1/1/0/37","114"
"2026-08-14T10:46:24.818Z","IN","m360/DF/0000/out/2/2/1/0/37","423"
"2026-08-14T10:46:24.818Z","IN","m360/DF/0000/out/2/2/1/0/37","423"
"2026-08-14T10:46:24.818Z","IN","m360/DF/0000/out/2/4/1/0/37","1020"
"2026-08-14T10:46:24.818Z","IN","m360/DF/0000/out/2/4/1/0/37","1020"
"2026-08-14T10:46:25.171Z","IN","m360/DF/0000/out/2/5/1/0/37","610"
"2026-08-14T10:46:25.171Z","IN","m360/DF/0000/out/2/5/1/0/37","610"
"2026-08-14T10:46:25.231Z","IN","m360/DF/0000/out/2/6/1/0/37","359"
"2026-08-14T10:46:25.231Z","IN","m360/DF/0000/out/2/6/1/0/37","359"
"2026-08-14T10:46:30.642Z","IN","m360/DF/0000/out","{""nodeId"":0,""sensorId"":255,""command"":3,""ack"":0,""type"":22,""payload"":"""",""timestamp"":47944,""description"":""heartbeat"",""event"":""heartbeat"",""uptime"":47944,""rssi"":-65,""wifiRssi"":-65,""batteryLevel"":100,""ip"":""192.168.1.2"",""version"":""2.0"",""source"":""gateway""}"
"2026-08-14T10:46:30.643Z","IN","m360/DF/0000/out","{""nodeId"":0,""sensorId"":255,""command"":3,""ack"":0,""type"":22,""payload"":"""",""timestamp"":47944,""description"":""heartbeat"",""event"":""heartbeat"",""uptime"":47944,""rssi"":-65,""wifiRssi"":-65,""batteryLevel"":100,""ip"":""192.168.1.2"",""version"":""2.0"",""source"":""gateway""}"
"2026-08-14T10:46:30.701Z","IN","m360/DF/0000/gateway/status","{""timestamp"":47944,""isConnected"":true,""connectionTime"":47937,""reconnectCount"":0,""lastErrorCode"":0,""uptime"":47944,""source"":""gateway"",""type"":""mqtt_metrics""}"
"2026-08-14T10:46:58.628Z","IN","m360/DF/0000/out/1/1/1/0/37","314"
"2026-08-14T10:46:58.629Z","IN","m360/DF/0000/out/1/1/1/0/37","314"
"2026-08-14T10:46:58.737Z","IN","m360/DF/0000/out/1/2/1/0/37","331"
"2026-08-14T10:46:58.737Z","IN","m360/DF/0000/out/1/2/1/0/37","331"
"2026-08-14T10:46:58.739Z","IN","m360/DF/0000/out/1/3/1/0/37","127"
"2026-08-14T10:46:58.740Z","IN","m360/DF/0000/out/1/3/1/0/37","127"
"2026-08-14T10:46:59.081Z","IN","m360/DF/0000/out/1/4/1/0/37","406"
"2026-08-14T10:46:59.081Z","IN","m360/DF/0000/out/1/4/1/0/37","406"
"2026-08-14T10:46:59.081Z","IN","m360/DF/0000/out/1/5/1/0/37","325"
"2026-08-14T10:46:59.081Z","IN","m360/DF/0000/out/1/5/1/0/37","325"
"2026-08-14T10:46:59.081Z","IN","m360/DF/0000/out/1/6/1/0/37","265"
"2026-08-14T10:46:59.082Z","IN","m360/DF/0000/out/1/6/1/0/37","265"
"2026-08-14T10:47:24.715Z","IN","m360/DF/0000/out/2/1/1/0/37","113"
"2026-08-14T10:47:24.715Z","IN","m360/DF/0000/out/2/1/1/0/37","113"
"2026-08-14T10:47:24.847Z","IN","m360/DF/0000/out/2/2/1/0/37","429"
"2026-08-14T10:47:24.848Z","IN","m360/DF/0000/out/2/2/1/0/37","429"
"2026-08-14T10:47:24.849Z","IN","m360/DF/0000/out/2/3/1/0/37","1020"
"2026-08-14T10:47:24.850Z","IN","m360/DF/0000/out/2/3/1/0/37","1020"
"2026-08-14T10:47:25.255Z","IN","m360/DF/0000/out/2/4/1/0/37","1019"
"2026-08-14T10:47:25.255Z","IN","m360/DF/0000/out/2/4/1/0/37","1019"
"2026-08-14T10:47:25.255Z","IN","m360/DF/0000/out/2/5/1/0/37","625"
"2026-08-14T10:47:25.255Z","IN","m360/DF/0000/out/2/5/1/0/37","625"
"2026-08-14T10:47:25.255Z","IN","m360/DF/0000/out/2/6/1/0/37","382"
"2026-08-14T10:47:25.255Z","IN","m360/DF/0000/out/2/6/1/0/37","382"
"2026-08-14T10:47:30.647Z","IN","m360/DF/0000/out","{""nodeId"":0,""sensorId"":255,""command"":3,""ack"":0,""type"":22,""payload"":"""",""timestamp"":48004,""description"":""heartbeat"",""event"":""heartbeat"",""uptime"":48004,""rssi"":-66,""wifiRssi"":-66,""batteryLevel"":100,""ip"":""192.168.1.2"",""version"":""2.0"",""source"":""gateway""}"
"2026-08-14T10:47:30.648Z","IN","m360/DF/0000/out","{""nodeId"":0,""sensorId"":255,""command"":3,""ack"":0,""type"":22,""payload"":"""",""timestamp"":48004,""description"":""heartbeat"",""event"":""heartbeat"",""uptime"":48004,""rssi"":-66,""wifiRssi"":-66,""batteryLevel"":100,""ip"":""192.168.1.2"",""version"":""2.0"",""source"":""gateway""}"
"2026-08-14T10:47:30.716Z","IN","m360/DF/0000/gateway/status","{""timestamp"":48004,""isConnected"":true,""connectionTime"":47997,""reconnectCount"":0,""lastErrorCode"":0,""uptime"":48004,""source"":""gateway"",""type"":""mqtt_metrics""}"
"2026-08-14T10:47:58.680Z","IN","m360/DF/0000/out/1/1/1/0/37","324"
"2026-08-14T10:47:58.681Z","IN","m360/DF/0000/out/1/1/1/0/37","324"
"2026-08-14T10:47:58.774Z","IN","m360/DF/0000/out/1/2/1/0/37","334"
"2026-08-14T10:47:58.775Z","IN","m360/DF/0000/out/1/2/1/0/37","334"
"2026-08-14T10:47:59.045Z","IN","m360/DF/0000/out/1/3/1/0/37","131"
"2026-08-14T10:47:59.045Z","IN","m360/DF/0000/out/1/3/1/0/37","131"
"2026-08-14T10:47:59.045Z","IN","m360/DF/0000/out/1/4/1/0/37","409"
"2026-08-14T10:47:59.045Z","IN","m360/DF/0000/out/1/4/1/0/37","409"
"2026-08-14T10:47:59.045Z","IN","m360/DF/0000/out/1/5/1/0/37","329"
"2026-08-14T10:47:59.045Z","IN","m360/DF/0000/out/1/5/1/0/37","329"
"2026-08-14T10:47:59.045Z","IN","m360/DF/0000/out/1/6/1/0/37","266"
"2026-08-14T10:47:59.045Z","IN","m360/DF/0000/out/1/6/1/0/37","266"
"2026-08-14T10:48:24.741Z","IN","m360/DF/0000/out/2/1/1/0/37","104"
"2026-08-14T10:48:24.741Z","IN","m360/DF/0000/out/2/1/1/0/37","104"
"2026-08-14T10:48:24.862Z","IN","m360/DF/0000/out/2/2/1/0/37","434"
"2026-08-14T10:48:24.863Z","IN","m360/DF/0000/out/2/2/1/0/37","434"
"2026-08-14T10:48:24.872Z","IN","m360/DF/0000/out/2/5/1/0/37","631"
"2026-08-14T10:48:24.872Z","IN","m360/DF/0000/out/2/5/1/0/37","631"
"2026-08-14T10:48:25.264Z","IN","m360/DF/0000/out/2/6/1/0/37","379"
"2026-08-14T10:48:25.264Z","IN","m360/DF/0000/out/2/6/1/0/37","379"
"2026-08-14T10:48:30.655Z","IN","m360/DF/0000/out/events","{""event"":""node_lost"",""nodeId"":99,""timestamp"":48064,""rssi"":-68,""details"":""Inactivity detected: timeout 300 s""}"
"2026-08-14T10:48:30.655Z","IN","m360/DF/0000/out/events","{""event"":""node_lost"",""nodeId"":99,""timestamp"":48064,""rssi"":-68,""details"":""Inactivity detected: timeout 300 s""}"
"2026-08-14T10:48:30.715Z","IN","m360/DF/0000/out","{""nodeId"":0,""sensorId"":255,""command"":3,""ack"":0,""type"":22,""payload"":"""",""timestamp"":48064,""description"":""heartbeat"",""event"":""heartbeat"",""uptime"":48064,""rssi"":-68,""wifiRssi"":-68,""batteryLevel"":100,""ip"":""192.168.1.2"",""version"":""2.0"",""source"":""gateway""}"
"2026-08-14T10:48:30.715Z","IN","m360/DF/0000/out","{""nodeId"":0,""sensorId"":255,""command"":3,""ack"":0,""type"":22,""payload"":"""",""timestamp"":48064,""description"":""heartbeat"",""event"":""heartbeat"",""uptime"":48064,""rssi"":-68,""wifiRssi"":-68,""batteryLevel"":100,""ip"":""192.168.1.2"",""version"":""2.0"",""source"":""gateway""}"
"2026-08-14T10:48:30.715Z","IN","m360/DF/0000/gateway/status","{""timestamp"":48064,""isConnected"":true,""connectionTime"":48057,""reconnectCount"":0,""lastErrorCode"":0,""uptime"":48064,""source"":""gateway"",""type"":""mqtt_metrics""}"
"2026-08-14T10:48:58.766Z","IN","m360/DF/0000/out/1/1/1/0/37","329"
"2026-08-14T10:48:58.766Z","IN","m360/DF/0000/out/1/1/1/0/37","329"
"2026-08-14T10:48:59.032Z","IN","m360/DF/0000/out/1/2/1/0/37","340"
"2026-08-14T10:48:59.032Z","IN","m360/DF/0000/out/1/2/1/0/37","340"
"2026-08-14T10:48:59.034Z","IN","m360/DF/0000/out/1/3/1/0/37","129"
"2026-08-14T10:48:59.034Z","IN","m360/DF/0000/out/1/3/1/0/37","129"
"2026-08-14T10:48:59.034Z","IN","m360/DF/0000/out/1/4/1/0/37","417"
"2026-08-14T10:48:59.034Z","IN","m360/DF/0000/out/1/4/1/0/37","417"
"2026-08-14T10:48:59.034Z","IN","m360/DF/0000/out/1/5/1/0/37","335"
"2026-08-14T10:48:59.034Z","IN","m360/DF/0000/out/1/5/1/0/37","335"
"2026-08-14T10:49:24.750Z","IN","m360/DF/0000/out/2/1/1/0/37","98"
"2026-08-14T10:49:24.750Z","IN","m360/DF/0000/out/2/1/1/0/37","98"
"2026-08-14T10:49:24.860Z","IN","m360/DF/0000/out/2/2/1/0/37","435"
"2026-08-14T10:49:24.860Z","IN","m360/DF/0000/out/2/2/1/0/37","435"
"2026-08-14T10:49:24.862Z","IN","m360/DF/0000/out/2/5/1/0/37","612"
"2026-08-14T10:49:24.862Z","IN","m360/DF/0000/out/2/5/1/0/37","612"
"2026-08-14T10:49:25.140Z","IN","m360/DF/0000/out/2/6/1/0/37","372"
"2026-08-14T10:49:25.140Z","IN","m360/DF/0000/out/2/6/1/0/37","372"
"2026-08-14T10:49:30.655Z","IN","m360/DF/0000/out","{""nodeId"":0,""sensorId"":255,""command"":3,""ack"":0,""type"":22,""payload"":"""",""timestamp"":48124,""description"":""heartbeat"",""event"":""heartbeat"",""uptime"":48124,""rssi"":-68,""wifiRssi"":-68,""batteryLevel"":100,""ip"":""192.168.1.2"",""version"":""2.0"",""source"":""gateway""}"
"2026-08-14T10:49:30.655Z","IN","m360/DF/0000/out","{""nodeId"":0,""sensorId"":255,""command"":3,""ack"":0,""type"":22,""payload"":"""",""timestamp"":48124,""description"":""heartbeat"",""event"":""heartbeat"",""uptime"":48124,""rssi"":-68,""wifiRssi"":-68,""batteryLevel"":100,""ip"":""192.168.1.2"",""version"":""2.0"",""source"":""gateway""}"
"2026-08-14T10:49:30.722Z","IN","m360/DF/0000/gateway/status","{""timestamp"":48124,""isConnected"":true,""connectionTime"":48117,""reconnectCount"":0,""lastErrorCode"":0,""uptime"":48124,""source"":""gateway"",""type"":""mqtt_metrics""}"
"2026-08-14T10:49:58.855Z","IN","m360/DF/0000/out/1/1/1/0/37","330"
"2026-08-14T10:49:58.856Z","IN","m360/DF/0000/out/1/1/1/0/37","330"
"2026-08-14T10:49:59.224Z","IN","m360/DF/0000/out/1/2/1/0/37","346"
"2026-08-14T10:49:59.224Z","IN","m360/DF/0000/out/1/2/1/0/37","346"
"2026-08-14T10:49:59.226Z","IN","m360/DF/0000/out/1/3/1/0/37","132"
"2026-08-14T10:49:59.226Z","IN","m360/DF/0000/out/1/3/1/0/37","132"
"2026-08-14T10:49:59.227Z","IN","m360/DF/0000/out/1/4/1/0/37","427"
"2026-08-14T10:49:59.227Z","IN","m360/DF/0000/out/1/4/1/0/37","427"
"2026-08-14T10:49:59.227Z","IN","m360/DF/0000/out/1/5/1/0/37","337"
"2026-08-14T10:49:59.227Z","IN","m360/DF/0000/out/1/5/1/0/37","337"
"2026-08-14T10:49:59.227Z","IN","m360/DF/0000/out/1/6/1/0/37","270"
"2026-08-14T10:49:59.227Z","IN","m360/DF/0000/out/1/6/1/0/37","270"
"2026-08-14T10:50:24.754Z","IN","m360/DF/0000/out/2/1/1/0/37","112"
"2026-08-14T10:50:24.754Z","IN","m360/DF/0000/out/2/1/1/0/37","112"
"2026-08-14T10:50:24.858Z","IN","m360/DF/0000/out/2/4/1/0/37","1023"
"2026-08-14T10:50:24.858Z","IN","m360/DF/0000/out/2/4/1/0/37","1023"
"2026-08-14T10:50:25.197Z","IN","m360/DF/0000/out/2/5/1/0/37","621"
"2026-08-14T10:50:25.197Z","IN","m360/DF/0000/out/2/5/1/0/37","621"
"2026-08-14T10:50:25.199Z","IN","m360/DF/0000/out/2/6/1/0/37","382"
"2026-08-14T10:50:25.200Z","IN","m360/DF/0000/out/2/6/1/0/37","382"
"2026-08-14T10:50:30.660Z","IN","m360/DF/0000/out","{""nodeId"":0,""sensorId"":255,""command"":3,""ack"":0,""type"":22,""payload"":"""",""timestamp"":48184,""description"":""heartbeat"",""event"":""heartbeat"",""uptime"":48184,""rssi"":-69,""wifiRssi"":-69,""batteryLevel"":100,""ip"":""192.168.1.2"",""version"":""2.0"",""source"":""gateway""}"
"2026-08-14T10:50:30.661Z","IN","m360/DF/0000/out","{""nodeId"":0,""sensorId"":255,""command"":3,""ack"":0,""type"":22,""payload"":"""",""timestamp"":48184,""description"":""heartbeat"",""event"":""heartbeat"",""uptime"":48184,""rssi"":-69,""wifiRssi"":-69,""batteryLevel"":100,""ip"":""192.168.1.2"",""version"":""2.0"",""source"":""gateway""}"
"2026-08-14T10:50:30.719Z","IN","m360/DF/0000/gateway/status","{""timestamp"":48184,""isConnected"":true,""connectionTime"":48177,""reconnectCount"":0,""lastErrorCode"":0,""uptime"":48184,""source"":""gateway"",""type"":""mqtt_metrics""}"
"2026-08-14T10:50:58.913Z","IN","m360/DF/0000/out/1/1/1/0/37","332"
"2026-08-14T10:50:58.914Z","IN","m360/DF/0000/out/1/1/1/0/37","332"
"2026-08-14T10:50:59.248Z","IN","m360/DF/0000/out/1/2/1/0/37","335"
"2026-08-14T10:50:59.248Z","IN","m360/DF/0000/out/1/2/1/0/37","335"
"2026-08-14T10:50:59.250Z","IN","m360/DF/0000/out/1/3/1/0/37","129"
"2026-08-14T10:50:59.250Z","IN","m360/DF/0000/out/1/3/1/0/37","129"
"2026-08-14T10:50:59.250Z","IN","m360/DF/0000/out/1/4/1/0/37","431"
"2026-08-14T10:50:59.250Z","IN","m360/DF/0000/out/1/4/1/0/37","431"
"2026-08-14T10:50:59.250Z","IN","m360/DF/0000/out/1/5/1/0/37","344"
"2026-08-14T10:50:59.250Z","IN","m360/DF/0000/out/1/5/1/0/37","344"
"2026-08-14T10:50:59.250Z","IN","m360/DF/0000/out/1/6/1/0/37","271"
"2026-08-14T10:50:59.250Z","IN","m360/DF/0000/out/1/6/1/0/37","271"
"2026-08-14T10:51:24.776Z","IN","m360/DF/0000/out/2/1/1/0/37","139"
"2026-08-14T10:51:24.777Z","IN","m360/DF/0000/out/2/1/1/0/37","139"
"2026-08-14T10:51:24.886Z","IN","m360/DF/0000/out/2/2/1/0/37","404"
"2026-08-14T10:51:24.887Z","IN","m360/DF/0000/out/2/2/1/0/37","404"
"2026-08-14T10:51:24.916Z","IN","m360/DF/0000/out/2/3/1/0/37","1018"
"2026-08-14T10:51:24.918Z","IN","m360/DF/0000/out/2/3/1/0/37","1018"
"2026-08-14T10:51:25.143Z","IN","m360/DF/0000/out/2/4/1/0/37","1020"
"2026-08-14T10:51:25.143Z","IN","m360/DF/0000/out/2/4/1/0/37","1020"
"2026-08-14T10:51:25.172Z","IN","m360/DF/0000/out/2/5/1/0/37","625"
"2026-08-14T10:51:25.172Z","IN","m360/DF/0000/out/2/5/1/0/37","625"
"2026-08-14T10:51:25.230Z","IN","m360/DF/0000/out/2/6/1/0/37","392"
"2026-08-14T10:51:25.230Z","IN","m360/DF/0000/out/2/6/1/0/37","392"
"2026-08-14T10:51:30.667Z","IN","m360/DF/0000/out","{""nodeId"":0,""sensorId"":255,""command"":3,""ack"":0,""type"":22,""payload"":"""",""timestamp"":48244,""description"":""heartbeat"",""event"":""heartbeat"",""uptime"":48244,""rssi"":-69,""wifiRssi"":-69,""batteryLevel"":100,""ip"":""192.168.1.2"",""version"":""2.0"",""source"":""gateway""}"
"2026-08-14T10:51:30.668Z","IN","m360/DF/0000/out","{""nodeId"":0,""sensorId"":255,""command"":3,""ack"":0,""type"":22,""payload"":"""",""timestamp"":48244,""description"":""heartbeat"",""event"":""heartbeat"",""uptime"":48244,""rssi"":-69,""wifiRssi"":-69,""batteryLevel"":100,""ip"":""192.168.1.2"",""version"":""2.0"",""source"":""gateway""}"
"2026-08-14T10:51:30.727Z","IN","m360/DF/0000/gateway/status","{""timestamp"":48244,""isConnected"":true,""connectionTime"":48237,""reconnectCount"":0,""lastErrorCode"":0,""uptime"":48244,""source"":""gateway"",""type"":""mqtt_metrics""}"
"2026-08-14T10:51:58.992Z","IN","m360/DF/0000/out/1/1/1/0/37","334"
"2026-08-14T10:51:58.993Z","IN","m360/DF/0000/out/1/1/1/0/37","334"
"2026-08-14T10:51:59.141Z","IN","m360/DF/0000/out/1/2/1/0/37","338"
"2026-08-14T10:51:59.142Z","IN","m360/DF/0000/out/1/2/1/0/37","338"
"2026-08-14T10:51:59.147Z","IN","m360/DF/0000/out/1/3/1/0/37","116"
"2026-08-14T10:51:59.148Z","IN","m360/DF/0000/out/1/3/1/0/37","116"
"2026-08-14T10:51:59.148Z","IN","m360/DF/0000/out/1/4/1/0/37","416"
"2026-08-14T10:51:59.148Z","IN","m360/DF/0000/out/1/4/1/0/37","416"
"2026-08-14T10:51:59.149Z","IN","m360/DF/0000/out/1/5/1/0/37","327"
"2026-08-14T10:51:59.150Z","IN","m360/DF/0000/out/1/5/1/0/37","327"
"2026-08-14T10:51:59.636Z","IN","m360/DF/0000/out/1/6/1/0/37","256"
"2026-08-14T10:51:59.636Z","IN","m360/DF/0000/out/1/6/1/0/37","256"
"2026-08-14T10:52:24.768Z","IN","m360/DF/0000/out/2/1/1/0/37","112"
"2026-08-14T10:52:24.768Z","IN","m360/DF/0000/out/2/1/1/0/37","112"
"2026-08-14T10:52:24.877Z","IN","m360/DF/0000/out/2/2/1/0/37","437"
"2026-08-14T10:52:24.880Z","IN","m360/DF/0000/out/2/2/1/0/37","437"
"2026-08-14T10:52:24.881Z","IN","m360/DF/0000/out/2/3/1/0/37","1020"
"2026-08-14T10:52:24.881Z","IN","m360/DF/0000/out/2/3/1/0/37","1020"
"2026-08-14T10:52:24.924Z","IN","m360/DF/0000/out/2/5/1/0/37","619"
"2026-08-14T10:52:24.925Z","IN","m360/DF/0000/out/2/5/1/0/37","619"
"2026-08-14T10:52:25.295Z","IN","m360/DF/0000/out/2/6/1/0/37","340"
"2026-08-14T10:52:25.295Z","IN","m360/DF/0000/out/2/6/1/0/37","340"
"2026-08-14T10:52:30.674Z","IN","m360/DF/0000/out","{""nodeId"":0,""sensorId"":255,""command"":3,""ack"":0,""type"":22,""payload"":"""",""timestamp"":48304,""description"":""heartbeat"",""event"":""heartbeat"",""uptime"":48304,""rssi"":-68,""wifiRssi"":-68,""batteryLevel"":100,""ip"":""192.168.1.2"",""version"":""2.0"",""source"":""gateway""}"
"2026-08-14T10:52:30.674Z","IN","m360/DF/0000/out","{""nodeId"":0,""sensorId"":255,""command"":3,""ack"":0,""type"":22,""payload"":"""",""timestamp"":48304,""description"":""heartbeat"",""event"":""heartbeat"",""uptime"":48304,""rssi"":-68,""wifiRssi"":-68,""batteryLevel"":100,""ip"":""192.168.1.2"",""version"":""2.0"",""source"":""gateway""}"
"2026-08-14T10:52:30.732Z","IN","m360/DF/0000/gateway/status","{""timestamp"":48304,""isConnected"":true,""connectionTime"":48297,""reconnectCount"":0,""lastErrorCode"":0,""uptime"":48304,""source"":""gateway"",""type"":""mqtt_metrics""}"
"2026-08-14T10:52:59.045Z","IN","m360/DF/0000/out/1/1/1/0/37","336"
"2026-08-14T10:52:59.045Z","IN","m360/DF/0000/out/1/1/1/0/37","336"
"2026-08-14T10:52:59.159Z","IN","m360/DF/0000/out/1/3/1/0/37","105"
"2026-08-14T10:52:59.160Z","IN","m360/DF/0000/out/1/3/1/0/37","105"
"2026-08-14T10:52:59.168Z","IN","m360/DF/0000/out/1/4/1/0/37","421"
"2026-08-14T10:52:59.168Z","IN","m360/DF/0000/out/1/4/1/0/37","421"
"2026-08-14T10:52:59.573Z","IN","m360/DF/0000/out/1/5/1/0/37","334"
"2026-08-14T10:52:59.574Z","IN","m360/DF/0000/out/1/5/1/0/37","334"
"2026-08-14T10:52:59.574Z","IN","m360/DF/0000/out/1/6/1/0/37","233"
"2026-08-14T10:52:59.574Z","IN","m360/DF/0000/out/1/6/1/0/37","233"
"2026-08-14T10:53:24.767Z","IN","m360/DF/0000/out/2/1/1/0/37","117"
"2026-08-14T10:53:24.768Z","IN","m360/DF/0000/out/2/1/1/0/37","117"
"2026-08-14T10:53:24.865Z","IN","m360/DF/0000/out/2/3/1/0/37","1019"
"2026-08-14T10:53:24.865Z","IN","m360/DF/0000/out/2/3/1/0/37","1019"
"2026-08-14T10:53:25.146Z","IN","m360/DF/0000/out/2/4/1/0/37","1015"
"2026-08-14T10:53:25.146Z","IN","m360/DF/0000/out/2/4/1/0/37","1015"
"2026-08-14T10:53:25.146Z","IN","m360/DF/0000/out/2/5/1/0/37","630"
"2026-08-14T10:53:25.146Z","IN","m360/DF/0000/out/2/5/1/0/37","630"
"2026-08-14T10:53:25.146Z","IN","m360/DF/0000/out/2/6/1/0/37","395"
"2026-08-14T10:53:25.146Z","IN","m360/DF/0000/out/2/6/1/0/37","395"
"2026-08-14T10:53:30.674Z","IN","m360/DF/0000/out","{""nodeId"":0,""sensorId"":255,""command"":3,""ack"":0,""type"":22,""payload"":"""",""timestamp"":48364,""description"":""heartbeat"",""event"":""heartbeat"",""uptime"":48364,""rssi"":-69,""wifiRssi"":-69,""batteryLevel"":100,""ip"":""192.168.1.2"",""version"":""2.0"",""source"":""gateway""}"
"2026-08-14T10:53:30.675Z","IN","m360/DF/0000/out","{""nodeId"":0,""sensorId"":255,""command"":3,""ack"":0,""type"":22,""payload"":"""",""timestamp"":48364,""description"":""heartbeat"",""event"":""heartbeat"",""uptime"":48364,""rssi"":-69,""wifiRssi"":-69,""batteryLevel"":100,""ip"":""192.168.1.2"",""version"":""2.0"",""source"":""gateway""}"
"2026-08-14T10:53:30.731Z","IN","m360/DF/0000/gateway/status","{""timestamp"":48364,""isConnected"":true,""connectionTime"":48357,""reconnectCount"":0,""lastErrorCode"":0,""uptime"":48364,""source"":""gateway"",""type"":""mqtt_metrics""}"
"2026-08-14T10:53:51.042Z","IN","m360/DF/0000/out/events","{""event"":""node_reconnected"",""nodeId"":99,""timestamp"":48385,""rssi"":-69,""details"":""Node back online or discovered""}"
"2026-08-14T10:53:51.042Z","IN","m360/DF/0000/out/events","{""event"":""node_reconnected"",""nodeId"":99,""timestamp"":48385,""rssi"":-69,""details"":""Node back online or discovered""}"
"2026-08-14T10:53:51.102Z","IN","m360/DF/0000/out/99/11/1/0/0","19"
"2026-08-14T10:53:51.103Z","IN","m360/DF/0000/out/99/11/1/0/0","19"
"2026-08-14T10:53:51.103Z","IN","m360/DF/0000/out/99/12/1/0/1","18"
"2026-08-14T10:53:51.104Z","IN","m360/DF/0000/out/99/12/1/0/1","18"
"2026-08-14T10:53:51.130Z","IN","m360/DF/0000/out/99/21/1/0/24","0"
"2026-08-14T10:53:51.130Z","IN","m360/DF/0000/out/99/21/1/0/24","0"
"2026-08-14T10:53:59.113Z","IN","m360/DF/0000/out/1/1/1/0/37","338"
"2026-08-14T10:53:59.113Z","IN","m360/DF/0000/out/1/1/1/0/37","338"
"2026-08-14T10:53:59.242Z","IN","m360/DF/0000/out/1/2/1/0/37","317"
"2026-08-14T10:53:59.243Z","IN","m360/DF/0000/out/1/2/1/0/37","317"
"2026-08-14T10:53:59.246Z","IN","m360/DF/0000/out/1/3/1/0/37","129"
"2026-08-14T10:53:59.246Z","IN","m360/DF/0000/out/1/3/1/0/37","129"
"2026-08-14T10:53:59.254Z","IN","m360/DF/0000/out/1/4/1/0/37","426"
"2026-08-14T10:53:59.255Z","IN","m360/DF/0000/out/1/4/1/0/37","426"
"2026-08-14T10:53:59.653Z","IN","m360/DF/0000/out/1/5/1/0/37","333"
"2026-08-14T10:53:59.653Z","IN","m360/DF/0000/out/1/5/1/0/37","333"
"2026-08-14T10:53:59.653Z","IN","m360/DF/0000/out/1/6/1/0/37","266"
"2026-08-14T10:53:59.653Z","IN","m360/DF/0000/out/1/6/1/0/37","266"
"2026-08-14T10:54:24.798Z","IN","m360/DF/0000/out/2/1/1/0/37","111"
"2026-08-14T10:54:24.799Z","IN","m360/DF/0000/out/2/1/1/0/37","111"
"2026-08-14T10:54:24.927Z","IN","m360/DF/0000/out/2/2/1/0/37","438"
"2026-08-14T10:54:24.927Z","IN","m360/DF/0000/out/2/2/1/0/37","438"
"2026-08-14T10:54:24.928Z","IN","m360/DF/0000/out/2/3/1/0/37","1020"
"2026-08-14T10:54:24.928Z","IN","m360/DF/0000/out/2/3/1/0/37","1020"
"2026-08-14T10:54:25.341Z","IN","m360/DF/0000/out/2/4/1/0/37","1020"
"2026-08-14T10:54:25.341Z","IN","m360/DF/0000/out/2/4/1/0/37","1020"
"2026-08-14T10:54:25.380Z","IN","m360/DF/0000/out/2/5/1/0/37","656"
"2026-08-14T10:54:25.380Z","IN","m360/DF/0000/out/2/5/1/0/37","656"
"2026-08-14T10:54:25.380Z","IN","m360/DF/0000/out/2/6/1/0/37","402"
"2026-08-14T10:54:25.380Z","IN","m360/DF/0000/out/2/6/1/0/37","402"
"2026-08-14T10:54:30.682Z","IN","m360/DF/0000/out","{""nodeId"":0,""sensorId"":255,""command"":3,""ack"":0,""type"":22,""payload"":"""",""timestamp"":48424,""description"":""heartbeat"",""event"":""heartbeat"",""uptime"":48424,""rssi"":-69,""wifiRssi"":-69,""batteryLevel"":100,""ip"":""192.168.1.2"",""version"":""2.0"",""source"":""gateway""}"
"2026-08-14T10:54:30.683Z","IN","m360/DF/0000/out","{""nodeId"":0,""sensorId"":255,""command"":3,""ack"":0,""type"":22,""payload"":"""",""timestamp"":48424,""description"":""heartbeat"",""event"":""heartbeat"",""uptime"":48424,""rssi"":-69,""wifiRssi"":-69,""batteryLevel"":100,""ip"":""192.168.1.2"",""version"":""2.0"",""source"":""gateway""}"
"2026-08-14T10:54:30.860Z","IN","m360/DF/0000/gateway/status","{""timestamp"":48424,""isConnected"":true,""connectionTime"":48417,""reconnectCount"":0,""lastErrorCode"":0,""uptime"":48424,""source"":""gateway"",""type"":""mqtt_metrics""}"
"2026-08-14T10:54:59.169Z","IN","m360/DF/0000/out/1/1/1/0/37","339"
"2026-08-14T10:54:59.169Z","IN","m360/DF/0000/out/1/1/1/0/37","339"
"2026-08-14T10:54:59.266Z","IN","m360/DF/0000/out/1/2/1/0/37","328"
"2026-08-14T10:54:59.267Z","IN","m360/DF/0000/out/1/2/1/0/37","328"
"2026-08-14T10:54:59.573Z","IN","m360/DF/0000/out/1/4/1/0/37","425"
"2026-08-14T10:54:59.574Z","IN","m360/DF/0000/out/1/4/1/0/37","425"
"2026-08-14T10:54:59.574Z","IN","m360/DF/0000/out/1/5/1/0/37","326"
"2026-08-14T10:54:59.574Z","IN","m360/DF/0000/out/1/5/1/0/37","326"
"2026-08-14T10:54:59.574Z","IN","m360/DF/0000/out/1/6/1/0/37","257"
"2026-08-14T10:54:59.574Z","IN","m360/DF/0000/out/1/6/1/0/37","257"
"2026-08-14T10:55:24.802Z","IN","m360/DF/0000/out/2/1/1/0/37","114"
"2026-08-14T10:55:24.803Z","IN","m360/DF/0000/out/2/1/1/0/37","114"
"2026-08-14T10:55:24.944Z","IN","m360/DF/0000/out/2/2/1/0/37","442"
"2026-08-14T10:55:24.945Z","IN","m360/DF/0000/out/2/2/1/0/37","442"
"2026-08-14T10:55:24.948Z","IN","m360/DF/0000/out/2/4/1/0/37","1021"
"2026-08-14T10:55:24.949Z","IN","m360/DF/0000/out/2/4/1/0/37","1021"
"2026-08-14T10:55:24.949Z","IN","m360/DF/0000/out/2/5/1/0/37","654"
"2026-08-14T10:55:24.949Z","IN","m360/DF/0000/out/2/5/1/0/37","654"
"2026-08-14T10:55:25.551Z","IN","m360/DF/0000/out/2/6/1/0/37","396"
"2026-08-14T10:55:25.551Z","IN","m360/DF/0000/out/2/6/1/0/37","396"
"2026-08-14T10:55:30.685Z","IN","m360/DF/0000/out","{""nodeId"":0,""sensorId"":255,""command"":3,""ack"":0,""type"":22,""payload"":"""",""timestamp"":48484,""description"":""heartbeat"",""event"":""heartbeat"",""uptime"":48484,""rssi"":-69,""wifiRssi"":-69,""batteryLevel"":100,""ip"":""192.168.1.2"",""version"":""2.0"",""source"":""gateway""}"
"2026-08-14T10:55:30.685Z","IN","m360/DF/0000/out","{""nodeId"":0,""sensorId"":255,""command"":3,""ack"":0,""type"":22,""payload"":"""",""timestamp"":48484,""description"":""heartbeat"",""event"":""heartbeat"",""uptime"":48484,""rssi"":-69,""wifiRssi"":-69,""batteryLevel"":100,""ip"":""192.168.1.2"",""version"":""2.0"",""source"":""gateway""}"
"2026-08-14T10:55:30.751Z","IN","m360/DF/0000/gateway/status","{""timestamp"":48484,""isConnected"":true,""connectionTime"":48477,""reconnectCount"":0,""lastErrorCode"":0,""uptime"":48484,""source"":""gateway"",""type"":""mqtt_metrics""}"
"2026-08-14T10:55:59.232Z","IN","m360/DF/0000/out/1/1/1/0/37","316"
"2026-08-14T10:55:59.233Z","IN","m360/DF/0000/out/1/1/1/0/37","316"
"2026-08-14T10:55:59.417Z","IN","m360/DF/0000/out/1/2/1/0/37","334"
"2026-08-14T10:55:59.418Z","IN","m360/DF/0000/out/1/2/1/0/37","334"
"2026-08-14T10:55:59.418Z","IN","m360/DF/0000/out/1/3/1/0/37","119"
"2026-08-14T10:55:59.419Z","IN","m360/DF/0000/out/1/3/1/0/37","119"
"2026-08-14T10:55:59.430Z","IN","m360/DF/0000/out/1/4/1/0/37","441"
"2026-08-14T10:55:59.430Z","IN","m360/DF/0000/out/1/4/1/0/37","441"
"2026-08-14T10:55:59.439Z","IN","m360/DF/0000/out/1/5/1/0/37","333"
"2026-08-14T10:55:59.439Z","IN","m360/DF/0000/out/1/5/1/0/37","333"
"2026-08-14T10:55:59.822Z","IN","m360/DF/0000/out/1/6/1/0/37","269"
"2026-08-14T10:55:59.822Z","IN","m360/DF/0000/out/1/6/1/0/37","269"
"2026-08-14T10:56:24.802Z","IN","m360/DF/0000/out/2/1/1/0/37","115"
"2026-08-14T10:56:24.803Z","IN","m360/DF/0000/out/2/1/1/0/37","115"
"2026-08-14T10:56:24.952Z","IN","m360/DF/0000/out/2/2/1/0/37","445"
"2026-08-14T10:56:24.952Z","IN","m360/DF/0000/out/2/2/1/0/37","445"
"2026-08-14T10:56:24.960Z","IN","m360/DF/0000/out/2/4/1/0/37","1020"
"2026-08-14T10:56:24.962Z","IN","m360/DF/0000/out/2/4/1/0/37","1020"
"2026-08-14T10:56:24.962Z","IN","m360/DF/0000/out/2/5/1/0/37","628"
"2026-08-14T10:56:24.963Z","IN","m360/DF/0000/out/2/5/1/0/37","628"
"2026-08-14T10:56:25.282Z","IN","m360/DF/0000/out/2/6/1/0/37","391"
"2026-08-14T10:56:25.283Z","IN","m360/DF/0000/out/2/6/1/0/37","391"
"2026-08-14T10:56:30.689Z","IN","m360/DF/0000/out","{""nodeId"":0,""sensorId"":255,""command"":3,""ack"":0,""type"":22,""payload"":"""",""timestamp"":48544,""description"":""heartbeat"",""event"":""heartbeat"",""uptime"":48544,""rssi"":-69,""wifiRssi"":-69,""batteryLevel"":100,""ip"":""192.168.1.2"",""version"":""2.0"",""source"":""gateway""}"
"2026-08-14T10:56:30.690Z","IN","m360/DF/0000/out","{""nodeId"":0,""sensorId"":255,""command"":3,""ack"":0,""type"":22,""payload"":"""",""timestamp"":48544,""description"":""heartbeat"",""event"":""heartbeat"",""uptime"":48544,""rssi"":-69,""wifiRssi"":-69,""batteryLevel"":100,""ip"":""192.168.1.2"",""version"":""2.0"",""source"":""gateway""}"
"2026-08-14T10:56:30.756Z","IN","m360/DF/0000/gateway/status","{""timestamp"":48544,""isConnected"":true,""connectionTime"":48537,""reconnectCount"":0,""lastErrorCode"":0,""uptime"":48544,""source"":""gateway"",""type"":""mqtt_metrics""}"
"2026-08-14T10:56:50.870Z","IN","m360/DF/0000/out/99/11/1/0/0","20"
"2026-08-14T10:56:50.870Z","IN","m360/DF/0000/out/99/11/1/0/0","20"
"2026-08-14T10:56:59.313Z","IN","m360/DF/0000/out/1/1/1/0/37","340"
"2026-08-14T10:56:59.314Z","IN","m360/DF/0000/out/1/1/1/0/37","340"
"2026-08-14T10:56:59.420Z","IN","m360/DF/0000/out/1/2/1/0/37","336"
"2026-08-14T10:56:59.420Z","IN","m360/DF/0000/out/1/2/1/0/37","336"
"2026-08-14T10:56:59.422Z","IN","m360/DF/0000/out/1/3/1/0/37","130"
"2026-08-14T10:56:59.423Z","IN","m360/DF/0000/out/1/3/1/0/37","130"
"2026-08-14T10:56:59.776Z","IN","m360/DF/0000/out/1/4/1/0/37","437"
"2026-08-14T10:56:59.776Z","IN","m360/DF/0000/out/1/4/1/0/37","437"
"2026-08-14T10:56:59.776Z","IN","m360/DF/0000/out/1/5/1/0/37","339"
"2026-08-14T10:56:59.776Z","IN","m360/DF/0000/out/1/5/1/0/37","339"
"2026-08-14T10:56:59.777Z","IN","m360/DF/0000/out/1/6/1/0/37","271"
"2026-08-14T10:56:59.777Z","IN","m360/DF/0000/out/1/6/1/0/37","271"
"2026-08-14T10:57:24.827Z","IN","m360/DF/0000/out/2/1/1/0/37","122"
"2026-08-14T10:57:24.828Z","IN","m360/DF/0000/out/2/1/1/0/37","122"
"2026-08-14T10:57:24.945Z","IN","m360/DF/0000/out/2/2/1/0/37","441"
"2026-08-14T10:57:24.945Z","IN","m360/DF/0000/out/2/2/1/0/37","441"
"2026-08-14T10:57:24.947Z","IN","m360/DF/0000/out/2/4/1/0/37","1019"
"2026-08-14T10:57:24.947Z","IN","m360/DF/0000/out/2/4/1/0/37","1019"
"2026-08-14T10:57:25.276Z","IN","m360/DF/0000/out/2/5/1/0/37","624"
"2026-08-14T10:57:25.276Z","IN","m360/DF/0000/out/2/5/1/0/37","624"
"2026-08-14T10:57:25.276Z","IN","m360/DF/0000/out/2/6/1/0/37","266"
"2026-08-14T10:57:25.277Z","IN","m360/DF/0000/out/2/6/1/0/37","266"
"2026-08-14T10:57:30.692Z","IN","m360/DF/0000/out","{""nodeId"":0,""sensorId"":255,""command"":3,""ack"":0,""type"":22,""payload"":"""",""timestamp"":48604,""description"":""heartbeat"",""event"":""heartbeat"",""uptime"":48604,""rssi"":-68,""wifiRssi"":-68,""batteryLevel"":100,""ip"":""192.168.1.2"",""version"":""2.0"",""source"":""gateway""}"
"2026-08-14T10:57:30.692Z","IN","m360/DF/0000/out","{""nodeId"":0,""sensorId"":255,""command"":3,""ack"":0,""type"":22,""payload"":"""",""timestamp"":48604,""description"":""heartbeat"",""event"":""heartbeat"",""uptime"":48604,""rssi"":-68,""wifiRssi"":-68,""batteryLevel"":100,""ip"":""192.168.1.2"",""version"":""2.0"",""source"":""gateway""}"
"2026-08-14T10:57:30.760Z","IN","m360/DF/0000/gateway/status","{""timestamp"":48604,""isConnected"":true,""connectionTime"":48597,""reconnectCount"":0,""lastErrorCode"":0,""uptime"":48604,""source"":""gateway"",""type"":""mqtt_metrics""}"
"2026-08-14T10:57:59.393Z","IN","m360/DF/0000/out/1/1/1/0/37","343"
"2026-08-14T10:57:59.393Z","IN","m360/DF/0000/out/1/1/1/0/37","343"
"2026-08-14T10:57:59.521Z","IN","m360/DF/0000/out/1/2/1/0/37","330"
"2026-08-14T10:57:59.522Z","IN","m360/DF/0000/out/1/2/1/0/37","330"
"2026-08-14T10:57:59.524Z","IN","m360/DF/0000/out/1/3/1/0/37","129"
"2026-08-14T10:57:59.524Z","IN","m360/DF/0000/out/1/3/1/0/37","129"
"2026-08-14T10:57:59.946Z","IN","m360/DF/0000/out/1/4/1/0/37","456"
"2026-08-14T10:57:59.946Z","IN","m360/DF/0000/out/1/4/1/0/37","456"
"2026-08-14T10:57:59.946Z","IN","m360/DF/0000/out/1/5/1/0/37","341"
"2026-08-14T10:57:59.946Z","IN","m360/DF/0000/out/1/5/1/0/37","341"
"2026-08-14T10:57:59.946Z","IN","m360/DF/0000/out/1/6/1/0/37","266"
"2026-08-14T10:57:59.946Z","IN","m360/DF/0000/out/1/6/1/0/37","266"
"2026-08-14T10:58:24.838Z","IN","m360/DF/0000/out/2/1/1/0/37","112"
"2026-08-14T10:58:24.838Z","IN","m360/DF/0000/out/2/1/1/0/37","112"
"2026-08-14T10:58:24.938Z","IN","m360/DF/0000/out/2/2/1/0/37","439"
"2026-08-14T10:58:24.939Z","IN","m360/DF/0000/out/2/2/1/0/37","439"
"2026-08-14T10:58:24.949Z","IN","m360/DF/0000/out/2/3/1/0/37","1022"
"2026-08-14T10:58:24.950Z","IN","m360/DF/0000/out/2/3/1/0/37","1022"
"2026-08-14T10:58:25.377Z","IN","m360/DF/0000/out/2/4/1/0/37","1020"
"2026-08-14T10:58:25.377Z","IN","m360/DF/0000/out/2/4/1/0/37","1020"
"2026-08-14T10:58:25.377Z","IN","m360/DF/0000/out/2/5/1/0/37","636"
"2026-08-14T10:58:25.377Z","IN","m360/DF/0000/out/2/5/1/0/37","636"
"2026-08-14T10:58:25.377Z","IN","m360/DF/0000/out/2/6/1/0/37","412"
"2026-08-14T10:58:25.378Z","IN","m360/DF/0000/out/2/6/1/0/37","412"
"2026-08-14T10:58:30.697Z","IN","m360/DF/0000/out","{""nodeId"":0,""sensorId"":255,""command"":3,""ack"":0,""type"":22,""payload"":"""",""timestamp"":48664,""description"":""heartbeat"",""event"":""heartbeat"",""uptime"":48664,""rssi"":-68,""wifiRssi"":-68,""batteryLevel"":100,""ip"":""192.168.1.2"",""version"":""2.0"",""source"":""gateway""}"
"2026-08-14T10:58:30.698Z","IN","m360/DF/0000/out","{""nodeId"":0,""sensorId"":255,""command"":3,""ack"":0,""type"":22,""payload"":"""",""timestamp"":48664,""description"":""heartbeat"",""event"":""heartbeat"",""uptime"":48664,""rssi"":-68,""wifiRssi"":-68,""batteryLevel"":100,""ip"":""192.168.1.2"",""version"":""2.0"",""source"":""gateway""}"
"2026-08-14T10:58:30.760Z","IN","m360/DF/0000/gateway/status","{""timestamp"":48664,""isConnected"":true,""connectionTime"":48657,""reconnectCount"":0,""lastErrorCode"":0,""uptime"":48664,""source"":""gateway"",""type"":""mqtt_metrics""}"
"2026-08-14T10:59:24.833Z","IN","m360/DF/0000/out/2/1/1/0/37","113"
"2026-08-14T10:59:24.833Z","IN","m360/DF/0000/out/2/1/1/0/37","113"
"2026-08-14T10:59:24.938Z","IN","m360/DF/0000/out/2/2/1/0/37","427"
"2026-08-14T10:59:24.938Z","IN","m360/DF/0000/out/2/2/1/0/37","427"
"2026-08-14T10:59:25.142Z","IN","m360/DF/0000/out/2/3/1/0/37","1023"
"2026-08-14T10:59:25.142Z","IN","m360/DF/0000/out/2/3/1/0/37","1023"
"2026-08-14T10:59:25.178Z","IN","m360/DF/0000/out/2/5/1/0/37","632"
"2026-08-14T10:59:25.178Z","IN","m360/DF/0000/out/2/5/1/0/37","632"
"2026-08-14T10:59:25.178Z","IN","m360/DF/0000/out/2/6/1/0/37","403"
"2026-08-14T10:59:25.179Z","IN","m360/DF/0000/out/2/6/1/0/37","403"
"2026-08-14T10:59:30.808Z","IN","m360/DF/0000/out","{""nodeId"":0,""sensorId"":255,""command"":3,""ack"":0,""type"":22,""payload"":"""",""timestamp"":48724,""description"":""heartbeat"",""event"":""heartbeat"",""uptime"":48724,""rssi"":-67,""wifiRssi"":-67,""batteryLevel"":100,""ip"":""192.168.1.2"",""version"":""2.0"",""source"":""gateway""}"
"2026-08-14T10:59:30.809Z","IN","m360/DF/0000/out","{""nodeId"":0,""sensorId"":255,""command"":3,""ack"":0,""type"":22,""payload"":"""",""timestamp"":48724,""description"":""heartbeat"",""event"":""heartbeat"",""uptime"":48724,""rssi"":-67,""wifiRssi"":-67,""batteryLevel"":100,""ip"":""192.168.1.2"",""version"":""2.0"",""source"":""gateway""}"
"2026-08-14T10:59:30.879Z","IN","m360/DF/0000/gateway/status","{""timestamp"":48724,""isConnected"":true,""connectionTime"":48717,""reconnectCount"":0,""lastErrorCode"":0,""uptime"":48724,""source"":""gateway"",""type"":""mqtt_metrics""}"
"2026-08-14T10:59:59.499Z","IN","m360/DF/0000/out/1/1/1/0/37","342"
"2026-08-14T10:59:59.499Z","IN","m360/DF/0000/out/1/1/1/0/37","342"
"2026-08-14T10:59:59.591Z","IN","m360/DF/0000/out/1/2/1/0/37","354"
"2026-08-14T10:59:59.591Z","IN","m360/DF/0000/out/1/2/1/0/37","354"
"2026-08-14T10:59:59.949Z","IN","m360/DF/0000/out/1/3/1/0/37","129"
"2026-08-14T10:59:59.949Z","IN","m360/DF/0000/out/1/3/1/0/37","129"
"2026-08-14T10:59:59.949Z","IN","m360/DF/0000/out/1/4/1/0/37","452"
"2026-08-14T10:59:59.949Z","IN","m360/DF/0000/out/1/4/1/0/37","452"
"2026-08-14T10:59:59.949Z","IN","m360/DF/0000/out/1/5/1/0/37","339"
"2026-08-14T10:59:59.949Z","IN","m360/DF/0000/out/1/5/1/0/37","339"
"2026-08-14T10:59:59.949Z","IN","m360/DF/0000/out/1/6/1/0/37","296"
"2026-08-14T10:59:59.949Z","IN","m360/DF/0000/out/1/6/1/0/37","296"
"2026-08-14T11:00:24.863Z","IN","m360/DF/0000/out/2/1/1/0/37","114"
"2026-08-14T11:00:24.864Z","IN","m360/DF/0000/out/2/1/1/0/37","114"
"2026-08-14T11:00:24.970Z","IN","m360/DF/0000/out/2/2/1/0/37","435"
"2026-08-14T11:00:24.971Z","IN","m360/DF/0000/out/2/2/1/0/37","435"
"2026-08-14T11:00:24.973Z","IN","m360/DF/0000/out/2/3/1/0/37","1020"
"2026-08-14T11:00:24.973Z","IN","m360/DF/0000/out/2/3/1/0/37","1020"
"2026-08-14T11:00:25.372Z","IN","m360/DF/0000/out/2/5/1/0/37","639"
"2026-08-14T11:00:25.372Z","IN","m360/DF/0000/out/2/5/1/0/37","639"
"2026-08-14T11:00:25.372Z","IN","m360/DF/0000/out/2/6/1/0/37","410"
"2026-08-14T11:00:25.372Z","IN","m360/DF/0000/out/2/6/1/0/37","410"
"2026-08-14T11:00:30.815Z","IN","m360/DF/0000/out","{""nodeId"":0,""sensorId"":255,""command"":3,""ack"":0,""type"":22,""payload"":"""",""timestamp"":48784,""description"":""heartbeat"",""event"":""heartbeat"",""uptime"":48784,""rssi"":-67,""wifiRssi"":-67,""batteryLevel"":100,""ip"":""192.168.1.2"",""version"":""2.0"",""source"":""gateway""}"
"2026-08-14T11:00:30.815Z","IN","m360/DF/0000/out","{""nodeId"":0,""sensorId"":255,""command"":3,""ack"":0,""type"":22,""payload"":"""",""timestamp"":48784,""description"":""heartbeat"",""event"":""heartbeat"",""uptime"":48784,""rssi"":-67,""wifiRssi"":-67,""batteryLevel"":100,""ip"":""192.168.1.2"",""version"":""2.0"",""source"":""gateway""}"
"2026-08-14T11:00:31.004Z","IN","m360/DF/0000/gateway/status","{""timestamp"":48784,""isConnected"":true,""connectionTime"":48777,""reconnectCount"":0,""lastErrorCode"":0,""uptime"":48784,""source"":""gateway"",""type"":""mqtt_metrics""}"
"2026-08-14T11:00:59.585Z","IN","m360/DF/0000/out/1/1/1/0/37","343"
"2026-08-14T11:00:59.586Z","IN","m360/DF/0000/out/1/1/1/0/37","343"
"2026-08-14T11:00:59.718Z","IN","m360/DF/0000/out/1/2/1/0/37","317"
"2026-08-14T11:00:59.719Z","IN","m360/DF/0000/out/1/2/1/0/37","317"
"2026-08-14T11:00:59.731Z","IN","m360/DF/0000/out/1/4/1/0/37","431"
"2026-08-14T11:00:59.731Z","IN","m360/DF/0000/out/1/4/1/0/37","431"
"2026-08-14T11:01:00.217Z","IN","m360/DF/0000/out/1/5/1/0/37","328"
"2026-08-14T11:01:00.217Z","IN","m360/DF/0000/out/1/5/1/0/37","328"
"2026-08-14T11:01:00.218Z","IN","m360/DF/0000/out/1/6/1/0/37","246"
"2026-08-14T11:01:00.218Z","IN","m360/DF/0000/out/1/6/1/0/37","246"
"2026-08-14T11:01:24.893Z","IN","m360/DF/0000/out/2/1/1/0/37","74"
"2026-08-14T11:01:24.894Z","IN","m360/DF/0000/out/2/1/1/0/37","74"
"2026-08-14T11:01:25.062Z","IN","m360/DF/0000/out/2/2/1/0/37","443"
"2026-08-14T11:01:25.117Z","IN","m360/DF/0000/out/2/2/1/0/37","443"
"2026-08-14T11:01:25.127Z","IN","m360/DF/0000/out/2/3/1/0/37","1021"
"2026-08-14T11:01:25.128Z","IN","m360/DF/0000/out/2/3/1/0/37","1021"
"2026-08-14T11:01:25.129Z","IN","m360/DF/0000/out/2/5/1/0/37","635"
"2026-08-14T11:01:25.129Z","IN","m360/DF/0000/out/2/5/1/0/37","635"
"2026-08-14T11:01:25.226Z","IN","m360/DF/0000/out/2/6/1/0/37","395"
"2026-08-14T11:01:25.226Z","IN","m360/DF/0000/out/2/6/1/0/37","395"
"2026-08-14T11:01:30.815Z","IN","m360/DF/0000/out","{""nodeId"":0,""sensorId"":255,""command"":3,""ack"":0,""type"":22,""payload"":"""",""timestamp"":48844,""description"":""heartbeat"",""event"":""heartbeat"",""uptime"":48844,""rssi"":-67,""wifiRssi"":-67,""batteryLevel"":100,""ip"":""192.168.1.2"",""version"":""2.0"",""source"":""gateway""}"
"2026-08-14T11:01:30.816Z","IN","m360/DF/0000/out","{""nodeId"":0,""sensorId"":255,""command"":3,""ack"":0,""type"":22,""payload"":"""",""timestamp"":48844,""description"":""heartbeat"",""event"":""heartbeat"",""uptime"":48844,""rssi"":-67,""wifiRssi"":-67,""batteryLevel"":100,""ip"":""192.168.1.2"",""version"":""2.0"",""source"":""gateway""}"
"2026-08-14T11:01:30.919Z","IN","m360/DF/0000/gateway/status","{""timestamp"":48844,""isConnected"":true,""connectionTime"":48837,""reconnectCount"":0,""lastErrorCode"":0,""uptime"":48844,""source"":""gateway"",""type"":""mqtt_metrics""}"
"2026-08-14T11:01:59.681Z","IN","m360/DF/0000/out/1/1/1/0/37","345"
"2026-08-14T11:01:59.682Z","IN","m360/DF/0000/out/1/1/1/0/37","345"
"2026-08-14T11:01:59.850Z","IN","m360/DF/0000/out/1/2/1/0/37","334"
"2026-08-14T11:01:59.851Z","IN","m360/DF/0000/out/1/2/1/0/37","334"
"2026-08-14T11:01:59.855Z","IN","m360/DF/0000/out/1/3/1/0/37","107"
"2026-08-14T11:01:59.855Z","IN","m360/DF/0000/out/1/3/1/0/37","107"
"2026-08-14T11:01:59.856Z","IN","m360/DF/0000/out/1/4/1/0/37","457"
"2026-08-14T11:01:59.856Z","IN","m360/DF/0000/out/1/4/1/0/37","457"
"2026-08-14T11:02:00.331Z","IN","m360/DF/0000/out/1/5/1/0/37","343"
"2026-08-14T11:02:00.331Z","IN","m360/DF/0000/out/1/5/1/0/37","343"
"2026-08-14T11:02:00.331Z","IN","m360/DF/0000/out/1/6/1/0/37","268"
"2026-08-14T11:02:00.331Z","IN","m360/DF/0000/out/1/6/1/0/37","268"
"2026-08-14T11:02:24.904Z","IN","m360/DF/0000/out/2/1/1/0/37","113"
"2026-08-14T11:02:24.904Z","IN","m360/DF/0000/out/2/1/1/0/37","113"
"2026-08-14T11:02:25.027Z","IN","m360/DF/0000/out/2/2/1/0/37","470"
"2026-08-14T11:02:25.028Z","IN","m360/DF/0000/out/2/2/1/0/37","470"
"2026-08-14T11:02:25.033Z","IN","m360/DF/0000/out/2/3/1/0/37","1020"
"2026-08-14T11:02:25.038Z","IN","m360/DF/0000/out/2/3/1/0/37","1020"
"2026-08-14T11:02:25.038Z","IN","m360/DF/0000/out/2/4/1/0/37","1022"
"2026-08-14T11:02:25.038Z","IN","m360/DF/0000/out/2/4/1/0/37","1022"
"2026-08-14T11:02:25.433Z","IN","m360/DF/0000/out/2/5/1/0/37","489"
"2026-08-14T11:02:25.433Z","IN","m360/DF/0000/out/2/5/1/0/37","489"
"2026-08-14T11:02:25.433Z","IN","m360/DF/0000/out/2/6/1/0/37","406"
"2026-08-14T11:02:25.433Z","IN","m360/DF/0000/out/2/6/1/0/37","406"
"2026-08-14T11:02:30.823Z","IN","m360/DF/0000/out/events","{""event"":""node_lost"",""nodeId"":99,""timestamp"":48904,""rssi"":-67,""details"":""Inactivity detected: timeout 300 s""}"
"2026-08-14T11:02:30.824Z","IN","m360/DF/0000/out/events","{""event"":""node_lost"",""nodeId"":99,""timestamp"":48904,""rssi"":-67,""details"":""Inactivity detected: timeout 300 s""}"
"2026-08-14T11:02:30.889Z","IN","m360/DF/0000/out","{""nodeId"":0,""sensorId"":255,""command"":3,""ack"":0,""type"":22,""payload"":"""",""timestamp"":48904,""description"":""heartbeat"",""event"":""heartbeat"",""uptime"":48904,""rssi"":-67,""wifiRssi"":-67,""batteryLevel"":100,""ip"":""192.168.1.2"",""version"":""2.0"",""source"":""gateway""}"
"2026-08-14T11:02:30.889Z","IN","m360/DF/0000/out","{""nodeId"":0,""sensorId"":255,""command"":3,""ack"":0,""type"":22,""payload"":"""",""timestamp"":48904,""description"":""heartbeat"",""event"":""heartbeat"",""uptime"":48904,""rssi"":-67,""wifiRssi"":-67,""batteryLevel"":100,""ip"":""192.168.1.2"",""version"":""2.0"",""source"":""gateway""}"
"2026-08-14T11:02:30.890Z","IN","m360/DF/0000/gateway/status","{""timestamp"":48904,""isConnected"":true,""connectionTime"":48897,""reconnectCount"":0,""lastErrorCode"":0,""uptime"":48904,""source"":""gateway"",""type"":""mqtt_metrics""}"
"2026-08-14T11:02:59.760Z","IN","m360/DF/0000/out/1/1/1/0/37","346"
"2026-08-14T11:02:59.761Z","IN","m360/DF/0000/out/1/1/1/0/37","346"
"2026-08-14T11:02:59.889Z","IN","m360/DF/0000/out/1/2/1/0/37","336"
"2026-08-14T11:02:59.890Z","IN","m360/DF/0000/out/1/2/1/0/37","336"
"2026-08-14T11:02:59.918Z","IN","m360/DF/0000/out/1/3/1/0/37","120"
"2026-08-14T11:02:59.918Z","IN","m360/DF/0000/out/1/3/1/0/37","120"
"2026-08-14T11:03:00.157Z","IN","m360/DF/0000/out/1/4/1/0/37","443"
"2026-08-14T11:03:00.158Z","IN","m360/DF/0000/out/1/4/1/0/37","443"
"2026-08-14T11:03:00.158Z","IN","m360/DF/0000/out/1/5/1/0/37","328"
"2026-08-14T11:03:00.158Z","IN","m360/DF/0000/out/1/5/1/0/37","328"
"2026-08-14T11:03:00.332Z","IN","m360/DF/0000/out/1/6/1/0/37","260"
"2026-08-14T11:03:00.332Z","IN","m360/DF/0000/out/1/6/1/0/37","260"
"2026-08-14T11:03:24.892Z","IN","m360/DF/0000/out/2/1/1/0/37","115"
"2026-08-14T11:03:24.892Z","IN","m360/DF/0000/out/2/1/1/0/37","115"
"2026-08-14T11:03:25.135Z","IN","m360/DF/0000/out/2/2/1/0/37","441"
"2026-08-14T11:03:25.136Z","IN","m360/DF/0000/out/2/2/1/0/37","441"
"2026-08-14T11:03:25.136Z","IN","m360/DF/0000/out/2/3/1/0/37","1019"
"2026-08-14T11:03:25.136Z","IN","m360/DF/0000/out/2/3/1/0/37","1019"
"2026-08-14T11:03:25.137Z","IN","m360/DF/0000/out/2/4/1/0/37","1019"
"2026-08-14T11:03:25.137Z","IN","m360/DF/0000/out/2/4/1/0/37","1019"
"2026-08-14T11:03:25.137Z","IN","m360/DF/0000/out/2/5/1/0/37","649"
"2026-08-14T11:03:25.137Z","IN","m360/DF/0000/out/2/5/1/0/37","649"
"2026-08-14T11:03:25.483Z","IN","m360/DF/0000/out/2/6/1/0/37","432"
"2026-08-14T11:03:25.483Z","IN","m360/DF/0000/out/2/6/1/0/37","432"
"2026-08-14T11:03:30.824Z","IN","m360/DF/0000/out","{""nodeId"":0,""sensorId"":255,""command"":3,""ack"":0,""type"":22,""payload"":"""",""timestamp"":48964,""description"":""heartbeat"",""event"":""heartbeat"",""uptime"":48964,""rssi"":-68,""wifiRssi"":-68,""batteryLevel"":100,""ip"":""192.168.1.2"",""version"":""2.0"",""source"":""gateway""}"
"2026-08-14T11:03:30.824Z","IN","m360/DF/0000/out","{""nodeId"":0,""sensorId"":255,""command"":3,""ack"":0,""type"":22,""payload"":"""",""timestamp"":48964,""description"":""heartbeat"",""event"":""heartbeat"",""uptime"":48964,""rssi"":-68,""wifiRssi"":-68,""batteryLevel"":100,""ip"":""192.168.1.2"",""version"":""2.0"",""source"":""gateway""}"
"2026-08-14T11:03:30.882Z","IN","m360/DF/0000/gateway/status","{""timestamp"":48964,""isConnected"":true,""connectionTime"":48957,""reconnectCount"":0,""lastErrorCode"":0,""uptime"":48964,""source"":""gateway"",""type"":""mqtt_metrics""}"
"2026-08-14T11:03:59.817Z","IN","m360/DF/0000/out/1/1/1/0/37","345"
"2026-08-14T11:03:59.818Z","IN","m360/DF/0000/out/1/1/1/0/37","345"
"2026-08-14T11:03:59.968Z","IN","m360/DF/0000/out/1/3/1/0/37","106"
"2026-08-14T11:03:59.972Z","IN","m360/DF/0000/out/1/3/1/0/37","106"
"2026-08-14T11:04:00.016Z","IN","m360/DF/0000/out/1/4/1/0/37","415"
"2026-08-14T11:04:00.017Z","IN","m360/DF/0000/out/1/4/1/0/37","415"
"2026-08-14T11:04:00.017Z","IN","m360/DF/0000/out/1/5/1/0/37","312"
"2026-08-14T11:04:00.017Z","IN","m360/DF/0000/out/1/5/1/0/37","312"
"2026-08-14T11:04:00.270Z","IN","m360/DF/0000/out/1/6/1/0/37","250"
"2026-08-14T11:04:00.270Z","IN","m360/DF/0000/out/1/6/1/0/37","250"
"2026-08-14T11:04:24.918Z","IN","m360/DF/0000/out/2/1/1/0/37","114"
"2026-08-14T11:04:24.919Z","IN","m360/DF/0000/out/2/1/1/0/37","114"
"2026-08-14T11:04:25.054Z","IN","m360/DF/0000/out/2/2/1/0/37","437"
"2026-08-14T11:04:25.055Z","IN","m360/DF/0000/out/2/2/1/0/37","437"
"2026-08-14T11:04:25.055Z","IN","m360/DF/0000/out/2/5/1/0/37","624"
"2026-08-14T11:04:25.055Z","IN","m360/DF/0000/out/2/5/1/0/37","624"
"2026-08-14T11:04:25.058Z","IN","m360/DF/0000/out/2/6/1/0/37","362"
"2026-08-14T11:04:25.058Z","IN","m360/DF/0000/out/2/6/1/0/37","362"
"2026-08-14T11:04:30.829Z","IN","m360/DF/0000/out","{""nodeId"":0,""sensorId"":255,""command"":3,""ack"":0,""type"":22,""payload"":"""",""timestamp"":49024,""description"":""heartbeat"",""event"":""heartbeat"",""uptime"":49024,""rssi"":-69,""wifiRssi"":-69,""batteryLevel"":100,""ip"":""192.168.1.2"",""version"":""2.0"",""source"":""gateway""}"
"2026-08-14T11:04:30.830Z","IN","m360/DF/0000/out","{""nodeId"":0,""sensorId"":255,""command"":3,""ack"":0,""type"":22,""payload"":"""",""timestamp"":49024,""description"":""heartbeat"",""event"":""heartbeat"",""uptime"":49024,""rssi"":-69,""wifiRssi"":-69,""batteryLevel"":100,""ip"":""192.168.1.2"",""version"":""2.0"",""source"":""gateway""}"
"2026-08-14T11:04:30.901Z","IN","m360/DF/0000/gateway/status","{""timestamp"":49024,""isConnected"":true,""connectionTime"":49017,""reconnectCount"":0,""lastErrorCode"":0,""uptime"":49024,""source"":""gateway"",""type"":""mqtt_metrics""}"
"2026-08-14T11:04:50.290Z","IN","m360/DF/0000/out/events","{""event"":""node_reconnected"",""nodeId"":99,""timestamp"":49044,""rssi"":-68,""details"":""Node back online or discovered""}"
"2026-08-14T11:04:50.290Z","IN","m360/DF/0000/out/events","{""event"":""node_reconnected"",""nodeId"":99,""timestamp"":49044,""rssi"":-68,""details"":""Node back online or discovered""}"
"2026-08-14T11:04:50.353Z","IN","m360/DF/0000/out/99/12/1/0/1","18"
"2026-08-14T11:04:50.353Z","IN","m360/DF/0000/out/99/12/1/0/1","18"
"2026-08-14T11:04:50.353Z","IN","m360/DF/0000/out/99/21/1/0/24","0"
"2026-08-14T11:04:50.353Z","IN","m360/DF/0000/out/99/21/1/0/24","0"
"2026-08-14T11:04:59.876Z","IN","m360/DF/0000/out/1/1/1/0/37","344"
"2026-08-14T11:04:59.877Z","IN","m360/DF/0000/out/1/1/1/0/37","344"
"2026-08-14T11:05:00.367Z","IN","m360/DF/0000/out/1/2/1/0/37","333"
"2026-08-14T11:05:00.367Z","IN","m360/DF/0000/out/1/2/1/0/37","333"
"2026-08-14T11:05:00.370Z","IN","m360/DF/0000/out/1/3/1/0/37","129"
"2026-08-14T11:05:00.370Z","IN","m360/DF/0000/out/1/3/1/0/37","129"
"2026-08-14T11:05:00.370Z","IN","m360/DF/0000/out/1/4/1/0/37","451"
"2026-08-14T11:05:00.370Z","IN","m360/DF/0000/out/1/4/1/0/37","451"
"2026-08-14T11:05:00.371Z","IN","m360/DF/0000/out/1/5/1/0/37","310"
"2026-08-14T11:05:00.371Z","IN","m360/DF/0000/out/1/5/1/0/37","310"
"2026-08-14T11:05:00.371Z","IN","m360/DF/0000/out/1/6/1/0/37","268"
"2026-08-14T11:05:00.371Z","IN","m360/DF/0000/out/1/6/1/0/37","268"
"2026-08-14T11:05:24.906Z","IN","m360/DF/0000/out/2/1/1/0/37","105"
"2026-08-14T11:05:24.906Z","IN","m360/DF/0000/out/2/1/1/0/37","105"
"2026-08-14T11:05:25.029Z","IN","m360/DF/0000/out/2/2/1/0/37","442"
"2026-08-14T11:05:25.029Z","IN","m360/DF/0000/out/2/2/1/0/37","442"
"2026-08-14T11:05:25.029Z","IN","m360/DF/0000/out/2/4/1/0/37","1020"
"2026-08-14T11:05:25.029Z","IN","m360/DF/0000/out/2/4/1/0/37","1020"
"2026-08-14T11:05:25.029Z","IN","m360/DF/0000/out/2/5/1/0/37","629"
"2026-08-14T11:05:25.029Z","IN","m360/DF/0000/out/2/5/1/0/37","629"
"2026-08-14T11:05:25.448Z","IN","m360/DF/0000/out/2/6/1/0/37","400"
"2026-08-14T11:05:25.449Z","IN","m360/DF/0000/out/2/6/1/0/37","400"
"2026-08-14T11:05:30.835Z","IN","m360/DF/0000/out","{""nodeId"":0,""sensorId"":255,""command"":3,""ack"":0,""type"":22,""payload"":"""",""timestamp"":49084,""description"":""heartbeat"",""event"":""heartbeat"",""uptime"":49084,""rssi"":-67,""wifiRssi"":-67,""batteryLevel"":100,""ip"":""192.168.1.2"",""version"":""2.0"",""source"":""gateway""}"
"2026-08-14T11:05:30.835Z","IN","m360/DF/0000/out","{""nodeId"":0,""sensorId"":255,""command"":3,""ack"":0,""type"":22,""payload"":"""",""timestamp"":49084,""description"":""heartbeat"",""event"":""heartbeat"",""uptime"":49084,""rssi"":-67,""wifiRssi"":-67,""batteryLevel"":100,""ip"":""192.168.1.2"",""version"":""2.0"",""source"":""gateway""}"
"2026-08-14T11:05:30.906Z","IN","m360/DF/0000/gateway/status","{""timestamp"":49084,""isConnected"":true,""connectionTime"":49077,""reconnectCount"":0,""lastErrorCode"":0,""uptime"":49084,""source"":""gateway"",""type"":""mqtt_metrics""}"
"2026-08-14T11:05:59.950Z","IN","m360/DF/0000/out/1/1/1/0/37","345"
"2026-08-14T11:05:59.951Z","IN","m360/DF/0000/out/1/1/1/0/37","345"
"2026-08-14T11:06:00.167Z","IN","m360/DF/0000/out/1/2/1/0/37","337"
"2026-08-14T11:06:00.168Z","IN","m360/DF/0000/out/1/2/1/0/37","337"
"2026-08-14T11:06:00.240Z","IN","m360/DF/0000/out/1/3/1/0/37","122"
"2026-08-14T11:06:00.241Z","IN","m360/DF/0000/out/1/3/1/0/37","122"
"2026-08-14T11:06:00.241Z","IN","m360/DF/0000/out/1/4/1/0/37","434"
"2026-08-14T11:06:00.241Z","IN","m360/DF/0000/out/1/4/1/0/37","434"
"2026-08-14T11:06:00.242Z","IN","m360/DF/0000/out/1/5/1/0/37","327"
"2026-08-14T11:06:00.243Z","IN","m360/DF/0000/out/1/5/1/0/37","327"
"2026-08-14T11:06:00.318Z","IN","m360/DF/0000/out/1/6/1/0/37","276"
"2026-08-14T11:06:00.318Z","IN","m360/DF/0000/out/1/6/1/0/37","276"
"2026-08-14T11:06:24.900Z","IN","m360/DF/0000/out/2/1/1/0/37","118"
"2026-08-14T11:06:24.901Z","IN","m360/DF/0000/out/2/1/1/0/37","118"
"2026-08-14T11:06:25.019Z","IN","m360/DF/0000/out/2/2/1/0/37","432"
"2026-08-14T11:06:25.019Z","IN","m360/DF/0000/out/2/2/1/0/37","432"
"2026-08-14T11:06:25.019Z","IN","m360/DF/0000/out/2/5/1/0/37","618"
"2026-08-14T11:06:25.019Z","IN","m360/DF/0000/out/2/5/1/0/37","618"
"2026-08-14T11:06:25.538Z","IN","m360/DF/0000/out/2/6/1/0/37","374"
"2026-08-14T11:06:25.538Z","IN","m360/DF/0000/out/2/6/1/0/37","374"
"2026-08-14T11:06:30.839Z","IN","m360/DF/0000/out","{""nodeId"":0,""sensorId"":255,""command"":3,""ack"":0,""type"":22,""payload"":"""",""timestamp"":49144,""description"":""heartbeat"",""event"":""heartbeat"",""uptime"":49144,""rssi"":-67,""wifiRssi"":-67,""batteryLevel"":100,""ip"":""192.168.1.2"",""version"":""2.0"",""source"":""gateway""}"
"2026-08-14T11:06:30.840Z","IN","m360/DF/0000/out","{""nodeId"":0,""sensorId"":255,""command"":3,""ack"":0,""type"":22,""payload"":"""",""timestamp"":49144,""description"":""heartbeat"",""event"":""heartbeat"",""uptime"":49144,""rssi"":-67,""wifiRssi"":-67,""batteryLevel"":100,""ip"":""192.168.1.2"",""version"":""2.0"",""source"":""gateway""}"
"2026-08-14T11:06:30.896Z","IN","m360/DF/0000/gateway/status","{""timestamp"":49144,""isConnected"":true,""connectionTime"":49137,""reconnectCount"":0,""lastErrorCode"":0,""uptime"":49144,""source"":""gateway"",""type"":""mqtt_metrics""}"
"2026-08-14T11:07:00.031Z","IN","m360/DF/0000/out/1/1/1/0/37","344"
"2026-08-14T11:07:00.033Z","IN","m360/DF/0000/out/1/1/1/0/37","344"
"2026-08-14T11:07:00.255Z","IN","m360/DF/0000/out/1/2/1/0/37","334"
"2026-08-14T11:07:00.257Z","IN","m360/DF/0000/out/1/2/1/0/37","334"
"2026-08-14T11:07:00.257Z","IN","m360/DF/0000/out/1/3/1/0/37","132"
"2026-08-14T11:07:00.257Z","IN","m360/DF/0000/out/1/3/1/0/37","132"
"2026-08-14T11:07:00.262Z","IN","m360/DF/0000/out/1/4/1/0/37","453"
"2026-08-14T11:07:00.263Z","IN","m360/DF/0000/out/1/4/1/0/37","453"
"2026-08-14T11:07:00.263Z","IN","m360/DF/0000/out/1/5/1/0/37","339"
"2026-08-14T11:07:00.263Z","IN","m360/DF/0000/out/1/5/1/0/37","339"
"2026-08-14T11:07:00.823Z","IN","m360/DF/0000/out/1/6/1/0/37","270"
"2026-08-14T11:07:00.824Z","IN","m360/DF/0000/out/1/6/1/0/37","270"
"2026-08-14T11:07:24.923Z","IN","m360/DF/0000/out/2/1/1/0/37","149"
"2026-08-14T11:07:24.923Z","IN","m360/DF/0000/out/2/1/1/0/37","149"
"2026-08-14T11:07:25.056Z","IN","m360/DF/0000/out/2/2/1/0/37","443"
"2026-08-14T11:07:25.057Z","IN","m360/DF/0000/out/2/2/1/0/37","443"
"2026-08-14T11:07:25.059Z","IN","m360/DF/0000/out/2/5/1/0/37","704"
"2026-08-14T11:07:25.059Z","IN","m360/DF/0000/out/2/5/1/0/37","704"
"2026-08-14T11:07:25.389Z","IN","m360/DF/0000/out/2/6/1/0/37","390"
"2026-08-14T11:07:25.389Z","IN","m360/DF/0000/out/2/6/1/0/37","390"
"2026-08-14T11:07:30.846Z","IN","m360/DF/0000/out","{""nodeId"":0,""sensorId"":255,""command"":3,""ack"":0,""type"":22,""payload"":"""",""timestamp"":49204,""description"":""heartbeat"",""event"":""heartbeat"",""uptime"":49204,""rssi"":-68,""wifiRssi"":-68,""batteryLevel"":100,""ip"":""192.168.1.2"",""version"":""2.0"",""source"":""gateway""}"
"2026-08-14T11:07:30.846Z","IN","m360/DF/0000/out","{""nodeId"":0,""sensorId"":255,""command"":3,""ack"":0,""type"":22,""payload"":"""",""timestamp"":49204,""description"":""heartbeat"",""event"":""heartbeat"",""uptime"":49204,""rssi"":-68,""wifiRssi"":-68,""batteryLevel"":100,""ip"":""192.168.1.2"",""version"":""2.0"",""source"":""gateway""}"
"2026-08-14T11:07:30.905Z","IN","m360/DF/0000/gateway/status","{""timestamp"":49204,""isConnected"":true,""connectionTime"":49197,""reconnectCount"":0,""lastErrorCode"":0,""uptime"":49204,""source"":""gateway"",""type"":""mqtt_metrics""}"
"2026-08-14T11:07:50.086Z","IN","m360/DF/0000/out/99/11/1/0/0","20"
"2026-08-14T11:07:50.087Z","IN","m360/DF/0000/out/99/11/1/0/0","20"
"2026-08-14T11:08:00.119Z","IN","m360/DF/0000/out/1/1/1/0/37","345"
"2026-08-14T11:08:00.120Z","IN","m360/DF/0000/out/1/1/1/0/37","345"
"2026-08-14T11:08:01.125Z","IN","m360/DF/0000/out/1/2/1/0/37","335"
"2026-08-14T11:08:01.126Z","IN","m360/DF/0000/out/1/2/1/0/37","335"
"2026-08-14T11:08:01.126Z","IN","m360/DF/0000/out/1/3/1/0/37","129"
"2026-08-14T11:08:01.126Z","IN","m360/DF/0000/out/1/3/1/0/37","129"
"2026-08-14T11:08:01.135Z","IN","m360/DF/0000/out/1/4/1/0/37","447"
"2026-08-14T11:08:01.135Z","IN","m360/DF/0000/out/1/4/1/0/37","447"
"2026-08-14T11:08:01.135Z","IN","m360/DF/0000/out/1/5/1/0/37","338"
"2026-08-14T11:08:01.137Z","IN","m360/DF/0000/out/1/5/1/0/37","338"
"2026-08-14T11:08:01.137Z","IN","m360/DF/0000/out/1/6/1/0/37","256"
"2026-08-14T11:08:01.138Z","IN","m360/DF/0000/out/1/6/1/0/37","256"
"2026-08-14T11:08:24.918Z","IN","m360/DF/0000/out/2/1/1/0/37","113"
"2026-08-14T11:08:24.918Z","IN","m360/DF/0000/out/2/1/1/0/37","113"
"2026-08-14T11:08:25.021Z","IN","m360/DF/0000/out/2/2/1/0/37","406"
"2026-08-14T11:08:25.022Z","IN","m360/DF/0000/out/2/2/1/0/37","406"
"2026-08-14T11:08:25.024Z","IN","m360/DF/0000/out/2/3/1/0/37","1020"
"2026-08-14T11:08:25.024Z","IN","m360/DF/0000/out/2/3/1/0/37","1020"
"2026-08-14T11:08:25.344Z","IN","m360/DF/0000/out/2/5/1/0/37","629"
"2026-08-14T11:08:25.344Z","IN","m360/DF/0000/out/2/5/1/0/37","629"
"2026-08-14T11:08:25.344Z","IN","m360/DF/0000/out/2/6/1/0/37","398"
"2026-08-14T11:08:25.344Z","IN","m360/DF/0000/out/2/6/1/0/37","398"
"2026-08-14T11:08:30.848Z","IN","m360/DF/0000/out","{""nodeId"":0,""sensorId"":255,""command"":3,""ack"":0,""type"":22,""payload"":"""",""timestamp"":49264,""description"":""heartbeat"",""event"":""heartbeat"",""uptime"":49264,""rssi"":-68,""wifiRssi"":-68,""batteryLevel"":100,""ip"":""192.168.1.2"",""version"":""2.0"",""source"":""gateway""}"
"2026-08-14T11:08:30.848Z","IN","m360/DF/0000/out","{""nodeId"":0,""sensorId"":255,""command"":3,""ack"":0,""type"":22,""payload"":"""",""timestamp"":49264,""description"":""heartbeat"",""event"":""heartbeat"",""uptime"":49264,""rssi"":-68,""wifiRssi"":-68,""batteryLevel"":100,""ip"":""192.168.1.2"",""version"":""2.0"",""source"":""gateway""}"
"2026-08-14T11:08:30.864Z","IN","m360/DF/0000/gateway/status","{""timestamp"":49264,""isConnected"":true,""connectionTime"":49257,""reconnectCount"":0,""lastErrorCode"":0,""uptime"":49264,""source"":""gateway"",""type"":""mqtt_metrics""}"
"2026-08-14T11:09:24.921Z","IN","m360/DF/0000/out/2/2/1/0/37","346"
"2026-08-14T11:09:24.921Z","IN","m360/DF/0000/out/2/2/1/0/37","346"
"2026-08-14T11:09:25.034Z","IN","m360/DF/0000/out/2/4/1/0/37","1019"
"2026-08-14T11:09:25.035Z","IN","m360/DF/0000/out/2/4/1/0/37","1019"
"2026-08-14T11:09:25.040Z","IN","m360/DF/0000/out/2/5/1/0/37","621"
"2026-08-14T11:09:25.040Z","IN","m360/DF/0000/out/2/5/1/0/37","621"
"2026-08-14T11:09:25.416Z","IN","m360/DF/0000/out/2/6/1/0/37","403"
"2026-08-14T11:09:25.416Z","IN","m360/DF/0000/out/2/6/1/0/37","403"
"2026-08-14T11:09:30.853Z","IN","m360/DF/0000/out","{""nodeId"":0,""sensorId"":255,""command"":3,""ack"":0,""type"":22,""payload"":"""",""timestamp"":49324,""description"":""heartbeat"",""event"":""heartbeat"",""uptime"":49324,""rssi"":-66,""wifiRssi"":-66,""batteryLevel"":100,""ip"":""192.168.1.2"",""version"":""2.0"",""source"":""gateway""}"
"2026-08-14T11:09:30.853Z","IN","m360/DF/0000/out","{""nodeId"":0,""sensorId"":255,""command"":3,""ack"":0,""type"":22,""payload"":"""",""timestamp"":49324,""description"":""heartbeat"",""event"":""heartbeat"",""uptime"":49324,""rssi"":-66,""wifiRssi"":-66,""batteryLevel"":100,""ip"":""192.168.1.2"",""version"":""2.0"",""source"":""gateway""}"
"2026-08-14T11:09:30.869Z","IN","m360/DF/0000/gateway/status","{""timestamp"":49324,""isConnected"":true,""connectionTime"":49317,""reconnectCount"":0,""lastErrorCode"":0,""uptime"":49324,""source"":""gateway"",""type"":""mqtt_metrics""}"
"2026-08-14T11:10:24.904Z","IN","m360/DF/0000/out/2/1/1/0/37","112"
"2026-08-14T11:10:24.904Z","IN","m360/DF/0000/out/2/1/1/0/37","112"
"2026-08-14T11:10:25.155Z","IN","m360/DF/0000/out/2/2/1/0/37","445"
"2026-08-14T11:10:25.155Z","IN","m360/DF/0000/out/2/2/1/0/37","445"
"2026-08-14T11:10:25.157Z","IN","m360/DF/0000/out/2/5/1/0/37","653"
"2026-08-14T11:10:25.157Z","IN","m360/DF/0000/out/2/5/1/0/37","653"
"2026-08-14T11:10:25.216Z","IN","m360/DF/0000/out/2/6/1/0/37","399"
"2026-08-14T11:10:25.216Z","IN","m360/DF/0000/out/2/6/1/0/37","399"
"2026-08-14T11:10:30.856Z","IN","m360/DF/0000/out","{""nodeId"":0,""sensorId"":255,""command"":3,""ack"":0,""type"":22,""payload"":"""",""timestamp"":49384,""description"":""heartbeat"",""event"":""heartbeat"",""uptime"":49384,""rssi"":-69,""wifiRssi"":-69,""batteryLevel"":100,""ip"":""192.168.1.2"",""version"":""2.0"",""source"":""gateway""}"
"2026-08-14T11:10:30.857Z","IN","m360/DF/0000/out","{""nodeId"":0,""sensorId"":255,""command"":3,""ack"":0,""type"":22,""payload"":"""",""timestamp"":49384,""description"":""heartbeat"",""event"":""heartbeat"",""uptime"":49384,""rssi"":-69,""wifiRssi"":-69,""batteryLevel"":100,""ip"":""192.168.1.2"",""version"":""2.0"",""source"":""gateway""}"
"2026-08-14T11:10:30.873Z","IN","m360/DF/0000/gateway/status","{""timestamp"":49384,""isConnected"":true,""connectionTime"":49377,""reconnectCount"":0,""lastErrorCode"":0,""uptime"":49384,""source"":""gateway"",""type"":""mqtt_metrics""}"
"2026-08-14T11:10:49.824Z","IN","m360/DF/0000/out/99/11/1/0/0","21"
"2026-08-14T11:10:49.824Z","IN","m360/DF/0000/out/99/11/1/0/0","21"
"2026-08-14T11:10:49.883Z","IN","m360/DF/0000/out/99/12/1/0/1","17"
"2026-08-14T11:10:49.883Z","IN","m360/DF/0000/out/99/12/1/0/1","17"
"2026-08-14T11:11:24.919Z","IN","m360/DF/0000/out/2/1/1/0/37","113"
"2026-08-14T11:11:24.919Z","IN","m360/DF/0000/out/2/1/1/0/37","113"
"2026-08-14T11:11:25.032Z","IN","m360/DF/0000/out/2/2/1/0/37","441"
"2026-08-14T11:11:25.033Z","IN","m360/DF/0000/out/2/2/1/0/37","441"
"2026-08-14T11:11:25.040Z","IN","m360/DF/0000/out/2/4/1/0/37","1020"
"2026-08-14T11:11:25.041Z","IN","m360/DF/0000/out/2/4/1/0/37","1020"
"2026-08-14T11:11:25.383Z","IN","m360/DF/0000/out/2/5/1/0/37","628"
"2026-08-14T11:11:25.383Z","IN","m360/DF/0000/out/2/5/1/0/37","628"
"2026-08-14T11:11:25.383Z","IN","m360/DF/0000/out/2/6/1/0/37","383"
"2026-08-14T11:11:25.384Z","IN","m360/DF/0000/out/2/6/1/0/37","383"
"2026-08-14T11:11:30.861Z","IN","m360/DF/0000/out","{""nodeId"":0,""sensorId"":255,""command"":3,""ack"":0,""type"":22,""payload"":"""",""timestamp"":49444,""description"":""heartbeat"",""event"":""heartbeat"",""uptime"":49444,""rssi"":-68,""wifiRssi"":-68,""batteryLevel"":100,""ip"":""192.168.1.2"",""version"":""2.0"",""source"":""gateway""}"
"2026-08-14T11:11:30.861Z","IN","m360/DF/0000/out","{""nodeId"":0,""sensorId"":255,""command"":3,""ack"":0,""type"":22,""payload"":"""",""timestamp"":49444,""description"":""heartbeat"",""event"":""heartbeat"",""uptime"":49444,""rssi"":-68,""wifiRssi"":-68,""batteryLevel"":100,""ip"":""192.168.1.2"",""version"":""2.0"",""source"":""gateway""}"
"2026-08-14T11:11:30.878Z","IN","m360/DF/0000/gateway/status","{""timestamp"":49444,""isConnected"":true,""connectionTime"":49437,""reconnectCount"":0,""lastErrorCode"":0,""uptime"":49444,""source"":""gateway"",""type"":""mqtt_metrics""}"
"2026-08-14T11:12:24.932Z","IN","m360/DF/0000/out/2/1/1/0/37","115"
"2026-08-14T11:12:24.933Z","IN","m360/DF/0000/out/2/1/1/0/37","115"
"2026-08-14T11:12:25.224Z","IN","m360/DF/0000/out/2/3/1/0/37","1022"
"2026-08-14T11:12:25.224Z","IN","m360/DF/0000/out/2/3/1/0/37","1022"
"2026-08-14T11:12:25.224Z","IN","m360/DF/0000/out/2/4/1/0/37","1022"
"2026-08-14T11:12:25.225Z","IN","m360/DF/0000/out/2/4/1/0/37","1022"
"2026-08-14T11:12:25.225Z","IN","m360/DF/0000/out/2/5/1/0/37","638"
"2026-08-14T11:12:25.226Z","IN","m360/DF/0000/out/2/5/1/0/37","638"
"2026-08-14T11:12:25.226Z","IN","m360/DF/0000/out/2/6/1/0/37","429"
"2026-08-14T11:12:25.226Z","IN","m360/DF/0000/out/2/6/1/0/37","429"
"2026-08-14T11:12:30.865Z","IN","m360/DF/0000/out","{""nodeId"":0,""sensorId"":255,""command"":3,""ack"":0,""type"":22,""payload"":"""",""timestamp"":49504,""description"":""heartbeat"",""event"":""heartbeat"",""uptime"":49504,""rssi"":-67,""wifiRssi"":-67,""batteryLevel"":100,""ip"":""192.168.1.2"",""version"":""2.0"",""source"":""gateway""}"
"2026-08-14T11:12:30.866Z","IN","m360/DF/0000/out","{""nodeId"":0,""sensorId"":255,""command"":3,""ack"":0,""type"":22,""payload"":"""",""timestamp"":49504,""description"":""heartbeat"",""event"":""heartbeat"",""uptime"":49504,""rssi"":-67,""wifiRssi"":-67,""batteryLevel"":100,""ip"":""192.168.1.2"",""version"":""2.0"",""source"":""gateway""}"
"2026-08-14T11:12:30.882Z","IN","m360/DF/0000/gateway/status","{""timestamp"":49504,""isConnected"":true,""connectionTime"":49497,""reconnectCount"":0,""lastErrorCode"":0,""uptime"":49504,""source"":""gateway"",""type"":""mqtt_metrics""}"
"2026-08-14T11:13:24.962Z","IN","m360/DF/0000/out/2/1/1/0/37","110"
"2026-08-14T11:13:24.962Z","IN","m360/DF/0000/out/2/1/1/0/37","110"
"2026-08-14T11:13:25.064Z","IN","m360/DF/0000/out/2/2/1/0/37","443"
"2026-08-14T11:13:25.065Z","IN","m360/DF/0000/out/2/2/1/0/37","443"
"2026-08-14T11:13:25.332Z","IN","m360/DF/0000/out/2/3/1/0/37","1020"
"2026-08-14T11:13:25.332Z","IN","m360/DF/0000/out/2/3/1/0/37","1020"
"2026-08-14T11:13:25.334Z","IN","m360/DF/0000/out/2/4/1/0/37","1020"
"2026-08-14T11:13:25.334Z","IN","m360/DF/0000/out/2/4/1/0/37","1020"
"2026-08-14T11:13:25.334Z","IN","m360/DF/0000/out/2/5/1/0/37","639"
"2026-08-14T11:13:25.334Z","IN","m360/DF/0000/out/2/5/1/0/37","639"
"2026-08-14T11:13:25.335Z","IN","m360/DF/0000/out/2/6/1/0/37","398"
"2026-08-14T11:13:25.335Z","IN","m360/DF/0000/out/2/6/1/0/37","398"
"2026-08-14T11:13:30.874Z","IN","m360/DF/0000/out/events","{""event"":""node_lost"",""nodeId"":1,""timestamp"":49564,""rssi"":-68,""details"":""Inactivity detected: timeout 300 s""}"
"2026-08-14T11:13:30.874Z","IN","m360/DF/0000/out/events","{""event"":""node_lost"",""nodeId"":1,""timestamp"":49564,""rssi"":-68,""details"":""Inactivity detected: timeout 300 s""}"
"2026-08-14T11:13:30.893Z","IN","m360/DF/0000/out","{""nodeId"":0,""sensorId"":255,""command"":3,""ack"":0,""type"":22,""payload"":"""",""timestamp"":49564,""description"":""heartbeat"",""event"":""heartbeat"",""uptime"":49564,""rssi"":-68,""wifiRssi"":-68,""batteryLevel"":100,""ip"":""192.168.1.2"",""version"":""2.0"",""source"":""gateway""}"
"2026-08-14T11:13:30.894Z","IN","m360/DF/0000/out","{""nodeId"":0,""sensorId"":255,""command"":3,""ack"":0,""type"":22,""payload"":"""",""timestamp"":49564,""description"":""heartbeat"",""event"":""heartbeat"",""uptime"":49564,""rssi"":-68,""wifiRssi"":-68,""batteryLevel"":100,""ip"":""192.168.1.2"",""version"":""2.0"",""source"":""gateway""}"
"2026-08-14T11:13:30.894Z","IN","m360/DF/0000/gateway/status","{""timestamp"":49564,""isConnected"":true,""connectionTime"":49557,""reconnectCount"":0,""lastErrorCode"":0,""uptime"":49564,""source"":""gateway"",""type"":""mqtt_metrics""}"
"2026-08-14T11:14:24.961Z","IN","m360/DF/0000/out/2/1/1/0/37","100"
"2026-08-14T11:14:24.962Z","IN","m360/DF/0000/out/2/1/1/0/37","100"
"2026-08-14T11:14:25.063Z","IN","m360/DF/0000/out/2/2/1/0/37","442"
"2026-08-14T11:14:25.064Z","IN","m360/DF/0000/out/2/2/1/0/37","442"
"2026-08-14T11:14:25.327Z","IN","m360/DF/0000/out/2/4/1/0/37","1018"
"2026-08-14T11:14:25.327Z","IN","m360/DF/0000/out/2/4/1/0/37","1018"
"2026-08-14T11:14:25.327Z","IN","m360/DF/0000/out/2/5/1/0/37","644"
"2026-08-14T11:14:25.327Z","IN","m360/DF/0000/out/2/5/1/0/37","644"
"2026-08-14T11:14:25.327Z","IN","m360/DF/0000/out/2/6/1/0/37","397"
"2026-08-14T11:14:25.327Z","IN","m360/DF/0000/out/2/6/1/0/37","397"
"2026-08-14T11:14:30.876Z","IN","m360/DF/0000/out","{""nodeId"":0,""sensorId"":255,""command"":3,""ack"":0,""type"":22,""payload"":"""",""timestamp"":49624,""description"":""heartbeat"",""event"":""heartbeat"",""uptime"":49624,""rssi"":-68,""wifiRssi"":-68,""batteryLevel"":100,""ip"":""192.168.1.2"",""version"":""2.0"",""source"":""gateway""}"
"2026-08-14T11:14:30.876Z","IN","m360/DF/0000/out","{""nodeId"":0,""sensorId"":255,""command"":3,""ack"":0,""type"":22,""payload"":"""",""timestamp"":49624,""description"":""heartbeat"",""event"":""heartbeat"",""uptime"":49624,""rssi"":-68,""wifiRssi"":-68,""batteryLevel"":100,""ip"":""192.168.1.2"",""version"":""2.0"",""source"":""gateway""}"
"2026-08-14T11:14:30.894Z","IN","m360/DF/0000/gateway/status","{""timestamp"":49624,""isConnected"":true,""connectionTime"":49617,""reconnectCount"":0,""lastErrorCode"":0,""uptime"":49624,""source"":""gateway"",""type"":""mqtt_metrics""}"
"2026-08-14T11:15:24.971Z","IN","m360/DF/0000/out/2/1/1/0/37","112"
"2026-08-14T11:15:24.971Z","IN","m360/DF/0000/out/2/1/1/0/37","112"
"2026-08-14T11:15:25.082Z","IN","m360/DF/0000/out/2/2/1/0/37","445"
"2026-08-14T11:15:25.085Z","IN","m360/DF/0000/out/2/2/1/0/37","445"
"2026-08-14T11:15:25.125Z","IN","m360/DF/0000/out/2/4/1/0/37","1020"
"2026-08-14T11:15:25.125Z","IN","m360/DF/0000/out/2/4/1/0/37","1020"
"2026-08-14T11:15:25.348Z","IN","m360/DF/0000/out/2/5/1/0/37","641"
"2026-08-14T11:15:25.348Z","IN","m360/DF/0000/out/2/5/1/0/37","641"
"2026-08-14T11:15:25.520Z","IN","m360/DF/0000/out/2/6/1/0/37","404"
"2026-08-14T11:15:25.520Z","IN","m360/DF/0000/out/2/6/1/0/37","404"
"2026-08-14T11:15:30.880Z","IN","m360/DF/0000/out","{""nodeId"":0,""sensorId"":255,""command"":3,""ack"":0,""type"":22,""payload"":"""",""timestamp"":49684,""description"":""heartbeat"",""event"":""heartbeat"",""uptime"":49684,""rssi"":-69,""wifiRssi"":-69,""batteryLevel"":100,""ip"":""192.168.1.2"",""version"":""2.0"",""source"":""gateway""}"
"2026-08-14T11:15:30.880Z","IN","m360/DF/0000/out","{""nodeId"":0,""sensorId"":255,""command"":3,""ack"":0,""type"":22,""payload"":"""",""timestamp"":49684,""description"":""heartbeat"",""event"":""heartbeat"",""uptime"":49684,""rssi"":-69,""wifiRssi"":-69,""batteryLevel"":100,""ip"":""192.168.1.2"",""version"":""2.0"",""source"":""gateway""}"
"2026-08-14T11:15:30.901Z","IN","m360/DF/0000/gateway/status","{""timestamp"":49684,""isConnected"":true,""connectionTime"":49677,""reconnectCount"":0,""lastErrorCode"":0,""uptime"":49684,""source"":""gateway"",""type"":""mqtt_metrics""}"
"2026-08-14T11:15:49.521Z","IN","m360/DF/0000/out/99/21/1/0/24","0"
"2026-08-14T11:15:49.521Z","IN","m360/DF/0000/out/99/21/1/0/24","0"
"2026-08-14T11:16:00.663Z","IN","m360/DF/0000/out/events","{""event"":""node_reconnected"",""nodeId"":1,""timestamp"":49714,""rssi"":-68,""details"":""Node back online or discovered""}"
"2026-08-14T11:16:00.663Z","IN","m360/DF/0000/out/events","{""event"":""node_reconnected"",""nodeId"":1,""timestamp"":49714,""rssi"":-68,""details"":""Node back online or discovered""}"
"2026-08-14T11:16:00.680Z","IN","m360/DF/0000/out/1/2/1/0/37","243"
"2026-08-14T11:16:00.681Z","IN","m360/DF/0000/out/1/2/1/0/37","243"
"2026-08-14T11:16:00.936Z","IN","m360/DF/0000/out/1/3/1/0/37","116"
"2026-08-14T11:16:00.938Z","IN","m360/DF/0000/out/1/3/1/0/37","116"
"2026-08-14T11:16:00.946Z","IN","m360/DF/0000/out/1/4/1/0/37","406"
"2026-08-14T11:16:00.954Z","IN","m360/DF/0000/out/1/4/1/0/37","406"
"2026-08-14T11:16:00.955Z","IN","m360/DF/0000/out/1/5/1/0/37","317"
"2026-08-14T11:16:00.955Z","IN","m360/DF/0000/out/1/5/1/0/37","317"
"2026-08-14T11:16:00.955Z","IN","m360/DF/0000/out/1/6/1/0/37","245"
"2026-08-14T11:16:00.956Z","IN","m360/DF/0000/out/1/6/1/0/37","245"
"2026-08-14T11:16:24.998Z","IN","m360/DF/0000/out/2/1/1/0/37","114"
"2026-08-14T11:16:24.998Z","IN","m360/DF/0000/out/2/1/1/0/37","114"
"2026-08-14T11:16:25.224Z","IN","m360/DF/0000/out/2/3/1/0/37","1019"
"2026-08-14T11:16:25.224Z","IN","m360/DF/0000/out/2/3/1/0/37","1019"
"2026-08-14T11:16:25.225Z","IN","m360/DF/0000/out/2/5/1/0/37","604"
"2026-08-14T11:16:25.225Z","IN","m360/DF/0000/out/2/5/1/0/37","604"
"2026-08-14T11:16:25.225Z","IN","m360/DF/0000/out/2/6/1/0/37","375"
"2026-08-14T11:16:25.225Z","IN","m360/DF/0000/out/2/6/1/0/37","375"
"2026-08-14T11:16:30.883Z","IN","m360/DF/0000/out","{""nodeId"":0,""sensorId"":255,""command"":3,""ack"":0,""type"":22,""payload"":"""",""timestamp"":49744,""description"":""heartbeat"",""event"":""heartbeat"",""uptime"":49744,""rssi"":-68,""wifiRssi"":-68,""batteryLevel"":100,""ip"":""192.168.1.2"",""version"":""2.0"",""source"":""gateway""}"
"2026-08-14T11:16:30.884Z","IN","m360/DF/0000/out","{""nodeId"":0,""sensorId"":255,""command"":3,""ack"":0,""type"":22,""payload"":"""",""timestamp"":49744,""description"":""heartbeat"",""event"":""heartbeat"",""uptime"":49744,""rssi"":-68,""wifiRssi"":-68,""batteryLevel"":100,""ip"":""192.168.1.2"",""version"":""2.0"",""source"":""gateway""}"
"2026-08-14T11:16:30.902Z","IN","m360/DF/0000/gateway/status","{""timestamp"":49744,""isConnected"":true,""connectionTime"":49737,""reconnectCount"":0,""lastErrorCode"":0,""uptime"":49744,""source"":""gateway"",""type"":""mqtt_metrics""}"
"2026-08-14T11:17:00.737Z","IN","m360/DF/0000/out/1/1/1/0/37","334"
"2026-08-14T11:17:00.738Z","IN","m360/DF/0000/out/1/1/1/0/37","334"
"2026-08-14T11:17:01.267Z","IN","m360/DF/0000/out/1/2/1/0/37","336"
"2026-08-14T11:17:01.267Z","IN","m360/DF/0000/out/1/2/1/0/37","336"
"2026-08-14T11:17:01.267Z","IN","m360/DF/0000/out/1/3/1/0/37","123"
"2026-08-14T11:17:01.267Z","IN","m360/DF/0000/out/1/3/1/0/37","123"
"2026-08-14T11:17:01.267Z","IN","m360/DF/0000/out/1/4/1/0/37","442"
"2026-08-14T11:17:01.267Z","IN","m360/DF/0000/out/1/4/1/0/37","442"
"2026-08-14T11:17:01.267Z","IN","m360/DF/0000/out/1/5/1/0/37","333"
"2026-08-14T11:17:01.267Z","IN","m360/DF/0000/out/1/5/1/0/37","333"
"2026-08-14T11:17:01.320Z","IN","m360/DF/0000/out/1/6/1/0/37","266"
"2026-08-14T11:17:01.320Z","IN","m360/DF/0000/out/1/6/1/0/37","266"
"2026-08-14T11:17:24.987Z","IN","m360/DF/0000/out/2/1/1/0/37","67"
"2026-08-14T11:17:24.988Z","IN","m360/DF/0000/out/2/1/1/0/37","67"
"2026-08-14T11:17:25.121Z","IN","m360/DF/0000/out/2/2/1/0/37","455"
"2026-08-14T11:17:25.125Z","IN","m360/DF/0000/out/2/2/1/0/37","455"
"2026-08-14T11:17:25.129Z","IN","m360/DF/0000/out/2/3/1/0/37","1020"
"2026-08-14T11:17:25.130Z","IN","m360/DF/0000/out/2/3/1/0/37","1020"
"2026-08-14T11:17:25.566Z","IN","m360/DF/0000/out/2/5/1/0/37","641"
"2026-08-14T11:17:25.566Z","IN","m360/DF/0000/out/2/5/1/0/37","641"
"2026-08-14T11:17:25.566Z","IN","m360/DF/0000/out/2/6/1/0/37","366"
"2026-08-14T11:17:25.566Z","IN","m360/DF/0000/out/2/6/1/0/37","366"
"2026-08-14T11:17:30.890Z","IN","m360/DF/0000/out","{""nodeId"":0,""sensorId"":255,""command"":3,""ack"":0,""type"":22,""payload"":"""",""timestamp"":49804,""description"":""heartbeat"",""event"":""heartbeat"",""uptime"":49804,""rssi"":-68,""wifiRssi"":-68,""batteryLevel"":100,""ip"":""192.168.1.2"",""version"":""2.0"",""source"":""gateway""}"
"2026-08-14T11:17:30.890Z","IN","m360/DF/0000/out","{""nodeId"":0,""sensorId"":255,""command"":3,""ack"":0,""type"":22,""payload"":"""",""timestamp"":49804,""description"":""heartbeat"",""event"":""heartbeat"",""uptime"":49804,""rssi"":-68,""wifiRssi"":-68,""batteryLevel"":100,""ip"":""192.168.1.2"",""version"":""2.0"",""source"":""gateway""}"
"2026-08-14T11:17:30.907Z","IN","m360/DF/0000/gateway/status","{""timestamp"":49804,""isConnected"":true,""connectionTime"":49797,""reconnectCount"":0,""lastErrorCode"":0,""uptime"":49804,""source"":""gateway"",""type"":""mqtt_metrics""}"
"2026-08-14T11:18:30.893Z","IN","m360/DF/0000/out","{""nodeId"":0,""sensorId"":255,""command"":3,""ack"":0,""type"":22,""payload"":"""",""timestamp"":49864,""description"":""heartbeat"",""event"":""heartbeat"",""uptime"":49864,""rssi"":-68,""wifiRssi"":-68,""batteryLevel"":100,""ip"":""192.168.1.2"",""version"":""2.0"",""source"":""gateway""}"
"2026-08-14T11:18:30.894Z","IN","m360/DF/0000/out","{""nodeId"":0,""sensorId"":255,""command"":3,""ack"":0,""type"":22,""payload"":"""",""timestamp"":49864,""description"":""heartbeat"",""event"":""heartbeat"",""uptime"":49864,""rssi"":-68,""wifiRssi"":-68,""batteryLevel"":100,""ip"":""192.168.1.2"",""version"":""2.0"",""source"":""gateway""}"
"2026-08-14T11:18:30.954Z","IN","m360/DF/0000/gateway/status","{""timestamp"":49864,""isConnected"":true,""connectionTime"":49857,""reconnectCount"":0,""lastErrorCode"":0,""uptime"":49864,""source"":""gateway"",""type"":""mqtt_metrics""}"
"2026-08-14T11:19:24.998Z","IN","m360/DF/0000/out/2/1/1/0/37","423"
"2026-08-14T11:19:24.999Z","IN","m360/DF/0000/out/2/1/1/0/37","423"
"2026-08-14T11:19:25.116Z","IN","m360/DF/0000/out/2/2/1/0/37","439"
"2026-08-14T11:19:25.119Z","IN","m360/DF/0000/out/2/2/1/0/37","439"
"2026-08-14T11:19:25.124Z","IN","m360/DF/0000/out/2/3/1/0/37","542"
"2026-08-14T11:19:25.124Z","IN","m360/DF/0000/out/2/3/1/0/37","542"
"2026-08-14T11:19:25.483Z","IN","m360/DF/0000/out/2/4/1/0/37","1018"
"2026-08-14T11:19:25.483Z","IN","m360/DF/0000/out/2/4/1/0/37","1018"
"2026-08-14T11:19:25.483Z","IN","m360/DF/0000/out/2/5/1/0/37","441"
"2026-08-14T11:19:25.483Z","IN","m360/DF/0000/out/2/5/1/0/37","441"
"2026-08-14T11:19:25.483Z","IN","m360/DF/0000/out/2/6/1/0/37","491"
"2026-08-14T11:19:25.483Z","IN","m360/DF/0000/out/2/6/1/0/37","491"
"2026-08-14T11:19:30.898Z","IN","m360/DF/0000/out","{""nodeId"":0,""sensorId"":255,""command"":3,""ack"":0,""type"":22,""payload"":"""",""timestamp"":49924,""description"":""heartbeat"",""event"":""heartbeat"",""uptime"":49924,""rssi"":-68,""wifiRssi"":-68,""batteryLevel"":100,""ip"":""192.168.1.2"",""version"":""2.0"",""source"":""gateway""}"
"2026-08-14T11:19:30.899Z","IN","m360/DF/0000/out","{""nodeId"":0,""sensorId"":255,""command"":3,""ack"":0,""type"":22,""payload"":"""",""timestamp"":49924,""description"":""heartbeat"",""event"":""heartbeat"",""uptime"":49924,""rssi"":-68,""wifiRssi"":-68,""batteryLevel"":100,""ip"":""192.168.1.2"",""version"":""2.0"",""source"":""gateway""}"
"2026-08-14T11:19:30.917Z","IN","m360/DF/0000/gateway/status","{""timestamp"":49924,""isConnected"":true,""connectionTime"":49917,""reconnectCount"":0,""lastErrorCode"":0,""uptime"":49924,""source"":""gateway"",""type"":""mqtt_metrics""}"
"2026-08-14T11:20:30.903Z","IN","m360/DF/0000/out","{""nodeId"":0,""sensorId"":255,""command"":3,""ack"":0,""type"":22,""payload"":"""",""timestamp"":49984,""description"":""heartbeat"",""event"":""heartbeat"",""uptime"":49984,""rssi"":-68,""wifiRssi"":-68,""batteryLevel"":100,""ip"":""192.168.1.2"",""version"":""2.0"",""source"":""gateway""}"
"2026-08-14T11:20:30.903Z","IN","m360/DF/0000/out","{""nodeId"":0,""sensorId"":255,""command"":3,""ack"":0,""type"":22,""payload"":"""",""timestamp"":49984,""description"":""heartbeat"",""event"":""heartbeat"",""uptime"":49984,""rssi"":-68,""wifiRssi"":-68,""batteryLevel"":100,""ip"":""192.168.1.2"",""version"":""2.0"",""source"":""gateway""}"
"2026-08-14T11:20:30.963Z","IN","m360/DF/0000/gateway/status","{""timestamp"":49984,""isConnected"":true,""connectionTime"":49977,""reconnectCount"":0,""lastErrorCode"":0,""uptime"":49984,""source"":""gateway"",""type"":""mqtt_metrics""}"
"2026-08-14T11:21:30.912Z","IN","m360/DF/0000/out/events","{""event"":""node_lost"",""nodeId"":99,""timestamp"":50044,""rssi"":-68,""details"":""Inactivity detected: timeout 300 s""}"
"2026-08-14T11:21:30.913Z","IN","m360/DF/0000/out/events","{""event"":""node_lost"",""nodeId"":99,""timestamp"":50044,""rssi"":-68,""details"":""Inactivity detected: timeout 300 s""}"
"2026-08-14T11:21:30.972Z","IN","m360/DF/0000/out","{""nodeId"":0,""sensorId"":255,""command"":3,""ack"":0,""type"":22,""payload"":"""",""timestamp"":50044,""description"":""heartbeat"",""event"":""heartbeat"",""uptime"":50044,""rssi"":-68,""wifiRssi"":-68,""batteryLevel"":100,""ip"":""192.168.1.2"",""version"":""2.0"",""source"":""gateway""}"
"2026-08-14T11:21:30.973Z","IN","m360/DF/0000/out","{""nodeId"":0,""sensorId"":255,""command"":3,""ack"":0,""type"":22,""payload"":"""",""timestamp"":50044,""description"":""heartbeat"",""event"":""heartbeat"",""uptime"":50044,""rssi"":-68,""wifiRssi"":-68,""batteryLevel"":100,""ip"":""192.168.1.2"",""version"":""2.0"",""source"":""gateway""}"
"2026-08-14T11:21:30.973Z","IN","m360/DF/0000/gateway/status","{""timestamp"":50044,""isConnected"":true,""connectionTime"":50037,""reconnectCount"":0,""lastErrorCode"":0,""uptime"":50044,""source"":""gateway"",""type"":""mqtt_metrics""}"
"2026-08-14T11:21:49.081Z","IN","m360/DF/0000/out/events","{""event"":""node_reconnected"",""nodeId"":99,""timestamp"":50063,""rssi"":-68,""details"":""Node back online or discovered""}"
"2026-08-14T11:21:49.083Z","IN","m360/DF/0000/out/events","{""event"":""node_reconnected"",""nodeId"":99,""timestamp"":50063,""rssi"":-68,""details"":""Node back online or discovered""}"
"2026-08-14T11:21:49.133Z","IN","m360/DF/0000/out/99/11/1/0/0","21"
"2026-08-14T11:21:49.133Z","IN","m360/DF/0000/out/99/11/1/0/0","21"
"2026-08-14T11:21:49.133Z","IN","m360/DF/0000/out/99/12/1/0/1","17"
"2026-08-14T11:21:49.133Z","IN","m360/DF/0000/out/99/12/1/0/1","17"
"2026-08-14T11:22:30.916Z","IN","m360/DF/0000/out/events","{""event"":""node_lost"",""nodeId"":1,""timestamp"":50104,""rssi"":-67,""details"":""Inactivity detected: timeout 300 s""}"
"2026-08-14T11:22:30.916Z","IN","m360/DF/0000/out/events","{""event"":""node_lost"",""nodeId"":1,""timestamp"":50104,""rssi"":-67,""details"":""Inactivity detected: timeout 300 s""}"
"2026-08-14T11:22:30.975Z","IN","m360/DF/0000/out","{""nodeId"":0,""sensorId"":255,""command"":3,""ack"":0,""type"":22,""payload"":"""",""timestamp"":50104,""description"":""heartbeat"",""event"":""heartbeat"",""uptime"":50104,""rssi"":-67,""wifiRssi"":-67,""batteryLevel"":100,""ip"":""192.168.1.2"",""version"":""2.0"",""source"":""gateway""}"
"2026-08-14T11:22:30.975Z","IN","m360/DF/0000/out","{""nodeId"":0,""sensorId"":255,""command"":3,""ack"":0,""type"":22,""payload"":"""",""timestamp"":50104,""description"":""heartbeat"",""event"":""heartbeat"",""uptime"":50104,""rssi"":-67,""wifiRssi"":-67,""batteryLevel"":100,""ip"":""192.168.1.2"",""version"":""2.0"",""source"":""gateway""}"
"2026-08-14T11:22:30.975Z","IN","m360/DF/0000/gateway/status","{""timestamp"":50104,""isConnected"":true,""connectionTime"":50097,""reconnectCount"":0,""lastErrorCode"":0,""uptime"":50104,""source"":""gateway"",""type"":""mqtt_metrics""}"
"2026-08-14T11:23:25.072Z","IN","m360/DF/0000/out/2/1/1/0/37","731"
"2026-08-14T11:23:25.074Z","IN","m360/DF/0000/out/2/1/1/0/37","731"
"2026-08-14T11:23:25.174Z","IN","m360/DF/0000/out/2/2/1/0/37","509"
"2026-08-14T11:23:25.175Z","IN","m360/DF/0000/out/2/2/1/0/37","509"
"2026-08-14T11:23:25.187Z","IN","m360/DF/0000/out/2/3/1/0/37","1022"
"2026-08-14T11:23:25.216Z","IN","m360/DF/0000/out/2/3/1/0/37","1022"
"2026-08-14T11:23:25.644Z","IN","m360/DF/0000/out/2/5/1/0/37","1022"
"2026-08-14T11:23:25.644Z","IN","m360/DF/0000/out/2/5/1/0/37","1022"
"2026-08-14T11:23:25.645Z","IN","m360/DF/0000/out/2/6/1/0/37","1022"
"2026-08-14T11:23:25.646Z","IN","m360/DF/0000/out/2/6/1/0/37","1022"
"2026-08-14T11:23:30.917Z","IN","m360/DF/0000/out","{""nodeId"":0,""sensorId"":255,""command"":3,""ack"":0,""type"":22,""payload"":"""",""timestamp"":50164,""description"":""heartbeat"",""event"":""heartbeat"",""uptime"":50164,""rssi"":-68,""wifiRssi"":-68,""batteryLevel"":100,""ip"":""192.168.1.2"",""version"":""2.0"",""source"":""gateway""}"
"2026-08-14T11:23:30.917Z","IN","m360/DF/0000/out","{""nodeId"":0,""sensorId"":255,""command"":3,""ack"":0,""type"":22,""payload"":"""",""timestamp"":50164,""description"":""heartbeat"",""event"":""heartbeat"",""uptime"":50164,""rssi"":-68,""wifiRssi"":-68,""batteryLevel"":100,""ip"":""192.168.1.2"",""version"":""2.0"",""source"":""gateway""}"
"2026-08-14T11:23:30.934Z","IN","m360/DF/0000/gateway/status","{""timestamp"":50164,""isConnected"":true,""connectionTime"":50157,""reconnectCount"":0,""lastErrorCode"":0,""uptime"":50164,""source"":""gateway"",""type"":""mqtt_metrics""}"
"2026-08-14T11:24:25.630Z","IN","m360/DF/0000/out/2/1/1/0/37","885"
"2026-08-14T11:24:25.631Z","IN","m360/DF/0000/out/2/1/1/0/37","885"
"2026-08-14T11:24:25.743Z","IN","m360/DF/0000/out/2/2/1/0/37","1023"
"2026-08-14T11:24:25.743Z","IN","m360/DF/0000/out/2/2/1/0/37","1023"
"2026-08-14T11:24:25.745Z","IN","m360/DF/0000/out/2/3/1/0/37","1023"
"2026-08-14T11:24:25.745Z","IN","m360/DF/0000/out/2/3/1/0/37","1023"
"2026-08-14T11:24:31.572Z","IN","m360/DF/0000/out","{""nodeId"":0,""sensorId"":255,""command"":3,""ack"":0,""type"":22,""payload"":"""",""timestamp"":50225,""description"":""heartbeat"",""event"":""heartbeat"",""uptime"":50225,""rssi"":-68,""wifiRssi"":-68,""batteryLevel"":100,""ip"":""192.168.1.2"",""version"":""2.0"",""source"":""gateway""}"
"2026-08-14T11:24:31.574Z","IN","m360/DF/0000/out","{""nodeId"":0,""sensorId"":255,""command"":3,""ack"":0,""type"":22,""payload"":"""",""timestamp"":50225,""description"":""heartbeat"",""event"":""heartbeat"",""uptime"":50225,""rssi"":-68,""wifiRssi"":-68,""batteryLevel"":100,""ip"":""192.168.1.2"",""version"":""2.0"",""source"":""gateway""}"
"2026-08-14T11:24:31.587Z","IN","m360/DF/0000/gateway/status","{""timestamp"":50225,""isConnected"":true,""connectionTime"":50217,""reconnectCount"":0,""lastErrorCode"":0,""uptime"":50225,""source"":""gateway"",""type"":""mqtt_metrics""}"
"2026-08-14T11:25:25.075Z","IN","m360/DF/0000/out/2/1/1/0/37","802"
"2026-08-14T11:25:25.075Z","IN","m360/DF/0000/out/2/1/1/0/37","802"
"2026-08-14T11:25:31.571Z","IN","m360/DF/0000/out","{""nodeId"":0,""sensorId"":255,""command"":3,""ack"":0,""type"":22,""payload"":"""",""timestamp"":50285,""description"":""heartbeat"",""event"":""heartbeat"",""uptime"":50285,""rssi"":-68,""wifiRssi"":-68,""batteryLevel"":100,""ip"":""192.168.1.2"",""version"":""2.0"",""source"":""gateway""}"
"2026-08-14T11:25:31.572Z","IN","m360/DF/0000/out","{""nodeId"":0,""sensorId"":255,""command"":3,""ack"":0,""type"":22,""payload"":"""",""timestamp"":50285,""description"":""heartbeat"",""event"":""heartbeat"",""uptime"":50285,""rssi"":-68,""wifiRssi"":-68,""batteryLevel"":100,""ip"":""192.168.1.2"",""version"":""2.0"",""source"":""gateway""}"
"2026-08-14T11:25:31.591Z","IN","m360/DF/0000/gateway/status","{""timestamp"":50285,""isConnected"":true,""connectionTime"":50277,""reconnectCount"":0,""lastErrorCode"":0,""uptime"":50285,""source"":""gateway"",""type"":""mqtt_metrics""}"
"2026-08-14T11:26:25.109Z","IN","m360/DF/0000/out/2/1/1/0/37","921"
"2026-08-14T11:26:25.109Z","IN","m360/DF/0000/out/2/1/1/0/37","921"
"2026-08-14T11:26:31.579Z","IN","m360/DF/0000/out","{""nodeId"":0,""sensorId"":255,""command"":3,""ack"":0,""type"":22,""payload"":"""",""timestamp"":50345,""description"":""heartbeat"",""event"":""heartbeat"",""uptime"":50345,""rssi"":-68,""wifiRssi"":-68,""batteryLevel"":100,""ip"":""192.168.1.2"",""version"":""2.0"",""source"":""gateway""}"
"2026-08-14T11:26:31.579Z","IN","m360/DF/0000/out","{""nodeId"":0,""sensorId"":255,""command"":3,""ack"":0,""type"":22,""payload"":"""",""timestamp"":50345,""description"":""heartbeat"",""event"":""heartbeat"",""uptime"":50345,""rssi"":-68,""wifiRssi"":-68,""batteryLevel"":100,""ip"":""192.168.1.2"",""version"":""2.0"",""source"":""gateway""}"
"2026-08-14T11:26:31.595Z","IN","m360/DF/0000/gateway/status","{""timestamp"":50345,""isConnected"":true,""connectionTime"":50337,""reconnectCount"":0,""lastErrorCode"":0,""uptime"":50345,""source"":""gateway"",""type"":""mqtt_metrics""}"
"2026-08-14T11:26:48.714Z","IN","m360/DF/0000/out/99/21/1/0/24","0"
"2026-08-14T11:26:48.714Z","IN","m360/DF/0000/out/99/21/1/0/24","0"
"2026-08-14T11:27:25.093Z","IN","m360/DF/0000/out/2/1/1/0/37","897"
"2026-08-14T11:27:25.093Z","IN","m360/DF/0000/out/2/1/1/0/37","897"
"2026-08-14T11:27:25.184Z","IN","m360/DF/0000/out/2/2/1/0/37","1021"
"2026-08-14T11:27:25.187Z","IN","m360/DF/0000/out/2/2/1/0/37","1021"
"2026-08-14T11:27:25.446Z","IN","m360/DF/0000/out/2/3/1/0/37","544"
"2026-08-14T11:27:25.446Z","IN","m360/DF/0000/out/2/3/1/0/37","544"
"2026-08-14T11:27:25.483Z","IN","m360/DF/0000/out/2/4/1/0/37","329"
"2026-08-14T11:27:25.483Z","IN","m360/DF/0000/out/2/4/1/0/37","329"
"2026-08-14T11:27:25.483Z","IN","m360/DF/0000/out/2/5/1/0/37","1020"
"2026-08-14T11:27:25.483Z","IN","m360/DF/0000/out/2/5/1/0/37","1020"
"2026-08-14T11:27:25.483Z","IN","m360/DF/0000/out/2/6/1/0/37","1021"
"2026-08-14T11:27:25.483Z","IN","m360/DF/0000/out/2/6/1/0/37","1021"
"2026-08-14T11:27:31.581Z","IN","m360/DF/0000/out","{""nodeId"":0,""sensorId"":255,""command"":3,""ack"":0,""type"":22,""payload"":"""",""timestamp"":50405,""description"":""heartbeat"",""event"":""heartbeat"",""uptime"":50405,""rssi"":-68,""wifiRssi"":-68,""batteryLevel"":100,""ip"":""192.168.1.2"",""version"":""2.0"",""source"":""gateway""}"
"2026-08-14T11:27:31.581Z","IN","m360/DF/0000/out","{""nodeId"":0,""sensorId"":255,""command"":3,""ack"":0,""type"":22,""payload"":"""",""timestamp"":50405,""description"":""heartbeat"",""event"":""heartbeat"",""uptime"":50405,""rssi"":-68,""wifiRssi"":-68,""batteryLevel"":100,""ip"":""192.168.1.2"",""version"":""2.0"",""source"":""gateway""}"
"2026-08-14T11:27:31.601Z","IN","m360/DF/0000/gateway/status","{""timestamp"":50405,""isConnected"":true,""connectionTime"":50397,""reconnectCount"":0,""lastErrorCode"":0,""uptime"":50405,""source"":""gateway"",""type"":""mqtt_metrics""}"
"2026-08-14T11:28:25.122Z","IN","m360/DF/0000/out/2/1/1/0/37","88"
"2026-08-14T11:28:25.123Z","IN","m360/DF/0000/out/2/1/1/0/37","88"
"2026-08-14T11:28:25.249Z","IN","m360/DF/0000/out/2/2/1/0/37","1019"
"2026-08-14T11:28:25.250Z","IN","m360/DF/0000/out/2/2/1/0/37","1019"
"2026-08-14T11:28:25.251Z","IN","m360/DF/0000/out/2/3/1/0/37","1019"
"2026-08-14T11:28:25.253Z","IN","m360/DF/0000/out/2/3/1/0/37","1019"
"2026-08-14T11:28:25.635Z","IN","m360/DF/0000/out/2/4/1/0/37","361"
"2026-08-14T11:28:25.635Z","IN","m360/DF/0000/out/2/4/1/0/37","361"
"2026-08-14T11:28:25.675Z","IN","m360/DF/0000/out/2/5/1/0/37","591"
"2026-08-14T11:28:25.675Z","IN","m360/DF/0000/out/2/5/1/0/37","591"
"2026-08-14T11:28:25.675Z","IN","m360/DF/0000/out/2/6/1/0/37","387"
"2026-08-14T11:28:25.675Z","IN","m360/DF/0000/out/2/6/1/0/37","387"
"2026-08-14T11:28:31.585Z","IN","m360/DF/0000/out","{""nodeId"":0,""sensorId"":255,""command"":3,""ack"":0,""type"":22,""payload"":"""",""timestamp"":50465,""description"":""heartbeat"",""event"":""heartbeat"",""uptime"":50465,""rssi"":-69,""wifiRssi"":-69,""batteryLevel"":100,""ip"":""192.168.1.2"",""version"":""2.0"",""source"":""gateway""}"
"2026-08-14T11:28:31.585Z","IN","m360/DF/0000/out","{""nodeId"":0,""sensorId"":255,""command"":3,""ack"":0,""type"":22,""payload"":"""",""timestamp"":50465,""description"":""heartbeat"",""event"":""heartbeat"",""uptime"":50465,""rssi"":-69,""wifiRssi"":-69,""batteryLevel"":100,""ip"":""192.168.1.2"",""version"":""2.0"",""source"":""gateway""}"
"2026-08-14T11:28:31.605Z","IN","m360/DF/0000/gateway/status","{""timestamp"":50465,""isConnected"":true,""connectionTime"":50457,""reconnectCount"":0,""lastErrorCode"":0,""uptime"":50465,""source"":""gateway"",""type"":""mqtt_metrics""}"
"2026-08-14T11:29:25.139Z","IN","m360/DF/0000/out/2/1/1/0/37","91"
"2026-08-14T11:29:25.141Z","IN","m360/DF/0000/out/2/1/1/0/37","91"
"2026-08-14T11:29:25.261Z","IN","m360/DF/0000/out/2/4/1/0/37","344"
"2026-08-14T11:29:25.262Z","IN","m360/DF/0000/out/2/4/1/0/37","344"
"2026-08-14T11:29:25.264Z","IN","m360/DF/0000/out/2/5/1/0/37","596"
"2026-08-14T11:29:25.264Z","IN","m360/DF/0000/out/2/5/1/0/37","596"
"2026-08-14T11:29:25.577Z","IN","m360/DF/0000/out/2/6/1/0/37","379"
"2026-08-14T11:29:25.578Z","IN","m360/DF/0000/out/2/6/1/0/37","379"
"2026-08-14T11:29:31.589Z","IN","m360/DF/0000/out","{""nodeId"":0,""sensorId"":255,""command"":3,""ack"":0,""type"":22,""payload"":"""",""timestamp"":50525,""description"":""heartbeat"",""event"":""heartbeat"",""uptime"":50525,""rssi"":-68,""wifiRssi"":-68,""batteryLevel"":100,""ip"":""192.168.1.2"",""version"":""2.0"",""source"":""gateway""}"
"2026-08-14T11:29:31.589Z","IN","m360/DF/0000/out","{""nodeId"":0,""sensorId"":255,""command"":3,""ack"":0,""type"":22,""payload"":"""",""timestamp"":50525,""description"":""heartbeat"",""event"":""heartbeat"",""uptime"":50525,""rssi"":-68,""wifiRssi"":-68,""batteryLevel"":100,""ip"":""192.168.1.2"",""version"":""2.0"",""source"":""gateway""}"
"2026-08-14T11:29:31.607Z","IN","m360/DF/0000/gateway/status","{""timestamp"":50525,""isConnected"":true,""connectionTime"":50517,""reconnectCount"":0,""lastErrorCode"":0,""uptime"":50525,""source"":""gateway"",""type"":""mqtt_metrics""}"
"2026-08-14T11:30:25.202Z","IN","m360/DF/0000/out/2/3/1/0/37","1021"
"2026-08-14T11:30:25.202Z","IN","m360/DF/0000/out/2/3/1/0/37","1021"
"2026-08-14T11:30:31.595Z","IN","m360/DF/0000/out","{""nodeId"":0,""sensorId"":255,""command"":3,""ack"":0,""type"":22,""payload"":"""",""timestamp"":50585,""description"":""heartbeat"",""event"":""heartbeat"",""uptime"":50585,""rssi"":-68,""wifiRssi"":-68,""batteryLevel"":100,""ip"":""192.168.1.2"",""version"":""2.0"",""source"":""gateway""}"
"2026-08-14T11:30:31.596Z","IN","m360/DF/0000/out","{""nodeId"":0,""sensorId"":255,""command"":3,""ack"":0,""type"":22,""payload"":"""",""timestamp"":50585,""description"":""heartbeat"",""event"":""heartbeat"",""uptime"":50585,""rssi"":-68,""wifiRssi"":-68,""batteryLevel"":100,""ip"":""192.168.1.2"",""version"":""2.0"",""source"":""gateway""}"
"2026-08-14T11:30:31.613Z","IN","m360/DF/0000/gateway/status","{""timestamp"":50585,""isConnected"":true,""connectionTime"":50577,""reconnectCount"":0,""lastErrorCode"":0,""uptime"":50585,""source"":""gateway"",""type"":""mqtt_metrics""}"
"2026-08-14T11:31:31.597Z","IN","m360/DF/0000/out","{""nodeId"":0,""sensorId"":255,""command"":3,""ack"":0,""type"":22,""payload"":"""",""timestamp"":50645,""description"":""heartbeat"",""event"":""heartbeat"",""uptime"":50645,""rssi"":-67,""wifiRssi"":-67,""batteryLevel"":100,""ip"":""192.168.1.2"",""version"":""2.0"",""source"":""gateway""}"
"2026-08-14T11:31:31.598Z","IN","m360/DF/0000/out","{""nodeId"":0,""sensorId"":255,""command"":3,""ack"":0,""type"":22,""payload"":"""",""timestamp"":50645,""description"":""heartbeat"",""event"":""heartbeat"",""uptime"":50645,""rssi"":-67,""wifiRssi"":-67,""batteryLevel"":100,""ip"":""192.168.1.2"",""version"":""2.0"",""source"":""gateway""}"
"2026-08-14T11:31:31.658Z","IN","m360/DF/0000/gateway/status","{""timestamp"":50645,""isConnected"":true,""connectionTime"":50637,""reconnectCount"":0,""lastErrorCode"":0,""uptime"":50645,""source"":""gateway"",""type"":""mqtt_metrics""}"
"2026-08-14T11:32:31.608Z","IN","m360/DF/0000/out/events","{""event"":""node_lost"",""nodeId"":99,""timestamp"":50705,""rssi"":-71,""details"":""Inactivity detected: timeout 300 s""}"
"2026-08-14T11:32:31.609Z","IN","m360/DF/0000/out/events","{""event"":""node_lost"",""nodeId"":99,""timestamp"":50705,""rssi"":-71,""details"":""Inactivity detected: timeout 300 s""}"
"2026-08-14T11:32:31.675Z","IN","m360/DF/0000/out","{""nodeId"":0,""sensorId"":255,""command"":3,""ack"":0,""type"":22,""payload"":"""",""timestamp"":50705,""description"":""heartbeat"",""event"":""heartbeat"",""uptime"":50705,""rssi"":-71,""wifiRssi"":-71,""batteryLevel"":100,""ip"":""192.168.1.2"",""version"":""2.0"",""source"":""gateway""}"
"2026-08-14T11:32:31.675Z","IN","m360/DF/0000/out","{""nodeId"":0,""sensorId"":255,""command"":3,""ack"":0,""type"":22,""payload"":"""",""timestamp"":50705,""description"":""heartbeat"",""event"":""heartbeat"",""uptime"":50705,""rssi"":-71,""wifiRssi"":-71,""batteryLevel"":100,""ip"":""192.168.1.2"",""version"":""2.0"",""source"":""gateway""}"
"2026-08-14T11:32:31.675Z","IN","m360/DF/0000/gateway/status","{""timestamp"":50705,""isConnected"":true,""connectionTime"":50698,""reconnectCount"":0,""lastErrorCode"":0,""uptime"":50705,""source"":""gateway"",""type"":""mqtt_metrics""}"
"2026-08-14T11:32:48.267Z","IN","m360/DF/0000/out/events","{""event"":""node_reconnected"",""nodeId"":99,""timestamp"":50722,""rssi"":-69,""details"":""Node back online or discovered""}"
"2026-08-14T11:32:48.267Z","IN","m360/DF/0000/out/events","{""event"":""node_reconnected"",""nodeId"":99,""timestamp"":50722,""rssi"":-69,""details"":""Node back online or discovered""}"
"2026-08-14T11:32:48.401Z","IN","m360/DF/0000/out/99/12/1/0/1","17"
"2026-08-14T11:32:48.401Z","IN","m360/DF/0000/out/99/12/1/0/1","17"
"2026-08-14T11:33:01.747Z","IN","m360/DF/0000/out/events","{""event"":""node_reconnected"",""nodeId"":1,""timestamp"":50735,""rssi"":-68,""details"":""Node back online or discovered""}"
"2026-08-14T11:33:01.747Z","IN","m360/DF/0000/out/events","{""event"":""node_reconnected"",""nodeId"":1,""timestamp"":50735,""rssi"":-68,""details"":""Node back online or discovered""}"
"2026-08-14T11:33:01.808Z","IN","m360/DF/0000/out/1/1/1/0/37","300"
"2026-08-14T11:33:01.808Z","IN","m360/DF/0000/out/1/1/1/0/37","300"
"2026-08-14T11:33:01.808Z","IN","m360/DF/0000/out/1/2/1/0/37","284"
"2026-08-14T11:33:01.809Z","IN","m360/DF/0000/out/1/2/1/0/37","284"
"2026-08-14T11:33:01.811Z","IN","m360/DF/0000/out/1/3/1/0/37","103"
"2026-08-14T11:33:01.811Z","IN","m360/DF/0000/out/1/3/1/0/37","103"
"2026-08-14T11:33:02.362Z","IN","m360/DF/0000/out/1/4/1/0/37","365"
"2026-08-14T11:33:02.363Z","IN","m360/DF/0000/out/1/4/1/0/37","365"
"2026-08-14T11:33:02.474Z","IN","m360/DF/0000/out/1/5/1/0/37","300"
"2026-08-14T11:33:02.474Z","IN","m360/DF/0000/out/1/5/1/0/37","300"
"2026-08-14T11:33:02.547Z","IN","m360/DF/0000/out/1/6/1/0/37","247"
"2026-08-14T11:33:02.548Z","IN","m360/DF/0000/out/1/6/1/0/37","247"
"2026-08-14T11:33:31.611Z","IN","m360/DF/0000/out","{""nodeId"":0,""sensorId"":255,""command"":3,""ack"":0,""type"":22,""payload"":"""",""timestamp"":50765,""description"":""heartbeat"",""event"":""heartbeat"",""uptime"":50765,""rssi"":-68,""wifiRssi"":-68,""batteryLevel"":100,""ip"":""192.168.1.2"",""version"":""2.0"",""source"":""gateway""}"
"2026-08-14T11:33:31.612Z","IN","m360/DF/0000/out","{""nodeId"":0,""sensorId"":255,""command"":3,""ack"":0,""type"":22,""payload"":"""",""timestamp"":50765,""description"":""heartbeat"",""event"":""heartbeat"",""uptime"":50765,""rssi"":-68,""wifiRssi"":-68,""batteryLevel"":100,""ip"":""192.168.1.2"",""version"":""2.0"",""source"":""gateway""}"
"2026-08-14T11:33:31.666Z","IN","m360/DF/0000/gateway/status","{""timestamp"":50765,""isConnected"":true,""connectionTime"":50757,""reconnectCount"":0,""lastErrorCode"":0,""uptime"":50765,""source"":""gateway"",""type"":""mqtt_metrics""}"
"2026-08-14T11:33:48.226Z","IN","m360/DF/0000/out/99/11/1/0/0","23"
"2026-08-14T11:33:48.228Z","IN","m360/DF/0000/out/99/11/1/0/0","23"
"2026-08-14T11:33:48.285Z","IN","m360/DF/0000/out/99/12/1/0/1","16"
"2026-08-14T11:33:48.285Z","IN","m360/DF/0000/out/99/12/1/0/1","16"
"2026-08-14T11:34:01.818Z","IN","m360/DF/0000/out/1/1/1/0/37","303"
"2026-08-14T11:34:01.821Z","IN","m360/DF/0000/out/1/1/1/0/37","303"
"2026-08-14T11:34:02.080Z","IN","m360/DF/0000/out/1/2/1/0/37","326"
"2026-08-14T11:34:02.081Z","IN","m360/DF/0000/out/1/2/1/0/37","326"
"2026-08-14T11:34:02.081Z","IN","m360/DF/0000/out/1/3/1/0/37","148"
"2026-08-14T11:34:02.081Z","IN","m360/DF/0000/out/1/3/1/0/37","148"
"2026-08-14T11:34:02.082Z","IN","m360/DF/0000/out/1/4/1/0/37","392"
"2026-08-14T11:34:02.082Z","IN","m360/DF/0000/out/1/4/1/0/37","392"
"2026-08-14T11:34:02.132Z","IN","m360/DF/0000/out/1/5/1/0/37","307"
"2026-08-14T11:34:02.133Z","IN","m360/DF/0000/out/1/5/1/0/37","307"
"2026-08-14T11:34:02.133Z","IN","m360/DF/0000/out/1/6/1/0/37","254"
"2026-08-14T11:34:02.133Z","IN","m360/DF/0000/out/1/6/1/0/37","254"
"2026-08-14T11:34:31.613Z","IN","m360/DF/0000/out","{""nodeId"":0,""sensorId"":255,""command"":3,""ack"":0,""type"":22,""payload"":"""",""timestamp"":50825,""description"":""heartbeat"",""event"":""heartbeat"",""uptime"":50825,""rssi"":-68,""wifiRssi"":-68,""batteryLevel"":100,""ip"":""192.168.1.2"",""version"":""2.0"",""source"":""gateway""}"
"2026-08-14T11:34:31.613Z","IN","m360/DF/0000/out","{""nodeId"":0,""sensorId"":255,""command"":3,""ack"":0,""type"":22,""payload"":"""",""timestamp"":50825,""description"":""heartbeat"",""event"":""heartbeat"",""uptime"":50825,""rssi"":-68,""wifiRssi"":-68,""batteryLevel"":100,""ip"":""192.168.1.2"",""version"":""2.0"",""source"":""gateway""}"
"2026-08-14T11:34:31.676Z","IN","m360/DF/0000/gateway/status","{""timestamp"":50825,""isConnected"":true,""connectionTime"":50817,""reconnectCount"":0,""lastErrorCode"":0,""uptime"":50825,""source"":""gateway"",""type"":""mqtt_metrics""}"
"2026-08-14T11:35:01.871Z","IN","m360/DF/0000/out/1/1/1/0/37","310"
"2026-08-14T11:35:01.871Z","IN","m360/DF/0000/out/1/1/1/0/37","310"
"2026-08-14T11:35:02.267Z","IN","m360/DF/0000/out/1/2/1/0/37","323"
"2026-08-14T11:35:02.270Z","IN","m360/DF/0000/out/1/2/1/0/37","323"
"2026-08-14T11:35:02.271Z","IN","m360/DF/0000/out/1/3/1/0/37","109"
"2026-08-14T11:35:02.321Z","IN","m360/DF/0000/out/1/3/1/0/37","109"
"2026-08-14T11:35:02.321Z","IN","m360/DF/0000/out/1/4/1/0/37","393"
"2026-08-14T11:35:02.323Z","IN","m360/DF/0000/out/1/4/1/0/37","393"
"2026-08-14T11:35:02.324Z","IN","m360/DF/0000/out/1/5/1/0/37","297"
"2026-08-14T11:35:02.324Z","IN","m360/DF/0000/out/1/5/1/0/37","297"
"2026-08-14T11:35:02.422Z","IN","m360/DF/0000/out/1/6/1/0/37","245"
"2026-08-14T11:35:02.423Z","IN","m360/DF/0000/out/1/6/1/0/37","245"
"2026-08-14T11:35:31.624Z","IN","m360/DF/0000/out/events","{""event"":""node_lost"",""nodeId"":2,""timestamp"":50885,""rssi"":-68,""details"":""Inactivity detected: timeout 300 s""}"
"2026-08-14T11:35:31.625Z","IN","m360/DF/0000/out/events","{""event"":""node_lost"",""nodeId"":2,""timestamp"":50885,""rssi"":-68,""details"":""Inactivity detected: timeout 300 s""}"
"2026-08-14T11:35:31.693Z","IN","m360/DF/0000/out","{""nodeId"":0,""sensorId"":255,""command"":3,""ack"":0,""type"":22,""payload"":"""",""timestamp"":50885,""description"":""heartbeat"",""event"":""heartbeat"",""uptime"":50885,""rssi"":-68,""wifiRssi"":-68,""batteryLevel"":100,""ip"":""192.168.1.2"",""version"":""2.0"",""source"":""gateway""}"
"2026-08-14T11:35:31.694Z","IN","m360/DF/0000/out","{""nodeId"":0,""sensorId"":255,""command"":3,""ack"":0,""type"":22,""payload"":"""",""timestamp"":50885,""description"":""heartbeat"",""event"":""heartbeat"",""uptime"":50885,""rssi"":-68,""wifiRssi"":-68,""batteryLevel"":100,""ip"":""192.168.1.2"",""version"":""2.0"",""source"":""gateway""}"
"2026-08-14T11:35:31.694Z","IN","m360/DF/0000/gateway/status","{""timestamp"":50885,""isConnected"":true,""connectionTime"":50878,""reconnectCount"":0,""lastErrorCode"":0,""uptime"":50885,""source"":""gateway"",""type"":""mqtt_metrics""}"
"2026-08-14T11:36:01.933Z","IN","m360/DF/0000/out/1/1/1/0/37","307"
"2026-08-14T11:36:01.933Z","IN","m360/DF/0000/out/1/1/1/0/37","307"
"2026-08-14T11:36:02.228Z","IN","m360/DF/0000/out/1/2/1/0/37","317"
"2026-08-14T11:36:02.238Z","IN","m360/DF/0000/out/1/2/1/0/37","317"
"2026-08-14T11:36:02.239Z","IN","m360/DF/0000/out/1/3/1/0/37","140"
"2026-08-14T11:36:02.239Z","IN","m360/DF/0000/out/1/3/1/0/37","140"
"2026-08-14T11:36:02.241Z","IN","m360/DF/0000/out/1/4/1/0/37","422"
"2026-08-14T11:36:02.241Z","IN","m360/DF/0000/out/1/4/1/0/37","422"
"2026-08-14T11:36:02.417Z","IN","m360/DF/0000/out/1/5/1/0/37","318"
"2026-08-14T11:36:02.418Z","IN","m360/DF/0000/out/1/5/1/0/37","318"
"2026-08-14T11:36:02.419Z","IN","m360/DF/0000/out/1/6/1/0/37","256"
"2026-08-14T11:36:02.419Z","IN","m360/DF/0000/out/1/6/1/0/37","256"
"2026-08-14T11:36:31.622Z","IN","m360/DF/0000/out","{""nodeId"":0,""sensorId"":255,""command"":3,""ack"":0,""type"":22,""payload"":"""",""timestamp"":50945,""description"":""heartbeat"",""event"":""heartbeat"",""uptime"":50945,""rssi"":-68,""wifiRssi"":-68,""batteryLevel"":100,""ip"":""192.168.1.2"",""version"":""2.0"",""source"":""gateway""}"
"2026-08-14T11:36:31.623Z","IN","m360/DF/0000/out","{""nodeId"":0,""sensorId"":255,""command"":3,""ack"":0,""type"":22,""payload"":"""",""timestamp"":50945,""description"":""heartbeat"",""event"":""heartbeat"",""uptime"":50945,""rssi"":-68,""wifiRssi"":-68,""batteryLevel"":100,""ip"":""192.168.1.2"",""version"":""2.0"",""source"":""gateway""}"
"2026-08-14T11:36:31.688Z","IN","m360/DF/0000/gateway/status","{""timestamp"":50945,""isConnected"":true,""connectionTime"":50937,""reconnectCount"":0,""lastErrorCode"":0,""uptime"":50945,""source"":""gateway"",""type"":""mqtt_metrics""}"
"2026-08-14T11:37:02.013Z","IN","m360/DF/0000/out/1/1/1/0/37","310"
"2026-08-14T11:37:02.016Z","IN","m360/DF/0000/out/1/1/1/0/37","310"
"2026-08-14T11:37:02.235Z","IN","m360/DF/0000/out/1/2/1/0/37","326"
"2026-08-14T11:37:02.239Z","IN","m360/DF/0000/out/1/2/1/0/37","326"
"2026-08-14T11:37:02.240Z","IN","m360/DF/0000/out/1/3/1/0/37","119"
"2026-08-14T11:37:02.240Z","IN","m360/DF/0000/out/1/3/1/0/37","119"
"2026-08-14T11:37:02.323Z","IN","m360/DF/0000/out/1/4/1/0/37","425"
"2026-08-14T11:37:02.323Z","IN","m360/DF/0000/out/1/4/1/0/37","425"
"2026-08-14T11:37:02.324Z","IN","m360/DF/0000/out/1/5/1/0/37","314"
"2026-08-14T11:37:02.324Z","IN","m360/DF/0000/out/1/5/1/0/37","314"
"2026-08-14T11:37:02.668Z","IN","m360/DF/0000/out/1/6/1/0/37","258"
"2026-08-14T11:37:02.668Z","IN","m360/DF/0000/out/1/6/1/0/37","258"
"2026-08-14T11:37:31.626Z","IN","m360/DF/0000/out","{""nodeId"":0,""sensorId"":255,""command"":3,""ack"":0,""type"":22,""payload"":"""",""timestamp"":51005,""description"":""heartbeat"",""event"":""heartbeat"",""uptime"":51005,""rssi"":-68,""wifiRssi"":-68,""batteryLevel"":100,""ip"":""192.168.1.2"",""version"":""2.0"",""source"":""gateway""}"
"2026-08-14T11:37:31.626Z","IN","m360/DF/0000/out","{""nodeId"":0,""sensorId"":255,""command"":3,""ack"":0,""type"":22,""payload"":"""",""timestamp"":51005,""description"":""heartbeat"",""event"":""heartbeat"",""uptime"":51005,""rssi"":-68,""wifiRssi"":-68,""batteryLevel"":100,""ip"":""192.168.1.2"",""version"":""2.0"",""source"":""gateway""}"
"2026-08-14T11:37:31.684Z","IN","m360/DF/0000/gateway/status","{""timestamp"":51005,""isConnected"":true,""connectionTime"":50997,""reconnectCount"":0,""lastErrorCode"":0,""uptime"":51005,""source"":""gateway"",""type"":""mqtt_metrics""}"
"2026-08-14T11:37:48.054Z","IN","m360/DF/0000/out/99/21/1/0/24","0"
"2026-08-14T11:37:48.055Z","IN","m360/DF/0000/out/99/21/1/0/24","0"
"2026-08-14T11:38:02.057Z","IN","m360/DF/0000/out/1/1/1/0/37","317"
"2026-08-14T11:38:02.058Z","IN","m360/DF/0000/out/1/1/1/0/37","317"
"2026-08-14T11:38:02.372Z","IN","m360/DF/0000/out/1/2/1/0/37","322"
"2026-08-14T11:38:02.373Z","IN","m360/DF/0000/out/1/2/1/0/37","322"
"2026-08-14T11:38:02.376Z","IN","m360/DF/0000/out/1/3/1/0/37","115"
"2026-08-14T11:38:02.376Z","IN","m360/DF/0000/out/1/3/1/0/37","115"
"2026-08-14T11:38:02.377Z","IN","m360/DF/0000/out/1/4/1/0/37","429"
"2026-08-14T11:38:02.379Z","IN","m360/DF/0000/out/1/4/1/0/37","429"
"2026-08-14T11:38:02.521Z","IN","m360/DF/0000/out/1/5/1/0/37","322"
"2026-08-14T11:38:02.523Z","IN","m360/DF/0000/out/1/5/1/0/37","322"
"2026-08-14T11:38:02.524Z","IN","m360/DF/0000/out/1/6/1/0/37","260"
"2026-08-14T11:38:02.528Z","IN","m360/DF/0000/out/1/6/1/0/37","260"
"2026-08-14T11:38:31.635Z","IN","m360/DF/0000/out","{""nodeId"":0,""sensorId"":255,""command"":3,""ack"":0,""type"":22,""payload"":"""",""timestamp"":51065,""description"":""heartbeat"",""event"":""heartbeat"",""uptime"":51065,""rssi"":-68,""wifiRssi"":-68,""batteryLevel"":100,""ip"":""192.168.1.2"",""version"":""2.0"",""source"":""gateway""}"
"2026-08-14T11:38:31.636Z","IN","m360/DF/0000/out","{""nodeId"":0,""sensorId"":255,""command"":3,""ack"":0,""type"":22,""payload"":"""",""timestamp"":51065,""description"":""heartbeat"",""event"":""heartbeat"",""uptime"":51065,""rssi"":-68,""wifiRssi"":-68,""batteryLevel"":100,""ip"":""192.168.1.2"",""version"":""2.0"",""source"":""gateway""}"
"2026-08-14T11:38:31.690Z","IN","m360/DF/0000/gateway/status","{""timestamp"":51065,""isConnected"":true,""connectionTime"":51057,""reconnectCount"":0,""lastErrorCode"":0,""uptime"":51065,""source"":""gateway"",""type"":""mqtt_metrics""}"
"2026-08-14T11:39:31.635Z","IN","m360/DF/0000/out","{""nodeId"":0,""sensorId"":255,""command"":3,""ack"":0,""type"":22,""payload"":"""",""timestamp"":51125,""description"":""heartbeat"",""event"":""heartbeat"",""uptime"":51125,""rssi"":-68,""wifiRssi"":-68,""batteryLevel"":100,""ip"":""192.168.1.2"",""version"":""2.0"",""source"":""gateway""}"
"2026-08-14T11:39:31.636Z","IN","m360/DF/0000/out","{""nodeId"":0,""sensorId"":255,""command"":3,""ack"":0,""type"":22,""payload"":"""",""timestamp"":51125,""description"":""heartbeat"",""event"":""heartbeat"",""uptime"":51125,""rssi"":-68,""wifiRssi"":-68,""batteryLevel"":100,""ip"":""192.168.1.2"",""version"":""2.0"",""source"":""gateway""}"
"2026-08-14T11:39:31.694Z","IN","m360/DF/0000/gateway/status","{""timestamp"":51125,""isConnected"":true,""connectionTime"":51117,""reconnectCount"":0,""lastErrorCode"":0,""uptime"":51125,""source"":""gateway"",""type"":""mqtt_metrics""}"
"2026-08-14T11:40:02.211Z","IN","m360/DF/0000/out/1/1/1/0/37","310"
"2026-08-14T11:40:02.213Z","IN","m360/DF/0000/out/1/1/1/0/37","310"
"2026-08-14T11:40:02.618Z","IN","m360/DF/0000/out/1/2/1/0/37","331"
"2026-08-14T11:40:02.626Z","IN","m360/DF/0000/out/1/2/1/0/37","331"
"2026-08-14T11:40:02.627Z","IN","m360/DF/0000/out/1/3/1/0/37","116"
"2026-08-14T11:40:02.627Z","IN","m360/DF/0000/out/1/3/1/0/37","116"
"2026-08-14T11:40:02.627Z","IN","m360/DF/0000/out/1/4/1/0/37","428"
"2026-08-14T11:40:02.627Z","IN","m360/DF/0000/out/1/4/1/0/37","428"
"2026-08-14T11:40:02.627Z","IN","m360/DF/0000/out/1/5/1/0/37","317"
"2026-08-14T11:40:02.628Z","IN","m360/DF/0000/out/1/5/1/0/37","317"
"2026-08-14T11:40:02.729Z","IN","m360/DF/0000/out/1/6/1/0/37","254"
"2026-08-14T11:40:02.729Z","IN","m360/DF/0000/out/1/6/1/0/37","254"
"2026-08-14T11:40:31.640Z","IN","m360/DF/0000/out","{""nodeId"":0,""sensorId"":255,""command"":3,""ack"":0,""type"":22,""payload"":"""",""timestamp"":51185,""description"":""heartbeat"",""event"":""heartbeat"",""uptime"":51185,""rssi"":-65,""wifiRssi"":-65,""batteryLevel"":100,""ip"":""192.168.1.2"",""version"":""2.0"",""source"":""gateway""}"
"2026-08-14T11:40:31.640Z","IN","m360/DF/0000/out","{""nodeId"":0,""sensorId"":255,""command"":3,""ack"":0,""type"":22,""payload"":"""",""timestamp"":51185,""description"":""heartbeat"",""event"":""heartbeat"",""uptime"":51185,""rssi"":-65,""wifiRssi"":-65,""batteryLevel"":100,""ip"":""192.168.1.2"",""version"":""2.0"",""source"":""gateway""}"
"2026-08-14T11:40:31.703Z","IN","m360/DF/0000/gateway/status","{""timestamp"":51185,""isConnected"":true,""connectionTime"":51177,""reconnectCount"":0,""lastErrorCode"":0,""uptime"":51185,""source"":""gateway"",""type"":""mqtt_metrics""}"
"2026-08-14T11:41:02.256Z","IN","m360/DF/0000/out/1/1/1/0/37","312"
"2026-08-14T11:41:02.257Z","IN","m360/DF/0000/out/1/1/1/0/37","312"
"2026-08-14T11:41:02.521Z","IN","m360/DF/0000/out/1/2/1/0/37","327"
"2026-08-14T11:41:02.524Z","IN","m360/DF/0000/out/1/2/1/0/37","327"
"2026-08-14T11:41:02.525Z","IN","m360/DF/0000/out/1/3/1/0/37","128"
"2026-08-14T11:41:02.532Z","IN","m360/DF/0000/out/1/3/1/0/37","128"
"2026-08-14T11:41:02.624Z","IN","m360/DF/0000/out/1/4/1/0/37","434"
"2026-08-14T11:41:02.625Z","IN","m360/DF/0000/out/1/4/1/0/37","434"
"2026-08-14T11:41:02.625Z","IN","m360/DF/0000/out/1/5/1/0/37","322"
"2026-08-14T11:41:02.625Z","IN","m360/DF/0000/out/1/5/1/0/37","322"
"2026-08-14T11:41:31.645Z","IN","m360/DF/0000/out","{""nodeId"":0,""sensorId"":255,""command"":3,""ack"":0,""type"":22,""payload"":"""",""timestamp"":51245,""description"":""heartbeat"",""event"":""heartbeat"",""uptime"":51245,""rssi"":-68,""wifiRssi"":-68,""batteryLevel"":100,""ip"":""192.168.1.2"",""version"":""2.0"",""source"":""gateway""}"
"2026-08-14T11:41:31.645Z","IN","m360/DF/0000/out","{""nodeId"":0,""sensorId"":255,""command"":3,""ack"":0,""type"":22,""payload"":"""",""timestamp"":51245,""description"":""heartbeat"",""event"":""heartbeat"",""uptime"":51245,""rssi"":-68,""wifiRssi"":-68,""batteryLevel"":100,""ip"":""192.168.1.2"",""version"":""2.0"",""source"":""gateway""}"
"2026-08-14T11:41:31.702Z","IN","m360/DF/0000/gateway/status","{""timestamp"":51245,""isConnected"":true,""connectionTime"":51237,""reconnectCount"":0,""lastErrorCode"":0,""uptime"":51245,""source"":""gateway"",""type"":""mqtt_metrics""}"
"2026-08-14T11:42:02.349Z","IN","m360/DF/0000/out/1/1/1/0/37","317"
"2026-08-14T11:42:02.349Z","IN","m360/DF/0000/out/1/1/1/0/37","317"
"2026-08-14T11:42:02.563Z","IN","m360/DF/0000/out/1/2/1/0/37","329"
"2026-08-14T11:42:02.564Z","IN","m360/DF/0000/out/1/2/1/0/37","329"
"2026-08-14T11:42:02.565Z","IN","m360/DF/0000/out/1/3/1/0/37","121"
"2026-08-14T11:42:02.565Z","IN","m360/DF/0000/out/1/3/1/0/37","121"
"2026-08-14T11:42:02.619Z","IN","m360/DF/0000/out/1/4/1/0/37","438"
"2026-08-14T11:42:02.621Z","IN","m360/DF/0000/out/1/4/1/0/37","438"
"2026-08-14T11:42:02.622Z","IN","m360/DF/0000/out/1/5/1/0/37","324"
"2026-08-14T11:42:02.622Z","IN","m360/DF/0000/out/1/5/1/0/37","324"
"2026-08-14T11:42:02.947Z","IN","m360/DF/0000/out/1/6/1/0/37","256"
"2026-08-14T11:42:02.947Z","IN","m360/DF/0000/out/1/6/1/0/37","256"
"2026-08-14T11:42:31.650Z","IN","m360/DF/0000/out","{""nodeId"":0,""sensorId"":255,""command"":3,""ack"":0,""type"":22,""payload"":"""",""timestamp"":51305,""description"":""heartbeat"",""event"":""heartbeat"",""uptime"":51305,""rssi"":-69,""wifiRssi"":-69,""batteryLevel"":100,""ip"":""192.168.1.2"",""version"":""2.0"",""source"":""gateway""}"
"2026-08-14T11:42:31.650Z","IN","m360/DF/0000/out","{""nodeId"":0,""sensorId"":255,""command"":3,""ack"":0,""type"":22,""payload"":"""",""timestamp"":51305,""description"":""heartbeat"",""event"":""heartbeat"",""uptime"":51305,""rssi"":-69,""wifiRssi"":-69,""batteryLevel"":100,""ip"":""192.168.1.2"",""version"":""2.0"",""source"":""gateway""}"
"2026-08-14T11:42:31.713Z","IN","m360/DF/0000/gateway/status","{""timestamp"":51305,""isConnected"":true,""connectionTime"":51297,""reconnectCount"":0,""lastErrorCode"":0,""uptime"":51305,""source"":""gateway"",""type"":""mqtt_metrics""}"
"2026-08-14T11:43:02.689Z","IN","m360/DF/0000/out/1/1/1/0/37","322"
"2026-08-14T11:43:02.689Z","IN","m360/DF/0000/out/1/1/1/0/37","322"
"2026-08-14T11:43:02.859Z","IN","m360/DF/0000/out/1/2/1/0/37","305"
"2026-08-14T11:43:02.859Z","IN","m360/DF/0000/out/1/2/1/0/37","305"
"2026-08-14T11:43:02.860Z","IN","m360/DF/0000/out/1/3/1/0/37","85"
"2026-08-14T11:43:02.860Z","IN","m360/DF/0000/out/1/3/1/0/37","85"
"2026-08-14T11:43:25.200Z","IN","m360/DF/0000/out/events","{""event"":""node_reconnected"",""nodeId"":2,""timestamp"":51359,""rssi"":-68,""details"":""Node back online or discovered""}"
"2026-08-14T11:43:25.201Z","IN","m360/DF/0000/out/events","{""event"":""node_reconnected"",""nodeId"":2,""timestamp"":51359,""rssi"":-68,""details"":""Node back online or discovered""}"
"2026-08-14T11:43:25.263Z","IN","m360/DF/0000/out/2/2/1/0/37","1018"
"2026-08-14T11:43:25.263Z","IN","m360/DF/0000/out/2/2/1/0/37","1018"
"2026-08-14T11:43:25.265Z","IN","m360/DF/0000/out/2/4/1/0/37","292"
"2026-08-14T11:43:25.265Z","IN","m360/DF/0000/out/2/4/1/0/37","292"
"2026-08-14T11:43:25.646Z","IN","m360/DF/0000/out/2/5/1/0/37","560"
"2026-08-14T11:43:25.646Z","IN","m360/DF/0000/out/2/5/1/0/37","560"
"2026-08-14T11:43:25.748Z","IN","m360/DF/0000/out/2/6/1/0/37","371"
"2026-08-14T11:43:25.748Z","IN","m360/DF/0000/out/2/6/1/0/37","371"
"2026-08-14T11:43:31.659Z","IN","m360/DF/0000/out/events","{""event"":""node_lost"",""nodeId"":99,""timestamp"":51365,""rssi"":-69,""details"":""Inactivity detected: timeout 300 s""}"
"2026-08-14T11:43:31.659Z","IN","m360/DF/0000/out/events","{""event"":""node_lost"",""nodeId"":99,""timestamp"":51365,""rssi"":-69,""details"":""Inactivity detected: timeout 300 s""}"
"2026-08-14T11:43:31.677Z","IN","m360/DF/0000/out","{""nodeId"":0,""sensorId"":255,""command"":3,""ack"":0,""type"":22,""payload"":"""",""timestamp"":51365,""description"":""heartbeat"",""event"":""heartbeat"",""uptime"":51365,""rssi"":-69,""wifiRssi"":-69,""batteryLevel"":100,""ip"":""192.168.1.2"",""version"":""2.0"",""source"":""gateway""}"
"2026-08-14T11:43:31.678Z","IN","m360/DF/0000/out","{""nodeId"":0,""sensorId"":255,""command"":3,""ack"":0,""type"":22,""payload"":"""",""timestamp"":51365,""description"":""heartbeat"",""event"":""heartbeat"",""uptime"":51365,""rssi"":-69,""wifiRssi"":-69,""batteryLevel"":100,""ip"":""192.168.1.2"",""version"":""2.0"",""source"":""gateway""}"
"2026-08-14T11:43:31.678Z","IN","m360/DF/0000/gateway/status","{""timestamp"":51365,""isConnected"":true,""connectionTime"":51358,""reconnectCount"":0,""lastErrorCode"":0,""uptime"":51365,""source"":""gateway"",""type"":""mqtt_metrics""}"
"2026-08-14T11:44:02.498Z","IN","m360/DF/0000/out/1/1/1/0/37","320"
"2026-08-14T11:44:02.498Z","IN","m360/DF/0000/out/1/1/1/0/37","320"
"2026-08-14T11:44:03.165Z","IN","m360/DF/0000/out/1/2/1/0/37","328"
"2026-08-14T11:44:03.165Z","IN","m360/DF/0000/out/1/2/1/0/37","328"
"2026-08-14T11:44:03.168Z","IN","m360/DF/0000/out/1/3/1/0/37","117"
"2026-08-14T11:44:03.168Z","IN","m360/DF/0000/out/1/3/1/0/37","117"
"2026-08-14T11:44:03.168Z","IN","m360/DF/0000/out/1/4/1/0/37","438"
"2026-08-14T11:44:03.168Z","IN","m360/DF/0000/out/1/4/1/0/37","438"
"2026-08-14T11:44:03.168Z","IN","m360/DF/0000/out/1/5/1/0/37","325"
"2026-08-14T11:44:03.168Z","IN","m360/DF/0000/out/1/5/1/0/37","325"
"2026-08-14T11:44:03.168Z","IN","m360/DF/0000/out/1/6/1/0/37","259"
"2026-08-14T11:44:03.168Z","IN","m360/DF/0000/out/1/6/1/0/37","259"
"2026-08-14T11:44:26.022Z","IN","m360/DF/0000/out/2/4/1/0/37","273"
"2026-08-14T11:44:26.023Z","IN","m360/DF/0000/out/2/4/1/0/37","273"
"2026-08-14T11:44:26.158Z","IN","m360/DF/0000/out/2/5/1/0/37","535"
"2026-08-14T11:44:26.167Z","IN","m360/DF/0000/out/2/5/1/0/37","535"
"2026-08-14T11:44:26.168Z","IN","m360/DF/0000/out/2/6/1/0/37","316"
"2026-08-14T11:44:26.168Z","IN","m360/DF/0000/out/2/6/1/0/37","316"
"2026-08-14T11:44:31.960Z","IN","m360/DF/0000/out","{""nodeId"":0,""sensorId"":255,""command"":3,""ack"":0,""type"":22,""payload"":"""",""timestamp"":51425,""description"":""heartbeat"",""event"":""heartbeat"",""uptime"":51425,""rssi"":-69,""wifiRssi"":-69,""batteryLevel"":100,""ip"":""192.168.1.2"",""version"":""2.0"",""source"":""gateway""}"
"2026-08-14T11:44:31.962Z","IN","m360/DF/0000/out","{""nodeId"":0,""sensorId"":255,""command"":3,""ack"":0,""type"":22,""payload"":"""",""timestamp"":51425,""description"":""heartbeat"",""event"":""heartbeat"",""uptime"":51425,""rssi"":-69,""wifiRssi"":-69,""batteryLevel"":100,""ip"":""192.168.1.2"",""version"":""2.0"",""source"":""gateway""}"
"2026-08-14T11:44:31.978Z","IN","m360/DF/0000/gateway/status","{""timestamp"":51425,""isConnected"":true,""connectionTime"":51418,""reconnectCount"":0,""lastErrorCode"":0,""uptime"":51425,""source"":""gateway"",""type"":""mqtt_metrics""}"
"2026-08-14T11:45:25.239Z","IN","m360/DF/0000/out/2/1/1/0/37","95"
"2026-08-14T11:45:25.240Z","IN","m360/DF/0000/out/2/1/1/0/37","95"
"2026-08-14T11:45:25.440Z","IN","m360/DF/0000/out/2/2/1/0/37","1019"
"2026-08-14T11:45:25.444Z","IN","m360/DF/0000/out/2/2/1/0/37","1019"
"2026-08-14T11:45:25.451Z","IN","m360/DF/0000/out/2/4/1/0/37","312"
"2026-08-14T11:45:25.453Z","IN","m360/DF/0000/out/2/4/1/0/37","312"
"2026-08-14T11:45:26.260Z","IN","m360/DF/0000/out/2/5/1/0/37","569"
"2026-08-14T11:45:26.260Z","IN","m360/DF/0000/out/2/5/1/0/37","569"
"2026-08-14T11:45:26.374Z","IN","m360/DF/0000/out/2/6/1/0/37","381"
"2026-08-14T11:45:26.374Z","IN","m360/DF/0000/out/2/6/1/0/37","381"
"2026-08-14T11:45:31.965Z","IN","m360/DF/0000/out","{""nodeId"":0,""sensorId"":255,""command"":3,""ack"":0,""type"":22,""payload"":"""",""timestamp"":51485,""description"":""heartbeat"",""event"":""heartbeat"",""uptime"":51485,""rssi"":-67,""wifiRssi"":-67,""batteryLevel"":100,""ip"":""192.168.1.2"",""version"":""2.0"",""source"":""gateway""}"
"2026-08-14T11:45:31.965Z","IN","m360/DF/0000/out","{""nodeId"":0,""sensorId"":255,""command"":3,""ack"":0,""type"":22,""payload"":"""",""timestamp"":51485,""description"":""heartbeat"",""event"":""heartbeat"",""uptime"":51485,""rssi"":-67,""wifiRssi"":-67,""batteryLevel"":100,""ip"":""192.168.1.2"",""version"":""2.0"",""source"":""gateway""}"
"2026-08-14T11:45:31.980Z","IN","m360/DF/0000/gateway/status","{""timestamp"":51485,""isConnected"":true,""connectionTime"":51478,""reconnectCount"":0,""lastErrorCode"":0,""uptime"":51485,""source"":""gateway"",""type"":""mqtt_metrics""}"
"2026-08-14T11:46:25.221Z","IN","m360/DF/0000/out/2/1/1/0/37","104"
"2026-08-14T11:46:25.222Z","IN","m360/DF/0000/out/2/1/1/0/37","104"
"2026-08-14T11:46:25.348Z","IN","m360/DF/0000/out/2/4/1/0/37","313"
"2026-08-14T11:46:25.350Z","IN","m360/DF/0000/out/2/4/1/0/37","313"
"2026-08-14T11:46:25.778Z","IN","m360/DF/0000/out/2/6/1/0/37","379"
"2026-08-14T11:46:25.778Z","IN","m360/DF/0000/out/2/6/1/0/37","379"
"2026-08-14T11:46:32.661Z","IN","m360/DF/0000/out","{""nodeId"":0,""sensorId"":255,""command"":3,""ack"":0,""type"":22,""payload"":"""",""timestamp"":51546,""description"":""heartbeat"",""event"":""heartbeat"",""uptime"":51546,""rssi"":-66,""wifiRssi"":-66,""batteryLevel"":100,""ip"":""192.168.1.2"",""version"":""2.0"",""source"":""gateway""}"
"2026-08-14T11:46:32.662Z","IN","m360/DF/0000/out","{""nodeId"":0,""sensorId"":255,""command"":3,""ack"":0,""type"":22,""payload"":"""",""timestamp"":51546,""description"":""heartbeat"",""event"":""heartbeat"",""uptime"":51546,""rssi"":-66,""wifiRssi"":-66,""batteryLevel"":100,""ip"":""192.168.1.2"",""version"":""2.0"",""source"":""gateway""}"
"2026-08-14T11:46:32.679Z","IN","m360/DF/0000/gateway/status","{""timestamp"":51546,""isConnected"":true,""connectionTime"":51538,""reconnectCount"":0,""lastErrorCode"":0,""uptime"":51546,""source"":""gateway"",""type"":""mqtt_metrics""}"
"2026-08-14T11:47:25.241Z","IN","m360/DF/0000/out/2/1/1/0/37","94"
"2026-08-14T11:47:25.241Z","IN","m360/DF/0000/out/2/1/1/0/37","94"
"2026-08-14T11:47:25.356Z","IN","m360/DF/0000/out/2/4/1/0/37","314"
"2026-08-14T11:47:25.356Z","IN","m360/DF/0000/out/2/4/1/0/37","314"
"2026-08-14T11:47:25.356Z","IN","m360/DF/0000/out/2/5/1/0/37","562"
"2026-08-14T11:47:25.356Z","IN","m360/DF/0000/out/2/5/1/0/37","562"
"2026-08-14T11:47:25.867Z","IN","m360/DF/0000/out/2/6/1/0/37","378"
"2026-08-14T11:47:25.868Z","IN","m360/DF/0000/out/2/6/1/0/37","378"
"2026-08-14T11:47:32.663Z","IN","m360/DF/0000/out","{""nodeId"":0,""sensorId"":255,""command"":3,""ack"":0,""type"":22,""payload"":"""",""timestamp"":51606,""description"":""heartbeat"",""event"":""heartbeat"",""uptime"":51606,""rssi"":-68,""wifiRssi"":-68,""batteryLevel"":100,""ip"":""192.168.1.2"",""version"":""2.0"",""source"":""gateway""}"
"2026-08-14T11:47:32.663Z","IN","m360/DF/0000/out","{""nodeId"":0,""sensorId"":255,""command"":3,""ack"":0,""type"":22,""payload"":"""",""timestamp"":51606,""description"":""heartbeat"",""event"":""heartbeat"",""uptime"":51606,""rssi"":-68,""wifiRssi"":-68,""batteryLevel"":100,""ip"":""192.168.1.2"",""version"":""2.0"",""source"":""gateway""}"
"2026-08-14T11:47:32.680Z","IN","m360/DF/0000/gateway/status","{""timestamp"":51606,""isConnected"":true,""connectionTime"":51598,""reconnectCount"":0,""lastErrorCode"":0,""uptime"":51606,""source"":""gateway"",""type"":""mqtt_metrics""}"
"2026-08-14T11:48:25.231Z","IN","m360/DF/0000/out/2/1/1/0/37","90"
"2026-08-14T11:48:25.231Z","IN","m360/DF/0000/out/2/1/1/0/37","90"
"2026-08-14T11:48:25.663Z","IN","m360/DF/0000/out/2/4/1/0/37","321"
"2026-08-14T11:48:25.663Z","IN","m360/DF/0000/out/2/4/1/0/37","321"
"2026-08-14T11:48:25.665Z","IN","m360/DF/0000/out/2/5/1/0/37","579"
"2026-08-14T11:48:25.665Z","IN","m360/DF/0000/out/2/5/1/0/37","579"
"2026-08-14T11:48:25.665Z","IN","m360/DF/0000/out/2/6/1/0/37","387"
"2026-08-14T11:48:25.665Z","IN","m360/DF/0000/out/2/6/1/0/37","387"
"2026-08-14T11:48:32.671Z","IN","m360/DF/0000/out","{""nodeId"":0,""sensorId"":255,""command"":3,""ack"":0,""type"":22,""payload"":"""",""timestamp"":51666,""description"":""heartbeat"",""event"":""heartbeat"",""uptime"":51666,""rssi"":-68,""wifiRssi"":-68,""batteryLevel"":100,""ip"":""192.168.1.2"",""version"":""2.0"",""source"":""gateway""}"
"2026-08-14T11:48:32.671Z","IN","m360/DF/0000/out","{""nodeId"":0,""sensorId"":255,""command"":3,""ack"":0,""type"":22,""payload"":"""",""timestamp"":51666,""description"":""heartbeat"",""event"":""heartbeat"",""uptime"":51666,""rssi"":-68,""wifiRssi"":-68,""batteryLevel"":100,""ip"":""192.168.1.2"",""version"":""2.0"",""source"":""gateway""}"
"2026-08-14T11:48:32.693Z","IN","m360/DF/0000/gateway/status","{""timestamp"":51666,""isConnected"":true,""connectionTime"":51658,""reconnectCount"":0,""lastErrorCode"":0,""uptime"":51666,""source"":""gateway"",""type"":""mqtt_metrics""}"
"2026-08-14T11:49:02.870Z","IN","m360/DF/0000/out/1/1/1/0/37","310"
"2026-08-14T11:49:02.871Z","IN","m360/DF/0000/out/1/1/1/0/37","310"
"2026-08-14T11:49:03.001Z","IN","m360/DF/0000/out/1/2/1/0/37","326"
"2026-08-14T11:49:03.002Z","IN","m360/DF/0000/out/1/2/1/0/37","326"
"2026-08-14T11:49:03.022Z","IN","m360/DF/0000/out/1/3/1/0/37","118"
"2026-08-14T11:49:03.025Z","IN","m360/DF/0000/out/1/3/1/0/37","118"
"2026-08-14T11:49:03.025Z","IN","m360/DF/0000/out/1/4/1/0/37","403"
"2026-08-14T11:49:03.025Z","IN","m360/DF/0000/out/1/4/1/0/37","403"
"2026-08-14T11:49:03.533Z","IN","m360/DF/0000/out/1/5/1/0/37","310"
"2026-08-14T11:49:03.533Z","IN","m360/DF/0000/out/1/5/1/0/37","310"
"2026-08-14T11:49:03.533Z","IN","m360/DF/0000/out/1/6/1/0/37","239"
"2026-08-14T11:49:03.533Z","IN","m360/DF/0000/out/1/6/1/0/37","239"
"2026-08-14T11:49:25.283Z","IN","m360/DF/0000/out/2/4/1/0/37","293"
"2026-08-14T11:49:25.283Z","IN","m360/DF/0000/out/2/4/1/0/37","293"
"2026-08-14T11:49:25.388Z","IN","m360/DF/0000/out/2/5/1/0/37","570"
"2026-08-14T11:49:25.388Z","IN","m360/DF/0000/out/2/5/1/0/37","570"
"2026-08-14T11:49:25.754Z","IN","m360/DF/0000/out/2/6/1/0/37","372"
"2026-08-14T11:49:25.754Z","IN","m360/DF/0000/out/2/6/1/0/37","372"
"2026-08-14T11:49:32.669Z","IN","m360/DF/0000/out","{""nodeId"":0,""sensorId"":255,""command"":3,""ack"":0,""type"":22,""payload"":"""",""timestamp"":51726,""description"":""heartbeat"",""event"":""heartbeat"",""uptime"":51726,""rssi"":-68,""wifiRssi"":-68,""batteryLevel"":100,""ip"":""192.168.1.2"",""version"":""2.0"",""source"":""gateway""}"
"2026-08-14T11:49:32.670Z","IN","m360/DF/0000/out","{""nodeId"":0,""sensorId"":255,""command"":3,""ack"":0,""type"":22,""payload"":"""",""timestamp"":51726,""description"":""heartbeat"",""event"":""heartbeat"",""uptime"":51726,""rssi"":-68,""wifiRssi"":-68,""batteryLevel"":100,""ip"":""192.168.1.2"",""version"":""2.0"",""source"":""gateway""}"
"2026-08-14T11:49:32.688Z","IN","m360/DF/0000/gateway/status","{""timestamp"":51726,""isConnected"":true,""connectionTime"":51718,""reconnectCount"":0,""lastErrorCode"":0,""uptime"":51726,""source"":""gateway"",""type"":""mqtt_metrics""}"
"2026-08-14T11:50:02.994Z","IN","m360/DF/0000/out/1/3/1/0/37","99"
"2026-08-14T11:50:02.995Z","IN","m360/DF/0000/out/1/3/1/0/37","99"
"2026-08-14T11:50:03.236Z","IN","m360/DF/0000/out/1/4/1/0/37","412"
"2026-08-14T11:50:03.237Z","IN","m360/DF/0000/out/1/4/1/0/37","412"
"2026-08-14T11:50:03.237Z","IN","m360/DF/0000/out/1/5/1/0/37","307"
"2026-08-14T11:50:03.237Z","IN","m360/DF/0000/out/1/5/1/0/37","307"
"2026-08-14T11:50:03.240Z","IN","m360/DF/0000/out/1/6/1/0/37","251"
"2026-08-14T11:50:03.240Z","IN","m360/DF/0000/out/1/6/1/0/37","251"
"2026-08-14T11:50:25.284Z","IN","m360/DF/0000/out/2/1/1/0/37","94"
"2026-08-14T11:50:25.285Z","IN","m360/DF/0000/out/2/1/1/0/37","94"
"2026-08-14T11:50:26.109Z","IN","m360/DF/0000/out/2/2/1/0/37","1018"
"2026-08-14T11:50:26.109Z","IN","m360/DF/0000/out/2/2/1/0/37","1018"
"2026-08-14T11:50:26.242Z","IN","m360/DF/0000/out/2/3/1/0/37","1019"
"2026-08-14T11:50:26.242Z","IN","m360/DF/0000/out/2/3/1/0/37","1019"
"2026-08-14T11:50:26.242Z","IN","m360/DF/0000/out/2/4/1/0/37","342"
"2026-08-14T11:50:26.242Z","IN","m360/DF/0000/out/2/4/1/0/37","342"
"2026-08-14T11:50:32.676Z","IN","m360/DF/0000/out","{""nodeId"":0,""sensorId"":255,""command"":3,""ack"":0,""type"":22,""payload"":"""",""timestamp"":51786,""description"":""heartbeat"",""event"":""heartbeat"",""uptime"":51786,""rssi"":-68,""wifiRssi"":-68,""batteryLevel"":100,""ip"":""192.168.1.2"",""version"":""2.0"",""source"":""gateway""}"
"2026-08-14T11:50:32.676Z","IN","m360/DF/0000/out","{""nodeId"":0,""sensorId"":255,""command"":3,""ack"":0,""type"":22,""payload"":"""",""timestamp"":51786,""description"":""heartbeat"",""event"":""heartbeat"",""uptime"":51786,""rssi"":-68,""wifiRssi"":-68,""batteryLevel"":100,""ip"":""192.168.1.2"",""version"":""2.0"",""source"":""gateway""}"
"2026-08-14T11:50:32.735Z","IN","m360/DF/0000/gateway/status","{""timestamp"":51786,""isConnected"":true,""connectionTime"":51778,""reconnectCount"":0,""lastErrorCode"":0,""uptime"":51786,""source"":""gateway"",""type"":""mqtt_metrics""}"
"2026-08-14T11:51:25.272Z","IN","m360/DF/0000/out/2/1/1/0/37","95"
"2026-08-14T11:51:25.272Z","IN","m360/DF/0000/out/2/1/1/0/37","95"
"2026-08-14T11:51:25.425Z","IN","m360/DF/0000/out/2/2/1/0/37","1019"
"2026-08-14T11:51:25.428Z","IN","m360/DF/0000/out/2/2/1/0/37","1019"
"2026-08-14T11:51:25.432Z","IN","m360/DF/0000/out/2/3/1/0/37","1020"
"2026-08-14T11:51:25.432Z","IN","m360/DF/0000/out/2/3/1/0/37","1020"
"2026-08-14T11:51:25.435Z","IN","m360/DF/0000/out/2/4/1/0/37","355"
"2026-08-14T11:51:25.436Z","IN","m360/DF/0000/out/2/4/1/0/37","355"
"2026-08-14T11:51:25.843Z","IN","m360/DF/0000/out/2/5/1/0/37","593"
"2026-08-14T11:51:25.843Z","IN","m360/DF/0000/out/2/5/1/0/37","593"
"2026-08-14T11:51:25.843Z","IN","m360/DF/0000/out/2/6/1/0/37","405"
"2026-08-14T11:51:25.843Z","IN","m360/DF/0000/out/2/6/1/0/37","405"
"2026-08-14T11:51:33.172Z","IN","m360/DF/0000/out","{""nodeId"":0,""sensorId"":255,""command"":3,""ack"":0,""type"":22,""payload"":"""",""timestamp"":51847,""description"":""heartbeat"",""event"":""heartbeat"",""uptime"":51847,""rssi"":-68,""wifiRssi"":-68,""batteryLevel"":100,""ip"":""192.168.1.2"",""version"":""2.0"",""source"":""gateway""}"
"2026-08-14T11:51:33.172Z","IN","m360/DF/0000/out","{""nodeId"":0,""sensorId"":255,""command"":3,""ack"":0,""type"":22,""payload"":"""",""timestamp"":51847,""description"":""heartbeat"",""event"":""heartbeat"",""uptime"":51847,""rssi"":-68,""wifiRssi"":-68,""batteryLevel"":100,""ip"":""192.168.1.2"",""version"":""2.0"",""source"":""gateway""}"
"2026-08-14T11:51:33.229Z","IN","m360/DF/0000/gateway/status","{""timestamp"":51847,""isConnected"":true,""connectionTime"":51839,""reconnectCount"":0,""lastErrorCode"":0,""uptime"":51847,""source"":""gateway"",""type"":""mqtt_metrics""}"
"2026-08-14T11:52:33.623Z","IN","m360/DF/0000/out","{""nodeId"":0,""sensorId"":255,""command"":3,""ack"":0,""type"":22,""payload"":"""",""timestamp"":51907,""description"":""heartbeat"",""event"":""heartbeat"",""uptime"":51907,""rssi"":-69,""wifiRssi"":-69,""batteryLevel"":100,""ip"":""192.168.1.2"",""version"":""2.0"",""source"":""gateway""}"
"2026-08-14T11:52:33.625Z","IN","m360/DF/0000/out","{""nodeId"":0,""sensorId"":255,""command"":3,""ack"":0,""type"":22,""payload"":"""",""timestamp"":51907,""description"":""heartbeat"",""event"":""heartbeat"",""uptime"":51907,""rssi"":-69,""wifiRssi"":-69,""batteryLevel"":100,""ip"":""192.168.1.2"",""version"":""2.0"",""source"":""gateway""}"
"2026-08-14T11:52:33.682Z","IN","m360/DF/0000/gateway/status","{""timestamp"":51907,""isConnected"":true,""connectionTime"":51899,""reconnectCount"":0,""lastErrorCode"":0,""uptime"":51907,""source"":""gateway"",""type"":""mqtt_metrics""}"
"2026-08-14T11:53:03.160Z","IN","m360/DF/0000/out/1/1/1/0/37","299"
"2026-08-14T11:53:03.160Z","IN","m360/DF/0000/out/1/1/1/0/37","299"
"2026-08-14T11:53:03.269Z","IN","m360/DF/0000/out/1/2/1/0/37","329"
"2026-08-14T11:53:03.270Z","IN","m360/DF/0000/out/1/2/1/0/37","329"
"2026-08-14T11:53:03.587Z","IN","m360/DF/0000/out/1/3/1/0/37","110"
"2026-08-14T11:53:03.587Z","IN","m360/DF/0000/out/1/3/1/0/37","110"
"2026-08-14T11:53:03.587Z","IN","m360/DF/0000/out/1/4/1/0/37","425"
"2026-08-14T11:53:03.588Z","IN","m360/DF/0000/out/1/4/1/0/37","425"
"2026-08-14T11:53:03.588Z","IN","m360/DF/0000/out/1/5/1/0/37","309"
"2026-08-14T11:53:03.588Z","IN","m360/DF/0000/out/1/5/1/0/37","309"
"2026-08-14T11:53:03.588Z","IN","m360/DF/0000/out/1/6/1/0/37","247"
"2026-08-14T11:53:03.589Z","IN","m360/DF/0000/out/1/6/1/0/37","247"
"2026-08-14T11:53:33.627Z","IN","m360/DF/0000/out","{""nodeId"":0,""sensorId"":255,""command"":3,""ack"":0,""type"":22,""payload"":"""",""timestamp"":51967,""description"":""heartbeat"",""event"":""heartbeat"",""uptime"":51967,""rssi"":-69,""wifiRssi"":-69,""batteryLevel"":100,""ip"":""192.168.1.2"",""version"":""2.0"",""source"":""gateway""}"
"2026-08-14T11:53:33.627Z","IN","m360/DF/0000/out","{""nodeId"":0,""sensorId"":255,""command"":3,""ack"":0,""type"":22,""payload"":"""",""timestamp"":51967,""description"":""heartbeat"",""event"":""heartbeat"",""uptime"":51967,""rssi"":-69,""wifiRssi"":-69,""batteryLevel"":100,""ip"":""192.168.1.2"",""version"":""2.0"",""source"":""gateway""}"
"2026-08-14T11:53:33.830Z","IN","m360/DF/0000/gateway/status","{""timestamp"":51967,""isConnected"":true,""connectionTime"":51959,""reconnectCount"":0,""lastErrorCode"":0,""uptime"":51967,""source"":""gateway"",""type"":""mqtt_metrics""}"
"2026-08-14T11:54:03.256Z","IN","m360/DF/0000/out/1/1/1/0/37","306"
"2026-08-14T11:54:03.261Z","IN","m360/DF/0000/out/1/1/1/0/37","306"
"2026-08-14T11:54:03.532Z","IN","m360/DF/0000/out/1/2/1/0/37","327"
"2026-08-14T11:54:03.534Z","IN","m360/DF/0000/out/1/2/1/0/37","327"
"2026-08-14T11:54:03.535Z","IN","m360/DF/0000/out/1/3/1/0/37","116"
"2026-08-14T11:54:03.535Z","IN","m360/DF/0000/out/1/3/1/0/37","116"
"2026-08-14T11:54:03.547Z","IN","m360/DF/0000/out/1/4/1/0/37","418"
"2026-08-14T11:54:03.547Z","IN","m360/DF/0000/out/1/4/1/0/37","418"
"2026-08-14T11:54:03.547Z","IN","m360/DF/0000/out/1/5/1/0/37","337"
"2026-08-14T11:54:03.547Z","IN","m360/DF/0000/out/1/5/1/0/37","337"
"2026-08-14T11:54:03.548Z","IN","m360/DF/0000/out/1/6/1/0/37","254"
"2026-08-14T11:54:03.548Z","IN","m360/DF/0000/out/1/6/1/0/37","254"
"2026-08-14T11:54:33.626Z","IN","m360/DF/0000/out","{""nodeId"":0,""sensorId"":255,""command"":3,""ack"":0,""type"":22,""payload"":"""",""timestamp"":52027,""description"":""heartbeat"",""event"":""heartbeat"",""uptime"":52027,""rssi"":-68,""wifiRssi"":-68,""batteryLevel"":100,""ip"":""192.168.1.2"",""version"":""2.0"",""source"":""gateway""}"
"2026-08-14T11:54:33.626Z","IN","m360/DF/0000/out","{""nodeId"":0,""sensorId"":255,""command"":3,""ack"":0,""type"":22,""payload"":"""",""timestamp"":52027,""description"":""heartbeat"",""event"":""heartbeat"",""uptime"":52027,""rssi"":-68,""wifiRssi"":-68,""batteryLevel"":100,""ip"":""192.168.1.2"",""version"":""2.0"",""source"":""gateway""}"
"2026-08-14T11:54:33.693Z","IN","m360/DF/0000/gateway/status","{""timestamp"":52027,""isConnected"":true,""connectionTime"":52019,""reconnectCount"":0,""lastErrorCode"":0,""uptime"":52027,""source"":""gateway"",""type"":""mqtt_metrics""}"
"2026-08-14T11:55:03.344Z","IN","m360/DF/0000/out/1/1/1/0/37","313"
"2026-08-14T11:55:03.345Z","IN","m360/DF/0000/out/1/1/1/0/37","313"
"2026-08-14T11:55:03.490Z","IN","m360/DF/0000/out/1/3/1/0/37","97"
"2026-08-14T11:55:03.492Z","IN","m360/DF/0000/out/1/3/1/0/37","97"
"2026-08-14T11:55:03.497Z","IN","m360/DF/0000/out/1/4/1/0/37","414"
"2026-08-14T11:55:03.497Z","IN","m360/DF/0000/out/1/4/1/0/37","414"
"2026-08-14T11:55:03.497Z","IN","m360/DF/0000/out/1/5/1/0/37","303"
"2026-08-14T11:55:03.498Z","IN","m360/DF/0000/out/1/5/1/0/37","303"
"2026-08-14T11:55:04.056Z","IN","m360/DF/0000/out/1/6/1/0/37","240"
"2026-08-14T11:55:04.056Z","IN","m360/DF/0000/out/1/6/1/0/37","240"
"2026-08-14T11:55:33.643Z","IN","m360/DF/0000/out","{""nodeId"":0,""sensorId"":255,""command"":3,""ack"":0,""type"":22,""payload"":"""",""timestamp"":52087,""description"":""heartbeat"",""event"":""heartbeat"",""uptime"":52087,""rssi"":-67,""wifiRssi"":-67,""batteryLevel"":100,""ip"":""192.168.1.2"",""version"":""2.0"",""source"":""gateway""}"
"2026-08-14T11:55:33.643Z","IN","m360/DF/0000/out","{""nodeId"":0,""sensorId"":255,""command"":3,""ack"":0,""type"":22,""payload"":"""",""timestamp"":52087,""description"":""heartbeat"",""event"":""heartbeat"",""uptime"":52087,""rssi"":-67,""wifiRssi"":-67,""batteryLevel"":100,""ip"":""192.168.1.2"",""version"":""2.0"",""source"":""gateway""}"
"2026-08-14T11:55:33.706Z","IN","m360/DF/0000/gateway/status","{""timestamp"":52087,""isConnected"":true,""connectionTime"":52079,""reconnectCount"":0,""lastErrorCode"":0,""uptime"":52087,""source"":""gateway"",""type"":""mqtt_metrics""}"
"2026-08-14T11:56:03.415Z","IN","m360/DF/0000/out/1/1/1/0/37","304"
"2026-08-14T11:56:03.419Z","IN","m360/DF/0000/out/1/1/1/0/37","304"
"2026-08-14T11:56:03.553Z","IN","m360/DF/0000/out/1/2/1/0/37","330"
"2026-08-14T11:56:03.553Z","IN","m360/DF/0000/out/1/2/1/0/37","330"
"2026-08-14T11:56:03.556Z","IN","m360/DF/0000/out/1/3/1/0/37","103"
"2026-08-14T11:56:03.557Z","IN","m360/DF/0000/out/1/3/1/0/37","103"
"2026-08-14T11:56:03.557Z","IN","m360/DF/0000/out/1/4/1/0/37","422"
"2026-08-14T11:56:03.557Z","IN","m360/DF/0000/out/1/4/1/0/37","422"
"2026-08-14T11:56:04.048Z","IN","m360/DF/0000/out/1/5/1/0/37","307"
"2026-08-14T11:56:04.049Z","IN","m360/DF/0000/out/1/5/1/0/37","307"
"2026-08-14T11:56:04.049Z","IN","m360/DF/0000/out/1/6/1/0/37","253"
"2026-08-14T11:56:04.049Z","IN","m360/DF/0000/out/1/6/1/0/37","253"
"2026-08-14T11:56:33.640Z","IN","m360/DF/0000/out/events","{""event"":""node_lost"",""nodeId"":2,""timestamp"":52147,""rssi"":-68,""details"":""Inactivity detected: timeout 300 s""}"
"2026-08-14T11:56:33.640Z","IN","m360/DF/0000/out/events","{""event"":""node_lost"",""nodeId"":2,""timestamp"":52147,""rssi"":-68,""details"":""Inactivity detected: timeout 300 s""}"
"2026-08-14T11:56:33.699Z","IN","m360/DF/0000/out","{""nodeId"":0,""sensorId"":255,""command"":3,""ack"":0,""type"":22,""payload"":"""",""timestamp"":52147,""description"":""heartbeat"",""event"":""heartbeat"",""uptime"":52147,""rssi"":-68,""wifiRssi"":-68,""batteryLevel"":100,""ip"":""192.168.1.2"",""version"":""2.0"",""source"":""gateway""}"
"2026-08-14T11:56:33.699Z","IN","m360/DF/0000/out","{""nodeId"":0,""sensorId"":255,""command"":3,""ack"":0,""type"":22,""payload"":"""",""timestamp"":52147,""description"":""heartbeat"",""event"":""heartbeat"",""uptime"":52147,""rssi"":-68,""wifiRssi"":-68,""batteryLevel"":100,""ip"":""192.168.1.2"",""version"":""2.0"",""source"":""gateway""}"
"2026-08-14T11:56:33.699Z","IN","m360/DF/0000/gateway/status","{""timestamp"":52147,""isConnected"":true,""connectionTime"":52139,""reconnectCount"":0,""lastErrorCode"":0,""uptime"":52147,""source"":""gateway"",""type"":""mqtt_metrics""}"
"2026-08-14T11:57:03.496Z","IN","m360/DF/0000/out/1/1/1/0/37","315"
"2026-08-14T11:57:03.496Z","IN","m360/DF/0000/out/1/1/1/0/37","315"
"2026-08-14T11:57:03.659Z","IN","m360/DF/0000/out/1/2/1/0/37","321"
"2026-08-14T11:57:03.662Z","IN","m360/DF/0000/out/1/2/1/0/37","321"
"2026-08-14T11:57:03.665Z","IN","m360/DF/0000/out/1/3/1/0/37","115"
"2026-08-14T11:57:03.665Z","IN","m360/DF/0000/out/1/3/1/0/37","115"
"2026-08-14T11:57:03.666Z","IN","m360/DF/0000/out/1/4/1/0/37","434"
"2026-08-14T11:57:03.666Z","IN","m360/DF/0000/out/1/4/1/0/37","434"
"2026-08-14T11:57:04.186Z","IN","m360/DF/0000/out/1/5/1/0/37","326"
"2026-08-14T11:57:04.186Z","IN","m360/DF/0000/out/1/5/1/0/37","326"
"2026-08-14T11:57:04.186Z","IN","m360/DF/0000/out/1/6/1/0/37","255"
"2026-08-14T11:57:04.186Z","IN","m360/DF/0000/out/1/6/1/0/37","255"
"2026-08-14T11:57:33.641Z","IN","m360/DF/0000/out","{""nodeId"":0,""sensorId"":255,""command"":3,""ack"":0,""type"":22,""payload"":"""",""timestamp"":52207,""description"":""heartbeat"",""event"":""heartbeat"",""uptime"":52207,""rssi"":-69,""wifiRssi"":-69,""batteryLevel"":100,""ip"":""192.168.1.2"",""version"":""2.0"",""source"":""gateway""}"
"2026-08-14T11:57:33.641Z","IN","m360/DF/0000/out","{""nodeId"":0,""sensorId"":255,""command"":3,""ack"":0,""type"":22,""payload"":"""",""timestamp"":52207,""description"":""heartbeat"",""event"":""heartbeat"",""uptime"":52207,""rssi"":-69,""wifiRssi"":-69,""batteryLevel"":100,""ip"":""192.168.1.2"",""version"":""2.0"",""source"":""gateway""}"
"2026-08-14T11:57:33.708Z","IN","m360/DF/0000/gateway/status","{""timestamp"":52207,""isConnected"":true,""connectionTime"":52199,""reconnectCount"":0,""lastErrorCode"":0,""uptime"":52207,""source"":""gateway"",""type"":""mqtt_metrics""}"
"2026-08-14T11:58:03.578Z","IN","m360/DF/0000/out/1/1/1/0/37","310"
"2026-08-14T11:58:03.579Z","IN","m360/DF/0000/out/1/1/1/0/37","310"
"2026-08-14T11:58:03.739Z","IN","m360/DF/0000/out/1/2/1/0/37","327"
"2026-08-14T11:58:03.740Z","IN","m360/DF/0000/out/1/2/1/0/37","327"
"2026-08-14T11:58:03.746Z","IN","m360/DF/0000/out/1/3/1/0/37","116"
"2026-08-14T11:58:03.747Z","IN","m360/DF/0000/out/1/3/1/0/37","116"
"2026-08-14T11:58:03.747Z","IN","m360/DF/0000/out/1/4/1/0/37","432"
"2026-08-14T11:58:03.747Z","IN","m360/DF/0000/out/1/4/1/0/37","432"
"2026-08-14T11:58:04.182Z","IN","m360/DF/0000/out/1/5/1/0/37","320"
"2026-08-14T11:58:04.182Z","IN","m360/DF/0000/out/1/5/1/0/37","320"
"2026-08-14T11:58:04.182Z","IN","m360/DF/0000/out/1/6/1/0/37","259"
"2026-08-14T11:58:04.183Z","IN","m360/DF/0000/out/1/6/1/0/37","259"
"2026-08-14T11:58:33.645Z","IN","m360/DF/0000/out","{""nodeId"":0,""sensorId"":255,""command"":3,""ack"":0,""type"":22,""payload"":"""",""timestamp"":52267,""description"":""heartbeat"",""event"":""heartbeat"",""uptime"":52267,""rssi"":-69,""wifiRssi"":-69,""batteryLevel"":100,""ip"":""192.168.1.2"",""version"":""2.0"",""source"":""gateway""}"
"2026-08-14T11:58:33.645Z","IN","m360/DF/0000/out","{""nodeId"":0,""sensorId"":255,""command"":3,""ack"":0,""type"":22,""payload"":"""",""timestamp"":52267,""description"":""heartbeat"",""event"":""heartbeat"",""uptime"":52267,""rssi"":-69,""wifiRssi"":-69,""batteryLevel"":100,""ip"":""192.168.1.2"",""version"":""2.0"",""source"":""gateway""}"
"2026-08-14T11:58:33.703Z","IN","m360/DF/0000/gateway/status","{""timestamp"":52267,""isConnected"":true,""connectionTime"":52259,""reconnectCount"":0,""lastErrorCode"":0,""uptime"":52267,""source"":""gateway"",""type"":""mqtt_metrics""}"
"2026-08-14T11:59:03.669Z","IN","m360/DF/0000/out/1/1/1/0/37","317"
"2026-08-14T11:59:03.670Z","IN","m360/DF/0000/out/1/1/1/0/37","317"
"2026-08-14T11:59:03.938Z","IN","m360/DF/0000/out/1/2/1/0/37","328"
"2026-08-14T11:59:03.943Z","IN","m360/DF/0000/out/1/2/1/0/37","328"
"2026-08-14T11:59:03.944Z","IN","m360/DF/0000/out/1/4/1/0/37","417"
"2026-08-14T11:59:03.945Z","IN","m360/DF/0000/out/1/4/1/0/37","417"
"2026-08-14T11:59:04.016Z","IN","m360/DF/0000/out/1/5/1/0/37","312"
"2026-08-14T11:59:04.017Z","IN","m360/DF/0000/out/1/5/1/0/37","312"
"2026-08-14T11:59:04.018Z","IN","m360/DF/0000/out/1/6/1/0/37","245"
"2026-08-14T11:59:04.018Z","IN","m360/DF/0000/out/1/6/1/0/37","245"
"2026-08-14T11:59:33.650Z","IN","m360/DF/0000/out","{""nodeId"":0,""sensorId"":255,""command"":3,""ack"":0,""type"":22,""payload"":"""",""timestamp"":52327,""description"":""heartbeat"",""event"":""heartbeat"",""uptime"":52327,""rssi"":-69,""wifiRssi"":-69,""batteryLevel"":100,""ip"":""192.168.1.2"",""version"":""2.0"",""source"":""gateway""}"
"2026-08-14T11:59:33.650Z","IN","m360/DF/0000/out","{""nodeId"":0,""sensorId"":255,""command"":3,""ack"":0,""type"":22,""payload"":"""",""timestamp"":52327,""description"":""heartbeat"",""event"":""heartbeat"",""uptime"":52327,""rssi"":-69,""wifiRssi"":-69,""batteryLevel"":100,""ip"":""192.168.1.2"",""version"":""2.0"",""source"":""gateway""}"
"2026-08-14T11:59:33.718Z","IN","m360/DF/0000/gateway/status","{""timestamp"":52327,""isConnected"":true,""connectionTime"":52319,""reconnectCount"":0,""lastErrorCode"":0,""uptime"":52327,""source"":""gateway"",""type"":""mqtt_metrics""}"
"2026-08-14T11:59:46.613Z","IN","m360/DF/0000/out/events","{""event"":""node_reconnected"",""nodeId"":99,""timestamp"":52340,""rssi"":-68,""details"":""Node back online or discovered""}"
"2026-08-14T11:59:46.613Z","IN","m360/DF/0000/out/events","{""event"":""node_reconnected"",""nodeId"":99,""timestamp"":52340,""rssi"":-68,""details"":""Node back online or discovered""}"
"2026-08-14T11:59:46.672Z","IN","m360/DF/0000/out/99/21/1/0/24","0"
"2026-08-14T11:59:46.673Z","IN","m360/DF/0000/out/99/21/1/0/24","0"
"2026-08-14T12:00:03.713Z","IN","m360/DF/0000/out/1/1/1/0/37","318"
"2026-08-14T12:00:03.714Z","IN","m360/DF/0000/out/1/1/1/0/37","318"
"2026-08-14T12:00:04.621Z","IN","m360/DF/0000/out/1/2/1/0/37","331"
"2026-08-14T12:00:04.720Z","IN","m360/DF/0000/out/1/2/1/0/37","331"
"2026-08-14T12:00:04.726Z","IN","m360/DF/0000/out/1/3/1/0/37","99"
"2026-08-14T12:00:04.726Z","IN","m360/DF/0000/out/1/3/1/0/37","99"
"2026-08-14T12:00:04.733Z","IN","m360/DF/0000/out/1/4/1/0/37","429"
"2026-08-14T12:00:04.817Z","IN","m360/DF/0000/out/1/4/1/0/37","429"
"2026-08-14T12:00:04.818Z","IN","m360/DF/0000/out/1/5/1/0/37","310"
"2026-08-14T12:00:04.830Z","IN","m360/DF/0000/out/1/5/1/0/37","310"
"2026-08-14T12:00:04.830Z","IN","m360/DF/0000/out/1/6/1/0/37","258"
"2026-08-14T12:00:04.830Z","IN","m360/DF/0000/out/1/6/1/0/37","258"
"2026-08-14T12:00:33.659Z","IN","m360/DF/0000/out","{""nodeId"":0,""sensorId"":255,""command"":3,""ack"":0,""type"":22,""payload"":"""",""timestamp"":52387,""description"":""heartbeat"",""event"":""heartbeat"",""uptime"":52387,""rssi"":-69,""wifiRssi"":-69,""batteryLevel"":100,""ip"":""192.168.1.2"",""version"":""2.0"",""source"":""gateway""}"
"2026-08-14T12:00:33.660Z","IN","m360/DF/0000/out","{""nodeId"":0,""sensorId"":255,""command"":3,""ack"":0,""type"":22,""payload"":"""",""timestamp"":52387,""description"":""heartbeat"",""event"":""heartbeat"",""uptime"":52387,""rssi"":-69,""wifiRssi"":-69,""batteryLevel"":100,""ip"":""192.168.1.2"",""version"":""2.0"",""source"":""gateway""}"
"2026-08-14T12:00:33.724Z","IN","m360/DF/0000/gateway/status","{""timestamp"":52387,""isConnected"":true,""connectionTime"":52379,""reconnectCount"":0,""lastErrorCode"":0,""uptime"":52387,""source"":""gateway"",""type"":""mqtt_metrics""}"
"2026-08-14T12:01:03.910Z","IN","m360/DF/0000/out/1/2/1/0/37","213"
"2026-08-14T12:01:03.911Z","IN","m360/DF/0000/out/1/2/1/0/37","213"
"2026-08-14T12:01:04.178Z","IN","m360/DF/0000/out/1/3/1/0/37","79"
"2026-08-14T12:01:04.217Z","IN","m360/DF/0000/out/1/3/1/0/37","79"
"2026-08-14T12:01:04.219Z","IN","m360/DF/0000/out/1/4/1/0/37","358"
"2026-08-14T12:01:04.219Z","IN","m360/DF/0000/out/1/4/1/0/37","358"
"2026-08-14T12:01:04.219Z","IN","m360/DF/0000/out/1/6/1/0/37","228"
"2026-08-14T12:01:04.220Z","IN","m360/DF/0000/out/1/6/1/0/37","228"
"2026-08-14T12:01:33.666Z","IN","m360/DF/0000/out","{""nodeId"":0,""sensorId"":255,""command"":3,""ack"":0,""type"":22,""payload"":"""",""timestamp"":52447,""description"":""heartbeat"",""event"":""heartbeat"",""uptime"":52447,""rssi"":-68,""wifiRssi"":-68,""batteryLevel"":100,""ip"":""192.168.1.2"",""version"":""2.0"",""source"":""gateway""}"
"2026-08-14T12:01:33.667Z","IN","m360/DF/0000/out","{""nodeId"":0,""sensorId"":255,""command"":3,""ack"":0,""type"":22,""payload"":"""",""timestamp"":52447,""description"":""heartbeat"",""event"":""heartbeat"",""uptime"":52447,""rssi"":-68,""wifiRssi"":-68,""batteryLevel"":100,""ip"":""192.168.1.2"",""version"":""2.0"",""source"":""gateway""}"
"2026-08-14T12:01:33.727Z","IN","m360/DF/0000/gateway/status","{""timestamp"":52447,""isConnected"":true,""connectionTime"":52439,""reconnectCount"":0,""lastErrorCode"":0,""uptime"":52447,""source"":""gateway"",""type"":""mqtt_metrics""}"
"2026-08-14T12:02:03.841Z","IN","m360/DF/0000/out/1/1/1/0/37","317"
"2026-08-14T12:02:03.854Z","IN","m360/DF/0000/out/1/1/1/0/37","317"
"2026-08-14T12:02:04.117Z","IN","m360/DF/0000/out/1/2/1/0/37","329"
"2026-08-14T12:02:04.118Z","IN","m360/DF/0000/out/1/2/1/0/37","329"
"2026-08-14T12:02:04.118Z","IN","m360/DF/0000/out/1/3/1/0/37","192"
"2026-08-14T12:02:04.119Z","IN","m360/DF/0000/out/1/3/1/0/37","192"
"2026-08-14T12:02:04.119Z","IN","m360/DF/0000/out/1/4/1/0/37","426"
"2026-08-14T12:02:04.119Z","IN","m360/DF/0000/out/1/4/1/0/37","426"
"2026-08-14T12:02:04.125Z","IN","m360/DF/0000/out/1/5/1/0/37","322"
"2026-08-14T12:02:04.126Z","IN","m360/DF/0000/out/1/5/1/0/37","322"
"2026-08-14T12:02:04.126Z","IN","m360/DF/0000/out/1/6/1/0/37","254"
"2026-08-14T12:02:04.126Z","IN","m360/DF/0000/out/1/6/1/0/37","254"
"2026-08-14T12:02:33.666Z","IN","m360/DF/0000/out","{""nodeId"":0,""sensorId"":255,""command"":3,""ack"":0,""type"":22,""payload"":"""",""timestamp"":52507,""description"":""heartbeat"",""event"":""heartbeat"",""uptime"":52507,""rssi"":-68,""wifiRssi"":-68,""batteryLevel"":100,""ip"":""192.168.1.2"",""version"":""2.0"",""source"":""gateway""}"
"2026-08-14T12:02:33.667Z","IN","m360/DF/0000/out","{""nodeId"":0,""sensorId"":255,""command"":3,""ack"":0,""type"":22,""payload"":"""",""timestamp"":52507,""description"":""heartbeat"",""event"":""heartbeat"",""uptime"":52507,""rssi"":-68,""wifiRssi"":-68,""batteryLevel"":100,""ip"":""192.168.1.2"",""version"":""2.0"",""source"":""gateway""}"
"2026-08-14T12:02:33.732Z","IN","m360/DF/0000/gateway/status","{""timestamp"":52507,""isConnected"":true,""connectionTime"":52499,""reconnectCount"":0,""lastErrorCode"":0,""uptime"":52507,""source"":""gateway"",""type"":""mqtt_metrics""}"
"2026-08-14T12:02:46.471Z","IN","m360/DF/0000/out/99/11/1/0/0","25"
"2026-08-14T12:02:46.471Z","IN","m360/DF/0000/out/99/11/1/0/0","25"
"2026-08-14T12:03:03.930Z","IN","m360/DF/0000/out/1/1/1/0/37","319"
"2026-08-14T12:03:03.933Z","IN","m360/DF/0000/out/1/1/1/0/37","319"
"2026-08-14T12:03:04.163Z","IN","m360/DF/0000/out/1/2/1/0/37","336"
"2026-08-14T12:03:04.164Z","IN","m360/DF/0000/out/1/2/1/0/37","336"
"2026-08-14T12:03:04.164Z","IN","m360/DF/0000/out/1/3/1/0/37","115"
"2026-08-14T12:03:04.164Z","IN","m360/DF/0000/out/1/3/1/0/37","115"
"2026-08-14T12:03:04.220Z","IN","m360/DF/0000/out/1/4/1/0/37","436"
"2026-08-14T12:03:04.223Z","IN","m360/DF/0000/out/1/4/1/0/37","436"
"2026-08-14T12:03:04.223Z","IN","m360/DF/0000/out/1/5/1/0/37","337"
"2026-08-14T12:03:04.223Z","IN","m360/DF/0000/out/1/5/1/0/37","337"
"2026-08-14T12:03:04.469Z","IN","m360/DF/0000/out/1/6/1/0/37","258"
"2026-08-14T12:03:04.469Z","IN","m360/DF/0000/out/1/6/1/0/37","258"
"2026-08-14T12:03:33.669Z","IN","m360/DF/0000/out","{""nodeId"":0,""sensorId"":255,""command"":3,""ack"":0,""type"":22,""payload"":"""",""timestamp"":52567,""description"":""heartbeat"",""event"":""heartbeat"",""uptime"":52567,""rssi"":-68,""wifiRssi"":-68,""batteryLevel"":100,""ip"":""192.168.1.2"",""version"":""2.0"",""source"":""gateway""}"
"2026-08-14T12:03:33.669Z","IN","m360/DF/0000/out","{""nodeId"":0,""sensorId"":255,""command"":3,""ack"":0,""type"":22,""payload"":"""",""timestamp"":52567,""description"":""heartbeat"",""event"":""heartbeat"",""uptime"":52567,""rssi"":-68,""wifiRssi"":-68,""batteryLevel"":100,""ip"":""192.168.1.2"",""version"":""2.0"",""source"":""gateway""}"
"2026-08-14T12:03:33.725Z","IN","m360/DF/0000/gateway/status","{""timestamp"":52567,""isConnected"":true,""connectionTime"":52559,""reconnectCount"":0,""lastErrorCode"":0,""uptime"":52567,""source"":""gateway"",""type"":""mqtt_metrics""}"
"2026-08-14T12:04:33.675Z","IN","m360/DF/0000/out","{""nodeId"":0,""sensorId"":255,""command"":3,""ack"":0,""type"":22,""payload"":"""",""timestamp"":52627,""description"":""heartbeat"",""event"":""heartbeat"",""uptime"":52627,""rssi"":-67,""wifiRssi"":-67,""batteryLevel"":100,""ip"":""192.168.1.2"",""version"":""2.0"",""source"":""gateway""}"
"2026-08-14T12:04:33.675Z","IN","m360/DF/0000/out","{""nodeId"":0,""sensorId"":255,""command"":3,""ack"":0,""type"":22,""payload"":"""",""timestamp"":52627,""description"":""heartbeat"",""event"":""heartbeat"",""uptime"":52627,""rssi"":-67,""wifiRssi"":-67,""batteryLevel"":100,""ip"":""192.168.1.2"",""version"":""2.0"",""source"":""gateway""}"
"2026-08-14T12:04:33.733Z","IN","m360/DF/0000/gateway/status","{""timestamp"":52627,""isConnected"":true,""connectionTime"":52619,""reconnectCount"":0,""lastErrorCode"":0,""uptime"":52627,""source"":""gateway"",""type"":""mqtt_metrics""}"
"2026-08-14T12:05:04.067Z","IN","m360/DF/0000/out/1/2/1/0/37","239"
"2026-08-14T12:05:04.068Z","IN","m360/DF/0000/out/1/2/1/0/37","239"
"2026-08-14T12:05:04.239Z","IN","m360/DF/0000/out/1/3/1/0/37","100"
"2026-08-14T12:05:04.241Z","IN","m360/DF/0000/out/1/3/1/0/37","100"
"2026-08-14T12:05:04.260Z","IN","m360/DF/0000/out/1/4/1/0/37","420"
"2026-08-14T12:05:04.260Z","IN","m360/DF/0000/out/1/4/1/0/37","420"
"2026-08-14T12:05:04.260Z","IN","m360/DF/0000/out/1/5/1/0/37","309"
"2026-08-14T12:05:04.262Z","IN","m360/DF/0000/out/1/5/1/0/37","309"
"2026-08-14T12:05:04.964Z","IN","m360/DF/0000/out/1/6/1/0/37","249"
"2026-08-14T12:05:04.964Z","IN","m360/DF/0000/out/1/6/1/0/37","249"
"2026-08-14T12:05:25.431Z","IN","m360/DF/0000/out/events","{""event"":""node_reconnected"",""nodeId"":2,""timestamp"":52679,""rssi"":-67,""details"":""Node back online or discovered""}"
"2026-08-14T12:05:25.433Z","IN","m360/DF/0000/out/events","{""event"":""node_reconnected"",""nodeId"":2,""timestamp"":52679,""rssi"":-67,""details"":""Node back online or discovered""}"
"2026-08-14T12:05:25.491Z","IN","m360/DF/0000/out/2/1/1/0/37","91"
"2026-08-14T12:05:25.491Z","IN","m360/DF/0000/out/2/1/1/0/37","91"
"2026-08-14T12:05:25.491Z","IN","m360/DF/0000/out/2/3/1/0/37","1021"
"2026-08-14T12:05:25.491Z","IN","m360/DF/0000/out/2/3/1/0/37","1021"
"2026-08-14T12:05:25.865Z","IN","m360/DF/0000/out/2/4/1/0/37","305"
"2026-08-14T12:05:25.865Z","IN","m360/DF/0000/out/2/4/1/0/37","305"
"2026-08-14T12:05:25.865Z","IN","m360/DF/0000/out/2/5/1/0/37","547"
"2026-08-14T12:05:25.865Z","IN","m360/DF/0000/out/2/5/1/0/37","547"
"2026-08-14T12:05:25.947Z","IN","m360/DF/0000/out/2/6/1/0/37","380"
"2026-08-14T12:05:25.947Z","IN","m360/DF/0000/out/2/6/1/0/37","380"
"2026-08-14T12:05:33.685Z","IN","m360/DF/0000/out","{""nodeId"":0,""sensorId"":255,""command"":3,""ack"":0,""type"":22,""payload"":"""",""timestamp"":52687,""description"":""heartbeat"",""event"":""heartbeat"",""uptime"":52687,""rssi"":-68,""wifiRssi"":-68,""batteryLevel"":100,""ip"":""192.168.1.2"",""version"":""2.0"",""source"":""gateway""}"
"2026-08-14T12:05:33.685Z","IN","m360/DF/0000/out","{""nodeId"":0,""sensorId"":255,""command"":3,""ack"":0,""type"":22,""payload"":"""",""timestamp"":52687,""description"":""heartbeat"",""event"":""heartbeat"",""uptime"":52687,""rssi"":-68,""wifiRssi"":-68,""batteryLevel"":100,""ip"":""192.168.1.2"",""version"":""2.0"",""source"":""gateway""}"
"2026-08-14T12:05:33.746Z","IN","m360/DF/0000/gateway/status","{""timestamp"":52687,""isConnected"":true,""connectionTime"":52679,""reconnectCount"":0,""lastErrorCode"":0,""uptime"":52687,""source"":""gateway"",""type"":""mqtt_metrics""}"
"2026-08-14T12:06:04.128Z","IN","m360/DF/0000/out/1/1/1/0/37","316"
"2026-08-14T12:06:04.129Z","IN","m360/DF/0000/out/1/1/1/0/37","316"
"2026-08-14T12:06:04.243Z","IN","m360/DF/0000/out/1/2/1/0/37","329"
"2026-08-14T12:06:04.243Z","IN","m360/DF/0000/out/1/2/1/0/37","329"
"2026-08-14T12:06:04.243Z","IN","m360/DF/0000/out/1/3/1/0/37","105"
"2026-08-14T12:06:04.243Z","IN","m360/DF/0000/out/1/3/1/0/37","105"
"2026-08-14T12:06:04.243Z","IN","m360/DF/0000/out/1/4/1/0/37","416"
"2026-08-14T12:06:04.244Z","IN","m360/DF/0000/out/1/4/1/0/37","416"
"2026-08-14T12:06:04.862Z","IN","m360/DF/0000/out/1/5/1/0/37","301"
"2026-08-14T12:06:04.862Z","IN","m360/DF/0000/out/1/5/1/0/37","301"
"2026-08-14T12:06:04.862Z","IN","m360/DF/0000/out/1/6/1/0/37","247"
"2026-08-14T12:06:04.862Z","IN","m360/DF/0000/out/1/6/1/0/37","247"
"2026-08-14T12:06:25.465Z","IN","m360/DF/0000/out/2/1/1/0/37","79"
"2026-08-14T12:06:25.465Z","IN","m360/DF/0000/out/2/1/1/0/37","79"
"2026-08-14T12:06:25.557Z","IN","m360/DF/0000/out/2/2/1/0/37","1022"
"2026-08-14T12:06:25.557Z","IN","m360/DF/0000/out/2/2/1/0/37","1022"
"2026-08-14T12:06:25.882Z","IN","m360/DF/0000/out/2/3/1/0/37","1019"
"2026-08-14T12:06:25.882Z","IN","m360/DF/0000/out/2/3/1/0/37","1019"
"2026-08-14T12:06:25.882Z","IN","m360/DF/0000/out/2/4/1/0/37","333"
"2026-08-14T12:06:25.882Z","IN","m360/DF/0000/out/2/4/1/0/37","333"
"2026-08-14T12:06:25.883Z","IN","m360/DF/0000/out/2/5/1/0/37","728"
"2026-08-14T12:06:25.883Z","IN","m360/DF/0000/out/2/5/1/0/37","728"
"2026-08-14T12:06:25.883Z","IN","m360/DF/0000/out/2/6/1/0/37","390"
"2026-08-14T12:06:25.883Z","IN","m360/DF/0000/out/2/6/1/0/37","390"
"2026-08-14T12:06:33.681Z","IN","m360/DF/0000/out","{""nodeId"":0,""sensorId"":255,""command"":3,""ack"":0,""type"":22,""payload"":"""",""timestamp"":52747,""description"":""heartbeat"",""event"":""heartbeat"",""uptime"":52747,""rssi"":-68,""wifiRssi"":-68,""batteryLevel"":100,""ip"":""192.168.1.2"",""version"":""2.0"",""source"":""gateway""}"
"2026-08-14T12:06:33.682Z","IN","m360/DF/0000/out","{""nodeId"":0,""sensorId"":255,""command"":3,""ack"":0,""type"":22,""payload"":"""",""timestamp"":52747,""description"":""heartbeat"",""event"":""heartbeat"",""uptime"":52747,""rssi"":-68,""wifiRssi"":-68,""batteryLevel"":100,""ip"":""192.168.1.2"",""version"":""2.0"",""source"":""gateway""}"
"2026-08-14T12:06:33.819Z","IN","m360/DF/0000/gateway/status","{""timestamp"":52747,""isConnected"":true,""connectionTime"":52739,""reconnectCount"":0,""lastErrorCode"":0,""uptime"":52747,""source"":""gateway"",""type"":""mqtt_metrics""}"
"2026-08-14T12:07:04.219Z","IN","m360/DF/0000/out/1/2/1/0/37","242"
"2026-08-14T12:07:04.219Z","IN","m360/DF/0000/out/1/2/1/0/37","242"
"2026-08-14T12:07:04.389Z","IN","m360/DF/0000/out/1/3/1/0/37","98"
"2026-08-14T12:07:04.419Z","IN","m360/DF/0000/out/1/3/1/0/37","98"
"2026-08-14T12:07:04.419Z","IN","m360/DF/0000/out/1/4/1/0/37","405"
"2026-08-14T12:07:04.421Z","IN","m360/DF/0000/out/1/4/1/0/37","405"
"2026-08-14T12:07:04.426Z","IN","m360/DF/0000/out/1/5/1/0/37","265"
"2026-08-14T12:07:04.427Z","IN","m360/DF/0000/out/1/5/1/0/37","265"
"2026-08-14T12:07:04.427Z","IN","m360/DF/0000/out/1/6/1/0/37","233"
"2026-08-14T12:07:04.427Z","IN","m360/DF/0000/out/1/6/1/0/37","233"
"2026-08-14T12:07:25.500Z","IN","m360/DF/0000/out/2/1/1/0/37","96"
"2026-08-14T12:07:25.501Z","IN","m360/DF/0000/out/2/1/1/0/37","96"
"2026-08-14T12:07:25.697Z","IN","m360/DF/0000/out/2/2/1/0/37","1019"
"2026-08-14T12:07:25.700Z","IN","m360/DF/0000/out/2/2/1/0/37","1019"
"2026-08-14T12:07:25.700Z","IN","m360/DF/0000/out/2/4/1/0/37","325"
"2026-08-14T12:07:25.717Z","IN","m360/DF/0000/out/2/4/1/0/37","325"
"2026-08-14T12:07:25.720Z","IN","m360/DF/0000/out/2/5/1/0/37","569"
"2026-08-14T12:07:25.721Z","IN","m360/DF/0000/out/2/5/1/0/37","569"
"2026-08-14T12:07:25.730Z","IN","m360/DF/0000/out/2/6/1/0/37","384"
"2026-08-14T12:07:25.733Z","IN","m360/DF/0000/out/2/6/1/0/37","384"
"2026-08-14T12:07:33.687Z","IN","m360/DF/0000/out","{""nodeId"":0,""sensorId"":255,""command"":3,""ack"":0,""type"":22,""payload"":"""",""timestamp"":52807,""description"":""heartbeat"",""event"":""heartbeat"",""uptime"":52807,""rssi"":-67,""wifiRssi"":-67,""batteryLevel"":100,""ip"":""192.168.1.2"",""version"":""2.0"",""source"":""gateway""}"
"2026-08-14T12:07:33.688Z","IN","m360/DF/0000/out","{""nodeId"":0,""sensorId"":255,""command"":3,""ack"":0,""type"":22,""payload"":"""",""timestamp"":52807,""description"":""heartbeat"",""event"":""heartbeat"",""uptime"":52807,""rssi"":-67,""wifiRssi"":-67,""batteryLevel"":100,""ip"":""192.168.1.2"",""version"":""2.0"",""source"":""gateway""}"
"2026-08-14T12:07:33.745Z","IN","m360/DF/0000/gateway/status","{""timestamp"":52807,""isConnected"":true,""connectionTime"":52799,""reconnectCount"":0,""lastErrorCode"":0,""uptime"":52807,""source"":""gateway"",""type"":""mqtt_metrics""}"
"2026-08-14T12:08:04.272Z","IN","m360/DF/0000/out/1/1/1/0/37","317"
"2026-08-14T12:08:04.272Z","IN","m360/DF/0000/out/1/1/1/0/37","317"
"2026-08-14T12:08:04.405Z","IN","m360/DF/0000/out/1/2/1/0/37","329"
"2026-08-14T12:08:04.416Z","IN","m360/DF/0000/out/1/2/1/0/37","329"
"2026-08-14T12:08:04.430Z","IN","m360/DF/0000/out/1/3/1/0/37","110"
"2026-08-14T12:08:04.431Z","IN","m360/DF/0000/out/1/3/1/0/37","110"
"2026-08-14T12:08:04.431Z","IN","m360/DF/0000/out/1/4/1/0/37","419"
"2026-08-14T12:08:04.432Z","IN","m360/DF/0000/out/1/4/1/0/37","419"
"2026-08-14T12:08:04.439Z","IN","m360/DF/0000/out/1/5/1/0/37","301"
"2026-08-14T12:08:04.440Z","IN","m360/DF/0000/out/1/5/1/0/37","301"
"2026-08-14T12:08:04.850Z","IN","m360/DF/0000/out/1/6/1/0/37","247"
"2026-08-14T12:08:04.850Z","IN","m360/DF/0000/out/1/6/1/0/37","247"
"2026-08-14T12:08:25.491Z","IN","m360/DF/0000/out/2/1/1/0/37","86"
"2026-08-14T12:08:25.492Z","IN","m360/DF/0000/out/2/1/1/0/37","86"
"2026-08-14T12:08:25.634Z","IN","m360/DF/0000/out/2/3/1/0/37","1018"
"2026-08-14T12:08:25.635Z","IN","m360/DF/0000/out/2/3/1/0/37","1018"
"2026-08-14T12:08:25.637Z","IN","m360/DF/0000/out/2/4/1/0/37","335"
"2026-08-14T12:08:25.640Z","IN","m360/DF/0000/out/2/4/1/0/37","335"
"2026-08-14T12:08:26.055Z","IN","m360/DF/0000/out/2/5/1/0/37","588"
"2026-08-14T12:08:26.055Z","IN","m360/DF/0000/out/2/5/1/0/37","588"
"2026-08-14T12:08:26.055Z","IN","m360/DF/0000/out/2/6/1/0/37","398"
"2026-08-14T12:08:26.056Z","IN","m360/DF/0000/out/2/6/1/0/37","398"
"2026-08-14T12:08:33.695Z","IN","m360/DF/0000/out/events","{""event"":""node_lost"",""nodeId"":99,""timestamp"":52867,""rssi"":-68,""details"":""Inactivity detected: timeout 300 s""}"
"2026-08-14T12:08:33.695Z","IN","m360/DF/0000/out/events","{""event"":""node_lost"",""nodeId"":99,""timestamp"":52867,""rssi"":-68,""details"":""Inactivity detected: timeout 300 s""}"
"2026-08-14T12:08:33.754Z","IN","m360/DF/0000/out","{""nodeId"":0,""sensorId"":255,""command"":3,""ack"":0,""type"":22,""payload"":"""",""timestamp"":52867,""description"":""heartbeat"",""event"":""heartbeat"",""uptime"":52867,""rssi"":-68,""wifiRssi"":-68,""batteryLevel"":100,""ip"":""192.168.1.2"",""version"":""2.0"",""source"":""gateway""}"
"2026-08-14T12:08:33.754Z","IN","m360/DF/0000/out","{""nodeId"":0,""sensorId"":255,""command"":3,""ack"":0,""type"":22,""payload"":"""",""timestamp"":52867,""description"":""heartbeat"",""event"":""heartbeat"",""uptime"":52867,""rssi"":-68,""wifiRssi"":-68,""batteryLevel"":100,""ip"":""192.168.1.2"",""version"":""2.0"",""source"":""gateway""}"
"2026-08-14T12:08:33.754Z","IN","m360/DF/0000/gateway/status","{""timestamp"":52867,""isConnected"":true,""connectionTime"":52859,""reconnectCount"":0,""lastErrorCode"":0,""uptime"":52867,""source"":""gateway"",""type"":""mqtt_metrics""}"
"2026-08-14T12:09:04.361Z","IN","m360/DF/0000/out/1/1/1/0/37","314"
"2026-08-14T12:09:04.361Z","IN","m360/DF/0000/out/1/1/1/0/37","314"
"2026-08-14T12:09:04.646Z","IN","m360/DF/0000/out/1/2/1/0/37","342"
"2026-08-14T12:09:04.647Z","IN","m360/DF/0000/out/1/2/1/0/37","342"
"2026-08-14T12:09:04.648Z","IN","m360/DF/0000/out/1/3/1/0/37","119"
"2026-08-14T12:09:04.648Z","IN","m360/DF/0000/out/1/3/1/0/37","119"
"2026-08-14T12:09:04.660Z","IN","m360/DF/0000/out/1/4/1/0/37","429"
"2026-08-14T12:09:04.661Z","IN","m360/DF/0000/out/1/4/1/0/37","429"
"2026-08-14T12:09:04.661Z","IN","m360/DF/0000/out/1/5/1/0/37","320"
"2026-08-14T12:09:04.661Z","IN","m360/DF/0000/out/1/5/1/0/37","320"
"2026-08-14T12:09:04.662Z","IN","m360/DF/0000/out/1/6/1/0/37","266"
"2026-08-14T12:09:04.662Z","IN","m360/DF/0000/out/1/6/1/0/37","266"
"2026-08-14T12:09:25.524Z","IN","m360/DF/0000/out/2/1/1/0/37","107"
"2026-08-14T12:09:25.524Z","IN","m360/DF/0000/out/2/1/1/0/37","107"
"2026-08-14T12:09:25.705Z","IN","m360/DF/0000/out/2/2/1/0/37","1016"
"2026-08-14T12:09:25.705Z","IN","m360/DF/0000/out/2/2/1/0/37","1016"
"2026-08-14T12:09:25.706Z","IN","m360/DF/0000/out/2/3/1/0/37","1019"
"2026-08-14T12:09:25.716Z","IN","m360/DF/0000/out/2/3/1/0/37","1019"
"2026-08-14T12:09:25.722Z","IN","m360/DF/0000/out/2/4/1/0/37","352"
"2026-08-14T12:09:25.722Z","IN","m360/DF/0000/out/2/4/1/0/37","352"
"2026-08-14T12:09:25.728Z","IN","m360/DF/0000/out/2/5/1/0/37","592"
"2026-08-14T12:09:25.728Z","IN","m360/DF/0000/out/2/5/1/0/37","592"
"2026-08-14T12:09:26.183Z","IN","m360/DF/0000/out/2/6/1/0/37","405"
"2026-08-14T12:09:26.183Z","IN","m360/DF/0000/out/2/6/1/0/37","405"
"2026-08-14T12:09:33.695Z","IN","m360/DF/0000/out","{""nodeId"":0,""sensorId"":255,""command"":3,""ack"":0,""type"":22,""payload"":"""",""timestamp"":52927,""description"":""heartbeat"",""event"":""heartbeat"",""uptime"":52927,""rssi"":-68,""wifiRssi"":-68,""batteryLevel"":100,""ip"":""192.168.1.2"",""version"":""2.0"",""source"":""gateway""}"
"2026-08-14T12:09:33.696Z","IN","m360/DF/0000/out","{""nodeId"":0,""sensorId"":255,""command"":3,""ack"":0,""type"":22,""payload"":"""",""timestamp"":52927,""description"":""heartbeat"",""event"":""heartbeat"",""uptime"":52927,""rssi"":-68,""wifiRssi"":-68,""batteryLevel"":100,""ip"":""192.168.1.2"",""version"":""2.0"",""source"":""gateway""}"
"2026-08-14T12:09:33.758Z","IN","m360/DF/0000/gateway/status","{""timestamp"":52927,""isConnected"":true,""connectionTime"":52919,""reconnectCount"":0,""lastErrorCode"":0,""uptime"":52927,""source"":""gateway"",""type"":""mqtt_metrics""}"
"2026-08-14T12:10:04.438Z","IN","m360/DF/0000/out/1/1/1/0/37","329"
"2026-08-14T12:10:04.441Z","IN","m360/DF/0000/out/1/1/1/0/37","329"
"2026-08-14T12:10:04.669Z","IN","m360/DF/0000/out/1/2/1/0/37","329"
"2026-08-14T12:10:04.672Z","IN","m360/DF/0000/out/1/2/1/0/37","329"
"2026-08-14T12:10:04.672Z","IN","m360/DF/0000/out/1/3/1/0/37","117"
"2026-08-14T12:10:04.675Z","IN","m360/DF/0000/out/1/3/1/0/37","117"
"2026-08-14T12:10:04.721Z","IN","m360/DF/0000/out/1/4/1/0/37","438"
"2026-08-14T12:10:04.721Z","IN","m360/DF/0000/out/1/4/1/0/37","438"
"2026-08-14T12:10:04.723Z","IN","m360/DF/0000/out/1/5/1/0/37","322"
"2026-08-14T12:10:04.723Z","IN","m360/DF/0000/out/1/5/1/0/37","322"
"2026-08-14T12:10:05.193Z","IN","m360/DF/0000/out/1/6/1/0/37","248"
"2026-08-14T12:10:05.193Z","IN","m360/DF/0000/out/1/6/1/0/37","248"
"2026-08-14T12:10:25.621Z","IN","m360/DF/0000/out/2/2/1/0/37","1019"
"2026-08-14T12:10:25.621Z","IN","m360/DF/0000/out/2/2/1/0/37","1019"
"2026-08-14T12:10:25.777Z","IN","m360/DF/0000/out/2/6/1/0/37","406"
"2026-08-14T12:10:25.778Z","IN","m360/DF/0000/out/2/6/1/0/37","406"
"2026-08-14T12:10:33.700Z","IN","m360/DF/0000/out","{""nodeId"":0,""sensorId"":255,""command"":3,""ack"":0,""type"":22,""payload"":"""",""timestamp"":52987,""description"":""heartbeat"",""event"":""heartbeat"",""uptime"":52987,""rssi"":-68,""wifiRssi"":-68,""batteryLevel"":100,""ip"":""192.168.1.2"",""version"":""2.0"",""source"":""gateway""}"
"2026-08-14T12:10:33.700Z","IN","m360/DF/0000/out","{""nodeId"":0,""sensorId"":255,""command"":3,""ack"":0,""type"":22,""payload"":"""",""timestamp"":52987,""description"":""heartbeat"",""event"":""heartbeat"",""uptime"":52987,""rssi"":-68,""wifiRssi"":-68,""batteryLevel"":100,""ip"":""192.168.1.2"",""version"":""2.0"",""source"":""gateway""}"
"2026-08-14T12:10:33.761Z","IN","m360/DF/0000/gateway/status","{""timestamp"":52987,""isConnected"":true,""connectionTime"":52979,""reconnectCount"":0,""lastErrorCode"":0,""uptime"":52987,""source"":""gateway"",""type"":""mqtt_metrics""}"
"2026-08-14T12:10:46.084Z","IN","m360/DF/0000/out/events","{""event"":""node_reconnected"",""nodeId"":99,""timestamp"":52999,""rssi"":-68,""details"":""Node back online or discovered""}"
"2026-08-14T12:10:46.084Z","IN","m360/DF/0000/out/events","{""event"":""node_reconnected"",""nodeId"":99,""timestamp"":52999,""rssi"":-68,""details"":""Node back online or discovered""}"
"2026-08-14T12:10:46.103Z","IN","m360/DF/0000/out/99/21/1/0/24","0"
"2026-08-14T12:10:46.103Z","IN","m360/DF/0000/out/99/21/1/0/24","0"
"2026-08-14T12:11:04.527Z","IN","m360/DF/0000/out/1/1/1/0/37","317"
"2026-08-14T12:11:04.528Z","IN","m360/DF/0000/out/1/1/1/0/37","317"
"2026-08-14T12:11:04.731Z","IN","m360/DF/0000/out/1/2/1/0/37","332"
"2026-08-14T12:11:04.731Z","IN","m360/DF/0000/out/1/2/1/0/37","332"
"2026-08-14T12:11:04.733Z","IN","m360/DF/0000/out/1/3/1/0/37","96"
"2026-08-14T12:11:04.734Z","IN","m360/DF/0000/out/1/3/1/0/37","96"
"2026-08-14T12:11:04.742Z","IN","m360/DF/0000/out/1/4/1/0/37","421"
"2026-08-14T12:11:04.743Z","IN","m360/DF/0000/out/1/4/1/0/37","421"
"2026-08-14T12:11:04.743Z","IN","m360/DF/0000/out/1/5/1/0/37","303"
"2026-08-14T12:11:04.743Z","IN","m360/DF/0000/out/1/5/1/0/37","303"
"2026-08-14T12:11:04.743Z","IN","m360/DF/0000/out/1/6/1/0/37","231"
"2026-08-14T12:11:04.744Z","IN","m360/DF/0000/out/1/6/1/0/37","231"
"2026-08-14T12:11:25.563Z","IN","m360/DF/0000/out/2/1/1/0/37","94"
"2026-08-14T12:11:25.564Z","IN","m360/DF/0000/out/2/1/1/0/37","94"
"2026-08-14T12:11:25.671Z","IN","m360/DF/0000/out/2/4/1/0/37","343"
"2026-08-14T12:11:25.671Z","IN","m360/DF/0000/out/2/4/1/0/37","343"
"2026-08-14T12:11:25.671Z","IN","m360/DF/0000/out/2/5/1/0/37","590"
"2026-08-14T12:11:25.671Z","IN","m360/DF/0000/out/2/5/1/0/37","590"
"2026-08-14T12:11:26.528Z","IN","m360/DF/0000/out/2/6/1/0/37","386"
"2026-08-14T12:11:26.528Z","IN","m360/DF/0000/out/2/6/1/0/37","386"
"2026-08-14T12:11:26.528Z","IN","m360/DF/0000/out/2/255/1/0/38","4.2"
"2026-08-14T12:11:26.529Z","IN","m360/DF/0000/out/2/255/1/0/38","4.2"
"2026-08-14T12:11:26.529Z","IN","m360/DF/0000/out/2/255/3/0/0","96"
"2026-08-14T12:11:26.529Z","IN","m360/DF/0000/out/2/255/3/0/0","96"
"2026-08-14T12:11:33.707Z","IN","m360/DF/0000/out","{""nodeId"":0,""sensorId"":255,""command"":3,""ack"":0,""type"":22,""payload"":"""",""timestamp"":53047,""description"":""heartbeat"",""event"":""heartbeat"",""uptime"":53047,""rssi"":-68,""wifiRssi"":-68,""batteryLevel"":100,""ip"":""192.168.1.2"",""version"":""2.0"",""source"":""gateway""}"
"2026-08-14T12:11:33.707Z","IN","m360/DF/0000/out","{""nodeId"":0,""sensorId"":255,""command"":3,""ack"":0,""type"":22,""payload"":"""",""timestamp"":53047,""description"":""heartbeat"",""event"":""heartbeat"",""uptime"":53047,""rssi"":-68,""wifiRssi"":-68,""batteryLevel"":100,""ip"":""192.168.1.2"",""version"":""2.0"",""source"":""gateway""}"
"2026-08-14T12:11:33.785Z","IN","m360/DF/0000/gateway/status","{""timestamp"":53047,""isConnected"":true,""connectionTime"":53039,""reconnectCount"":0,""lastErrorCode"":0,""uptime"":53047,""source"":""gateway"",""type"":""mqtt_metrics""}"
"2026-08-14T12:12:04.584Z","IN","m360/DF/0000/out/1/1/1/0/37","315"
"2026-08-14T12:12:04.585Z","IN","m360/DF/0000/out/1/1/1/0/37","315"
"2026-08-14T12:12:05.046Z","IN","m360/DF/0000/out/1/2/1/0/37","329"
"2026-08-14T12:12:05.046Z","IN","m360/DF/0000/out/1/2/1/0/37","329"
"2026-08-14T12:12:05.052Z","IN","m360/DF/0000/out/1/3/1/0/37","117"
"2026-08-14T12:12:05.052Z","IN","m360/DF/0000/out/1/3/1/0/37","117"
"2026-08-14T12:12:05.052Z","IN","m360/DF/0000/out/1/4/1/0/37","441"
"2026-08-14T12:12:05.052Z","IN","m360/DF/0000/out/1/4/1/0/37","441"
"2026-08-14T12:12:05.052Z","IN","m360/DF/0000/out/1/5/1/0/37","314"
"2026-08-14T12:12:05.052Z","IN","m360/DF/0000/out/1/5/1/0/37","314"
"2026-08-14T12:12:05.052Z","IN","m360/DF/0000/out/1/6/1/0/37","254"
"2026-08-14T12:12:05.052Z","IN","m360/DF/0000/out/1/6/1/0/37","254"
"2026-08-14T12:12:25.568Z","IN","m360/DF/0000/out/2/1/1/0/37","96"
"2026-08-14T12:12:25.569Z","IN","m360/DF/0000/out/2/1/1/0/37","96"
"2026-08-14T12:12:25.733Z","IN","m360/DF/0000/out/2/2/1/0/37","1020"
"2026-08-14T12:12:25.734Z","IN","m360/DF/0000/out/2/2/1/0/37","1020"
"2026-08-14T12:12:25.740Z","IN","m360/DF/0000/out/2/4/1/0/37","362"
"2026-08-14T12:12:25.740Z","IN","m360/DF/0000/out/2/4/1/0/37","362"
"2026-08-14T12:12:25.741Z","IN","m360/DF/0000/out/2/5/1/0/37","593"
"2026-08-14T12:12:25.741Z","IN","m360/DF/0000/out/2/5/1/0/37","593"
"2026-08-14T12:12:26.293Z","IN","m360/DF/0000/out/2/6/1/0/37","403"
"2026-08-14T12:12:26.293Z","IN","m360/DF/0000/out/2/6/1/0/37","403"
"2026-08-14T12:12:33.712Z","IN","m360/DF/0000/out","{""nodeId"":0,""sensorId"":255,""command"":3,""ack"":0,""type"":22,""payload"":"""",""timestamp"":53107,""description"":""heartbeat"",""event"":""heartbeat"",""uptime"":53107,""rssi"":-68,""wifiRssi"":-68,""batteryLevel"":100,""ip"":""192.168.1.2"",""version"":""2.0"",""source"":""gateway""}"
"2026-08-14T12:12:33.712Z","IN","m360/DF/0000/out","{""nodeId"":0,""sensorId"":255,""command"":3,""ack"":0,""type"":22,""payload"":"""",""timestamp"":53107,""description"":""heartbeat"",""event"":""heartbeat"",""uptime"":53107,""rssi"":-68,""wifiRssi"":-68,""batteryLevel"":100,""ip"":""192.168.1.2"",""version"":""2.0"",""source"":""gateway""}"
"2026-08-14T12:12:33.777Z","IN","m360/DF/0000/gateway/status","{""timestamp"":53107,""isConnected"":true,""connectionTime"":53099,""reconnectCount"":0,""lastErrorCode"":0,""uptime"":53107,""source"":""gateway"",""type"":""mqtt_metrics""}"
"2026-08-14T12:12:45.983Z","IN","m360/DF/0000/out/99/11/1/0/0","27"
"2026-08-14T12:12:45.983Z","IN","m360/DF/0000/out/99/11/1/0/0","27"
"2026-08-14T12:12:46.031Z","IN","m360/DF/0000/out/99/12/1/0/1","14"
"2026-08-14T12:12:46.031Z","IN","m360/DF/0000/out/99/12/1/0/1","14"
"2026-08-14T12:13:04.765Z","IN","m360/DF/0000/out/1/2/1/0/37","242"
"2026-08-14T12:13:04.766Z","IN","m360/DF/0000/out/1/2/1/0/37","242"
"2026-08-14T12:13:04.927Z","IN","m360/DF/0000/out/1/3/1/0/37","80"
"2026-08-14T12:13:04.929Z","IN","m360/DF/0000/out/1/3/1/0/37","80"
"2026-08-14T12:13:04.930Z","IN","m360/DF/0000/out/1/4/1/0/37","402"
"2026-08-14T12:13:04.930Z","IN","m360/DF/0000/out/1/4/1/0/37","402"
"2026-08-14T12:13:04.930Z","IN","m360/DF/0000/out/1/5/1/0/37","301"
"2026-08-14T12:13:04.930Z","IN","m360/DF/0000/out/1/5/1/0/37","301"
"2026-08-14T12:13:04.934Z","IN","m360/DF/0000/out/1/6/1/0/37","246"
"2026-08-14T12:13:04.934Z","IN","m360/DF/0000/out/1/6/1/0/37","246"
"2026-08-14T12:13:25.585Z","IN","m360/DF/0000/out/2/1/1/0/37","93"
"2026-08-14T12:13:25.585Z","IN","m360/DF/0000/out/2/1/1/0/37","93"
"2026-08-14T12:13:25.731Z","IN","m360/DF/0000/out/2/2/1/0/37","1019"
"2026-08-14T12:13:25.731Z","IN","m360/DF/0000/out/2/2/1/0/37","1019"
"2026-08-14T12:13:25.733Z","IN","m360/DF/0000/out/2/4/1/0/37","353"
"2026-08-14T12:13:25.733Z","IN","m360/DF/0000/out/2/4/1/0/37","353"
"2026-08-14T12:13:25.733Z","IN","m360/DF/0000/out/2/5/1/0/37","598"
"2026-08-14T12:13:25.733Z","IN","m360/DF/0000/out/2/5/1/0/37","598"
"2026-08-14T12:13:26.173Z","IN","m360/DF/0000/out/2/6/1/0/37","402"
"2026-08-14T12:13:26.173Z","IN","m360/DF/0000/out/2/6/1/0/37","402"
"2026-08-14T12:13:33.716Z","IN","m360/DF/0000/out","{""nodeId"":0,""sensorId"":255,""command"":3,""ack"":0,""type"":22,""payload"":"""",""timestamp"":53167,""description"":""heartbeat"",""event"":""heartbeat"",""uptime"":53167,""rssi"":-68,""wifiRssi"":-68,""batteryLevel"":100,""ip"":""192.168.1.2"",""version"":""2.0"",""source"":""gateway""}"
"2026-08-14T12:13:33.716Z","IN","m360/DF/0000/out","{""nodeId"":0,""sensorId"":255,""command"":3,""ack"":0,""type"":22,""payload"":"""",""timestamp"":53167,""description"":""heartbeat"",""event"":""heartbeat"",""uptime"":53167,""rssi"":-68,""wifiRssi"":-68,""batteryLevel"":100,""ip"":""192.168.1.2"",""version"":""2.0"",""source"":""gateway""}"
"2026-08-14T12:13:33.785Z","IN","m360/DF/0000/gateway/status","{""timestamp"":53167,""isConnected"":true,""connectionTime"":53159,""reconnectCount"":0,""lastErrorCode"":0,""uptime"":53167,""source"":""gateway"",""type"":""mqtt_metrics""}"
"2026-08-14T12:14:04.735Z","IN","m360/DF/0000/out/1/2/1/0/37","237"
"2026-08-14T12:14:04.736Z","IN","m360/DF/0000/out/1/2/1/0/37","237"
"2026-08-14T12:14:04.870Z","IN","m360/DF/0000/out/1/3/1/0/37","103"
"2026-08-14T12:14:04.872Z","IN","m360/DF/0000/out/1/3/1/0/37","103"
"2026-08-14T12:14:04.876Z","IN","m360/DF/0000/out/1/4/1/0/37","424"
"2026-08-14T12:14:04.876Z","IN","m360/DF/0000/out/1/4/1/0/37","424"
"2026-08-14T12:14:05.259Z","IN","m360/DF/0000/out/1/5/1/0/37","304"
"2026-08-14T12:14:05.259Z","IN","m360/DF/0000/out/1/5/1/0/37","304"
"2026-08-14T12:14:05.552Z","IN","m360/DF/0000/out/1/6/1/0/37","118"
"2026-08-14T12:14:05.553Z","IN","m360/DF/0000/out/1/6/1/0/37","118"
"2026-08-14T12:14:25.589Z","IN","m360/DF/0000/out/2/2/1/0/37","1016"
"2026-08-14T12:14:25.589Z","IN","m360/DF/0000/out/2/2/1/0/37","1016"
"2026-08-14T12:14:25.729Z","IN","m360/DF/0000/out/2/4/1/0/37","345"
"2026-08-14T12:14:25.729Z","IN","m360/DF/0000/out/2/4/1/0/37","345"
"2026-08-14T12:14:25.729Z","IN","m360/DF/0000/out/2/5/1/0/37","604"
"2026-08-14T12:14:25.729Z","IN","m360/DF/0000/out/2/5/1/0/37","604"
"2026-08-14T12:14:26.087Z","IN","m360/DF/0000/out/2/6/1/0/37","400"
"2026-08-14T12:14:26.087Z","IN","m360/DF/0000/out/2/6/1/0/37","400"
"2026-08-14T12:14:33.717Z","IN","m360/DF/0000/out","{""nodeId"":0,""sensorId"":255,""command"":3,""ack"":0,""type"":22,""payload"":"""",""timestamp"":53227,""description"":""heartbeat"",""event"":""heartbeat"",""uptime"":53227,""rssi"":-69,""wifiRssi"":-69,""batteryLevel"":100,""ip"":""192.168.1.2"",""version"":""2.0"",""source"":""gateway""}"
"2026-08-14T12:14:33.718Z","IN","m360/DF/0000/out","{""nodeId"":0,""sensorId"":255,""command"":3,""ack"":0,""type"":22,""payload"":"""",""timestamp"":53227,""description"":""heartbeat"",""event"":""heartbeat"",""uptime"":53227,""rssi"":-69,""wifiRssi"":-69,""batteryLevel"":100,""ip"":""192.168.1.2"",""version"":""2.0"",""source"":""gateway""}"
"2026-08-14T12:14:33.776Z","IN","m360/DF/0000/gateway/status","{""timestamp"":53227,""isConnected"":true,""connectionTime"":53219,""reconnectCount"":0,""lastErrorCode"":0,""uptime"":53227,""source"":""gateway"",""type"":""mqtt_metrics""}"
"2026-08-14T12:15:04.779Z","IN","m360/DF/0000/out/1/1/1/0/37","312"
"2026-08-14T12:15:04.779Z","IN","m360/DF/0000/out/1/1/1/0/37","312"
"2026-08-14T12:15:05.431Z","IN","m360/DF/0000/out/1/2/1/0/37","327"
"2026-08-14T12:15:05.431Z","IN","m360/DF/0000/out/1/2/1/0/37","327"
"2026-08-14T12:15:05.432Z","IN","m360/DF/0000/out/1/3/1/0/37","120"
"2026-08-14T12:15:05.432Z","IN","m360/DF/0000/out/1/3/1/0/37","120"
"2026-08-14T12:15:05.434Z","IN","m360/DF/0000/out/1/4/1/0/37","436"
"2026-08-14T12:15:05.435Z","IN","m360/DF/0000/out/1/4/1/0/37","436"
"2026-08-14T12:15:05.435Z","IN","m360/DF/0000/out/1/5/1/0/37","312"
"2026-08-14T12:15:05.435Z","IN","m360/DF/0000/out/1/5/1/0/37","312"
"2026-08-14T12:15:05.435Z","IN","m360/DF/0000/out/1/6/1/0/37","247"
"2026-08-14T12:15:05.435Z","IN","m360/DF/0000/out/1/6/1/0/37","247"
"2026-08-14T12:15:25.574Z","IN","m360/DF/0000/out/2/1/1/0/37","82"
"2026-08-14T12:15:25.575Z","IN","m360/DF/0000/out/2/1/1/0/37","82"
"2026-08-14T12:15:25.683Z","IN","m360/DF/0000/out/2/2/1/0/37","1019"
"2026-08-14T12:15:25.684Z","IN","m360/DF/0000/out/2/2/1/0/37","1019"
"2026-08-14T12:15:26.029Z","IN","m360/DF/0000/out/2/4/1/0/37","361"
"2026-08-14T12:15:26.029Z","IN","m360/DF/0000/out/2/4/1/0/37","361"
"2026-08-14T12:15:26.031Z","IN","m360/DF/0000/out/2/5/1/0/37","607"
"2026-08-14T12:15:26.031Z","IN","m360/DF/0000/out/2/5/1/0/37","607"
"2026-08-14T12:15:26.031Z","IN","m360/DF/0000/out/2/6/1/0/37","407"
"2026-08-14T12:15:26.031Z","IN","m360/DF/0000/out/2/6/1/0/37","407"
"2026-08-14T12:15:33.723Z","IN","m360/DF/0000/out","{""nodeId"":0,""sensorId"":255,""command"":3,""ack"":0,""type"":22,""payload"":"""",""timestamp"":53287,""description"":""heartbeat"",""event"":""heartbeat"",""uptime"":53287,""rssi"":-68,""wifiRssi"":-68,""batteryLevel"":100,""ip"":""192.168.1.2"",""version"":""2.0"",""source"":""gateway""}"
"2026-08-14T12:15:33.724Z","IN","m360/DF/0000/out","{""nodeId"":0,""sensorId"":255,""command"":3,""ack"":0,""type"":22,""payload"":"""",""timestamp"":53287,""description"":""heartbeat"",""event"":""heartbeat"",""uptime"":53287,""rssi"":-68,""wifiRssi"":-68,""batteryLevel"":100,""ip"":""192.168.1.2"",""version"":""2.0"",""source"":""gateway""}"
"2026-08-14T12:15:33.781Z","IN","m360/DF/0000/gateway/status","{""timestamp"":53287,""isConnected"":true,""connectionTime"":53279,""reconnectCount"":0,""lastErrorCode"":0,""uptime"":53287,""source"":""gateway"",""type"":""mqtt_metrics""}"
"2026-08-14T12:16:04.854Z","IN","m360/DF/0000/out/1/2/1/0/37","249"
"2026-08-14T12:16:04.854Z","IN","m360/DF/0000/out/1/2/1/0/37","249"
"2026-08-14T12:16:05.035Z","IN","m360/DF/0000/out/1/3/1/0/37","96"
"2026-08-14T12:16:05.035Z","IN","m360/DF/0000/out/1/3/1/0/37","96"
"2026-08-14T12:16:05.044Z","IN","m360/DF/0000/out/1/4/1/0/37","420"
"2026-08-14T12:16:05.046Z","IN","m360/DF/0000/out/1/4/1/0/37","420"
"2026-08-14T12:16:05.047Z","IN","m360/DF/0000/out/1/5/1/0/37","309"
"2026-08-14T12:16:05.047Z","IN","m360/DF/0000/out/1/5/1/0/37","309"
"2026-08-14T12:16:05.054Z","IN","m360/DF/0000/out/1/6/1/0/37","245"
"2026-08-14T12:16:05.054Z","IN","m360/DF/0000/out/1/6/1/0/37","245"
"2026-08-14T12:16:25.588Z","IN","m360/DF/0000/out/2/1/1/0/37","89"
"2026-08-14T12:16:25.589Z","IN","m360/DF/0000/out/2/1/1/0/37","89"
"2026-08-14T12:16:25.920Z","IN","m360/DF/0000/out/2/2/1/0/37","1018"
"2026-08-14T12:16:25.921Z","IN","m360/DF/0000/out/2/2/1/0/37","1018"
"2026-08-14T12:16:25.921Z","IN","m360/DF/0000/out/2/4/1/0/37","367"
"2026-08-14T12:16:25.921Z","IN","m360/DF/0000/out/2/4/1/0/37","367"
"2026-08-14T12:16:25.921Z","IN","m360/DF/0000/out/2/5/1/0/37","611"
"2026-08-14T12:16:25.921Z","IN","m360/DF/0000/out/2/5/1/0/37","611"
"2026-08-14T12:16:25.921Z","IN","m360/DF/0000/out/2/6/1/0/37","399"
"2026-08-14T12:16:25.921Z","IN","m360/DF/0000/out/2/6/1/0/37","399"
"2026-08-14T12:16:33.730Z","IN","m360/DF/0000/out","{""nodeId"":0,""sensorId"":255,""command"":3,""ack"":0,""type"":22,""payload"":"""",""timestamp"":53347,""description"":""heartbeat"",""event"":""heartbeat"",""uptime"":53347,""rssi"":-68,""wifiRssi"":-68,""batteryLevel"":100,""ip"":""192.168.1.2"",""version"":""2.0"",""source"":""gateway""}"
"2026-08-14T12:16:33.730Z","IN","m360/DF/0000/out","{""nodeId"":0,""sensorId"":255,""command"":3,""ack"":0,""type"":22,""payload"":"""",""timestamp"":53347,""description"":""heartbeat"",""event"":""heartbeat"",""uptime"":53347,""rssi"":-68,""wifiRssi"":-68,""batteryLevel"":100,""ip"":""192.168.1.2"",""version"":""2.0"",""source"":""gateway""}"
"2026-08-14T12:16:33.791Z","IN","m360/DF/0000/gateway/status","{""timestamp"":53347,""isConnected"":true,""connectionTime"":53339,""reconnectCount"":0,""lastErrorCode"":0,""uptime"":53347,""source"":""gateway"",""type"":""mqtt_metrics""}"
"2026-08-14T12:17:04.890Z","IN","m360/DF/0000/out/1/1/1/0/37","310"
"2026-08-14T12:17:04.890Z","IN","m360/DF/0000/out/1/1/1/0/37","310"
"2026-08-14T12:17:05.054Z","IN","m360/DF/0000/out/1/2/1/0/37","327"
"2026-08-14T12:17:05.055Z","IN","m360/DF/0000/out/1/2/1/0/37","327"
"2026-08-14T12:17:05.058Z","IN","m360/DF/0000/out/1/3/1/0/37","117"
"2026-08-14T12:17:05.058Z","IN","m360/DF/0000/out/1/3/1/0/37","117"
"2026-08-14T12:17:05.058Z","IN","m360/DF/0000/out/1/4/1/0/37","425"
"2026-08-14T12:17:05.059Z","IN","m360/DF/0000/out/1/4/1/0/37","425"
"2026-08-14T12:17:05.446Z","IN","m360/DF/0000/out/1/5/1/0/37","311"
"2026-08-14T12:17:05.446Z","IN","m360/DF/0000/out/1/5/1/0/37","311"
"2026-08-14T12:17:05.446Z","IN","m360/DF/0000/out/1/6/1/0/37","247"
"2026-08-14T12:17:05.446Z","IN","m360/DF/0000/out/1/6/1/0/37","247"
"2026-08-14T12:17:25.574Z","IN","m360/DF/0000/out/2/1/1/0/37","91"
"2026-08-14T12:17:25.574Z","IN","m360/DF/0000/out/2/1/1/0/37","91"
"2026-08-14T12:17:25.687Z","IN","m360/DF/0000/out/2/2/1/0/37","1019"
"2026-08-14T12:17:25.717Z","IN","m360/DF/0000/out/2/2/1/0/37","1019"
"2026-08-14T12:17:25.738Z","IN","m360/DF/0000/out/2/4/1/0/37","370"
"2026-08-14T12:17:25.738Z","IN","m360/DF/0000/out/2/4/1/0/37","370"
"2026-08-14T12:17:25.738Z","IN","m360/DF/0000/out/2/5/1/0/37","624"
"2026-08-14T12:17:25.740Z","IN","m360/DF/0000/out/2/5/1/0/37","624"
"2026-08-14T12:17:26.240Z","IN","m360/DF/0000/out/2/6/1/0/37","401"
"2026-08-14T12:17:26.240Z","IN","m360/DF/0000/out/2/6/1/0/37","401"
"2026-08-14T12:17:33.733Z","IN","m360/DF/0000/out","{""nodeId"":0,""sensorId"":255,""command"":3,""ack"":0,""type"":22,""payload"":"""",""timestamp"":53407,""description"":""heartbeat"",""event"":""heartbeat"",""uptime"":53407,""rssi"":-66,""wifiRssi"":-66,""batteryLevel"":100,""ip"":""192.168.1.2"",""version"":""2.0"",""source"":""gateway""}"
"2026-08-14T12:17:33.733Z","IN","m360/DF/0000/out","{""nodeId"":0,""sensorId"":255,""command"":3,""ack"":0,""type"":22,""payload"":"""",""timestamp"":53407,""description"":""heartbeat"",""event"":""heartbeat"",""uptime"":53407,""rssi"":-66,""wifiRssi"":-66,""batteryLevel"":100,""ip"":""192.168.1.2"",""version"":""2.0"",""source"":""gateway""}"
"2026-08-14T12:17:33.798Z","IN","m360/DF/0000/gateway/status","{""timestamp"":53407,""isConnected"":true,""connectionTime"":53399,""reconnectCount"":0,""lastErrorCode"":0,""uptime"":53407,""source"":""gateway"",""type"":""mqtt_metrics""}"
"2026-08-14T12:18:04.961Z","IN","m360/DF/0000/out/1/2/1/0/37","242"
"2026-08-14T12:18:04.961Z","IN","m360/DF/0000/out/1/2/1/0/37","242"
"2026-08-14T12:18:05.097Z","IN","m360/DF/0000/out/1/3/1/0/37","101"
"2026-08-14T12:18:05.098Z","IN","m360/DF/0000/out/1/3/1/0/37","101"
"2026-08-14T12:18:05.101Z","IN","m360/DF/0000/out/1/4/1/0/37","419"
"2026-08-14T12:18:05.101Z","IN","m360/DF/0000/out/1/4/1/0/37","419"
"2026-08-14T12:18:05.478Z","IN","m360/DF/0000/out/1/5/1/0/37","306"
"2026-08-14T12:18:05.478Z","IN","m360/DF/0000/out/1/5/1/0/37","306"
"2026-08-14T12:18:05.551Z","IN","m360/DF/0000/out/1/6/1/0/37","250"
"2026-08-14T12:18:05.551Z","IN","m360/DF/0000/out/1/6/1/0/37","250"
"2026-08-14T12:18:25.580Z","IN","m360/DF/0000/out/2/1/1/0/37","87"
"2026-08-14T12:18:25.580Z","IN","m360/DF/0000/out/2/1/1/0/37","87"
"2026-08-14T12:18:25.749Z","IN","m360/DF/0000/out/2/4/1/0/37","344"
"2026-08-14T12:18:25.750Z","IN","m360/DF/0000/out/2/4/1/0/37","344"
"2026-08-14T12:18:25.751Z","IN","m360/DF/0000/out/2/5/1/0/37","601"
"2026-08-14T12:18:25.751Z","IN","m360/DF/0000/out/2/5/1/0/37","601"
"2026-08-14T12:18:25.755Z","IN","m360/DF/0000/out/2/6/1/0/37","392"
"2026-08-14T12:18:25.755Z","IN","m360/DF/0000/out/2/6/1/0/37","392"
"2026-08-14T12:18:33.741Z","IN","m360/DF/0000/out/events","{""event"":""node_lost"",""nodeId"":99,""timestamp"":53467,""rssi"":-64,""details"":""Inactivity detected: timeout 300 s""}"
"2026-08-14T12:18:33.741Z","IN","m360/DF/0000/out/events","{""event"":""node_lost"",""nodeId"":99,""timestamp"":53467,""rssi"":-64,""details"":""Inactivity detected: timeout 300 s""}"
"2026-08-14T12:18:33.812Z","IN","m360/DF/0000/out","{""nodeId"":0,""sensorId"":255,""command"":3,""ack"":0,""type"":22,""payload"":"""",""timestamp"":53467,""description"":""heartbeat"",""event"":""heartbeat"",""uptime"":53467,""rssi"":-64,""wifiRssi"":-64,""batteryLevel"":100,""ip"":""192.168.1.2"",""version"":""2.0"",""source"":""gateway""}"
"2026-08-14T12:18:33.812Z","IN","m360/DF/0000/out","{""nodeId"":0,""sensorId"":255,""command"":3,""ack"":0,""type"":22,""payload"":"""",""timestamp"":53467,""description"":""heartbeat"",""event"":""heartbeat"",""uptime"":53467,""rssi"":-64,""wifiRssi"":-64,""batteryLevel"":100,""ip"":""192.168.1.2"",""version"":""2.0"",""source"":""gateway""}"
"2026-08-14T12:18:33.812Z","IN","m360/DF/0000/gateway/status","{""timestamp"":53467,""isConnected"":true,""connectionTime"":53459,""reconnectCount"":0,""lastErrorCode"":0,""uptime"":53467,""source"":""gateway"",""type"":""mqtt_metrics""}"
"2026-08-14T12:19:05.043Z","IN","m360/DF/0000/out/1/1/1/0/37","314"
"2026-08-14T12:19:05.043Z","IN","m360/DF/0000/out/1/1/1/0/37","314"
"2026-08-14T12:19:05.365Z","IN","m360/DF/0000/out/1/2/1/0/37","323"
"2026-08-14T12:19:05.365Z","IN","m360/DF/0000/out/1/2/1/0/37","323"
"2026-08-14T12:19:05.370Z","IN","m360/DF/0000/out/1/3/1/0/37","113"
"2026-08-14T12:19:05.370Z","IN","m360/DF/0000/out/1/3/1/0/37","113"
"2026-08-14T12:19:05.370Z","IN","m360/DF/0000/out/1/4/1/0/37","425"
"2026-08-14T12:19:05.370Z","IN","m360/DF/0000/out/1/4/1/0/37","425"
"2026-08-14T12:19:05.370Z","IN","m360/DF/0000/out/1/5/1/0/37","307"
"2026-08-14T12:19:05.370Z","IN","m360/DF/0000/out/1/5/1/0/37","307"
"2026-08-14T12:19:05.370Z","IN","m360/DF/0000/out/1/6/1/0/37","242"
"2026-08-14T12:19:05.371Z","IN","m360/DF/0000/out/1/6/1/0/37","242"
"2026-08-14T12:19:25.584Z","IN","m360/DF/0000/out/2/1/1/0/37","85"
"2026-08-14T12:19:25.585Z","IN","m360/DF/0000/out/2/1/1/0/37","85"
"2026-08-14T12:19:25.718Z","IN","m360/DF/0000/out/2/4/1/0/37","348"
"2026-08-14T12:19:25.719Z","IN","m360/DF/0000/out/2/4/1/0/37","348"
"2026-08-14T12:19:25.719Z","IN","m360/DF/0000/out/2/5/1/0/37","602"
"2026-08-14T12:19:25.721Z","IN","m360/DF/0000/out/2/5/1/0/37","602"
"2026-08-14T12:19:26.095Z","IN","m360/DF/0000/out/2/6/1/0/37","399"
"2026-08-14T12:19:26.095Z","IN","m360/DF/0000/out/2/6/1/0/37","399"
"2026-08-14T12:19:33.741Z","IN","m360/DF/0000/out","{""nodeId"":0,""sensorId"":255,""command"":3,""ack"":0,""type"":22,""payload"":"""",""timestamp"":53527,""description"":""heartbeat"",""event"":""heartbeat"",""uptime"":53527,""rssi"":-65,""wifiRssi"":-65,""batteryLevel"":100,""ip"":""192.168.1.2"",""version"":""2.0"",""source"":""gateway""}"
"2026-08-14T12:19:33.742Z","IN","m360/DF/0000/out","{""nodeId"":0,""sensorId"":255,""command"":3,""ack"":0,""type"":22,""payload"":"""",""timestamp"":53527,""description"":""heartbeat"",""event"":""heartbeat"",""uptime"":53527,""rssi"":-65,""wifiRssi"":-65,""batteryLevel"":100,""ip"":""192.168.1.2"",""version"":""2.0"",""source"":""gateway""}"
"2026-08-14T12:19:33.799Z","IN","m360/DF/0000/gateway/status","{""timestamp"":53527,""isConnected"":true,""connectionTime"":53519,""reconnectCount"":0,""lastErrorCode"":0,""uptime"":53527,""source"":""gateway"",""type"":""mqtt_metrics""}"
"2026-08-14T12:20:05.091Z","IN","m360/DF/0000/out/1/1/1/0/37","309"
"2026-08-14T12:20:05.091Z","IN","m360/DF/0000/out/1/1/1/0/37","309"
"2026-08-14T12:20:05.567Z","IN","m360/DF/0000/out/1/2/1/0/37","434"
"2026-08-14T12:20:05.567Z","IN","m360/DF/0000/out/1/2/1/0/37","434"
"2026-08-14T12:20:05.573Z","IN","m360/DF/0000/out/1/3/1/0/37","104"
"2026-08-14T12:20:05.573Z","IN","m360/DF/0000/out/1/3/1/0/37","104"
"2026-08-14T12:20:05.573Z","IN","m360/DF/0000/out/1/4/1/0/37","430"
"2026-08-14T12:20:05.574Z","IN","m360/DF/0000/out/1/4/1/0/37","430"
"2026-08-14T12:20:05.574Z","IN","m360/DF/0000/out/1/5/1/0/37","305"
"2026-08-14T12:20:05.574Z","IN","m360/DF/0000/out/1/5/1/0/37","305"
"2026-08-14T12:20:05.574Z","IN","m360/DF/0000/out/1/6/1/0/37","240"
"2026-08-14T12:20:05.574Z","IN","m360/DF/0000/out/1/6/1/0/37","240"
"2026-08-14T12:20:25.598Z","IN","m360/DF/0000/out/2/1/1/0/37","88"
"2026-08-14T12:20:25.598Z","IN","m360/DF/0000/out/2/1/1/0/37","88"
"2026-08-14T12:20:25.770Z","IN","m360/DF/0000/out/2/3/1/0/37","1019"
"2026-08-14T12:20:25.778Z","IN","m360/DF/0000/out/2/3/1/0/37","1019"
"2026-08-14T12:20:25.826Z","IN","m360/DF/0000/out/2/4/1/0/37","360"
"2026-08-14T12:20:25.826Z","IN","m360/DF/0000/out/2/4/1/0/37","360"
"2026-08-14T12:20:25.826Z","IN","m360/DF/0000/out/2/5/1/0/37","610"
"2026-08-14T12:20:25.829Z","IN","m360/DF/0000/out/2/5/1/0/37","610"
"2026-08-14T12:20:25.831Z","IN","m360/DF/0000/out/2/6/1/0/37","398"
"2026-08-14T12:20:25.831Z","IN","m360/DF/0000/out/2/6/1/0/37","398"
"2026-08-14T12:20:33.746Z","IN","m360/DF/0000/out","{""nodeId"":0,""sensorId"":255,""command"":3,""ack"":0,""type"":22,""payload"":"""",""timestamp"":53587,""description"":""heartbeat"",""event"":""heartbeat"",""uptime"":53587,""rssi"":-65,""wifiRssi"":-65,""batteryLevel"":100,""ip"":""192.168.1.2"",""version"":""2.0"",""source"":""gateway""}"
"2026-08-14T12:20:33.747Z","IN","m360/DF/0000/out","{""nodeId"":0,""sensorId"":255,""command"":3,""ack"":0,""type"":22,""payload"":"""",""timestamp"":53587,""description"":""heartbeat"",""event"":""heartbeat"",""uptime"":53587,""rssi"":-65,""wifiRssi"":-65,""batteryLevel"":100,""ip"":""192.168.1.2"",""version"":""2.0"",""source"":""gateway""}"
"2026-08-14T12:20:33.765Z","IN","m360/DF/0000/gateway/status","{""timestamp"":53587,""isConnected"":true,""connectionTime"":53579,""reconnectCount"":0,""lastErrorCode"":0,""uptime"":53587,""source"":""gateway"",""type"":""mqtt_metrics""}"
"2026-08-14T12:21:05.178Z","IN","m360/DF/0000/out/1/1/1/0/37","310"
"2026-08-14T12:21:05.181Z","IN","m360/DF/0000/out/1/1/1/0/37","310"
"2026-08-14T12:21:05.446Z","IN","m360/DF/0000/out/1/2/1/0/37","332"
"2026-08-14T12:21:05.455Z","IN","m360/DF/0000/out/1/2/1/0/37","332"
"2026-08-14T12:21:05.456Z","IN","m360/DF/0000/out/1/3/1/0/37","120"
"2026-08-14T12:21:05.456Z","IN","m360/DF/0000/out/1/3/1/0/37","120"
"2026-08-14T12:21:05.456Z","IN","m360/DF/0000/out/1/4/1/0/37","429"
"2026-08-14T12:21:05.456Z","IN","m360/DF/0000/out/1/4/1/0/37","429"
"2026-08-14T12:21:05.536Z","IN","m360/DF/0000/out/1/5/1/0/37","315"
"2026-08-14T12:21:05.536Z","IN","m360/DF/0000/out/1/5/1/0/37","315"
"2026-08-14T12:21:05.537Z","IN","m360/DF/0000/out/1/6/1/0/37","256"
"2026-08-14T12:21:05.537Z","IN","m360/DF/0000/out/1/6/1/0/37","256"
"2026-08-14T12:21:25.606Z","IN","m360/DF/0000/out/2/1/1/0/37","89"
"2026-08-14T12:21:25.606Z","IN","m360/DF/0000/out/2/1/1/0/37","89"
"2026-08-14T12:21:25.774Z","IN","m360/DF/0000/out/2/2/1/0/37","1017"
"2026-08-14T12:21:25.775Z","IN","m360/DF/0000/out/2/2/1/0/37","1017"
"2026-08-14T12:21:25.775Z","IN","m360/DF/0000/out/2/4/1/0/37","359"
"2026-08-14T12:21:25.775Z","IN","m360/DF/0000/out/2/4/1/0/37","359"
"2026-08-14T12:21:25.778Z","IN","m360/DF/0000/out/2/5/1/0/37","612"
"2026-08-14T12:21:25.778Z","IN","m360/DF/0000/out/2/5/1/0/37","612"
"2026-08-14T12:21:26.186Z","IN","m360/DF/0000/out/2/6/1/0/37","372"
"2026-08-14T12:21:26.186Z","IN","m360/DF/0000/out/2/6/1/0/37","372"
"2026-08-14T12:21:33.751Z","IN","m360/DF/0000/out","{""nodeId"":0,""sensorId"":255,""command"":3,""ack"":0,""type"":22,""payload"":"""",""timestamp"":53647,""description"":""heartbeat"",""event"":""heartbeat"",""uptime"":53647,""rssi"":-67,""wifiRssi"":-67,""batteryLevel"":100,""ip"":""192.168.1.2"",""version"":""2.0"",""source"":""gateway""}"
"2026-08-14T12:21:33.752Z","IN","m360/DF/0000/out","{""nodeId"":0,""sensorId"":255,""command"":3,""ack"":0,""type"":22,""payload"":"""",""timestamp"":53647,""description"":""heartbeat"",""event"":""heartbeat"",""uptime"":53647,""rssi"":-67,""wifiRssi"":-67,""batteryLevel"":100,""ip"":""192.168.1.2"",""version"":""2.0"",""source"":""gateway""}"
"2026-08-14T12:21:33.778Z","IN","m360/DF/0000/gateway/status","{""timestamp"":53647,""isConnected"":true,""connectionTime"":53639,""reconnectCount"":0,""lastErrorCode"":0,""uptime"":53647,""source"":""gateway"",""type"":""mqtt_metrics""}"
"2026-08-14T12:22:05.266Z","IN","m360/DF/0000/out/1/1/1/0/37","314"
"2026-08-14T12:22:05.266Z","IN","m360/DF/0000/out/1/1/1/0/37","314"
"2026-08-14T12:22:05.384Z","IN","m360/DF/0000/out/1/2/1/0/37","329"
"2026-08-14T12:22:05.384Z","IN","m360/DF/0000/out/1/2/1/0/37","329"
"2026-08-14T12:22:05.391Z","IN","m360/DF/0000/out/1/3/1/0/37","108"
"2026-08-14T12:22:05.392Z","IN","m360/DF/0000/out/1/3/1/0/37","108"
"2026-08-14T12:22:05.883Z","IN","m360/DF/0000/out/1/4/1/0/37","431"
"2026-08-14T12:22:05.883Z","IN","m360/DF/0000/out/1/4/1/0/37","431"
"2026-08-14T12:22:05.883Z","IN","m360/DF/0000/out/1/5/1/0/37","314"
"2026-08-14T12:22:05.883Z","IN","m360/DF/0000/out/1/5/1/0/37","314"
"2026-08-14T12:22:05.883Z","IN","m360/DF/0000/out/1/6/1/0/37","257"
"2026-08-14T12:22:05.883Z","IN","m360/DF/0000/out/1/6/1/0/37","257"
"2026-08-14T12:22:33.756Z","IN","m360/DF/0000/out","{""nodeId"":0,""sensorId"":255,""command"":3,""ack"":0,""type"":22,""payload"":"""",""timestamp"":53707,""description"":""heartbeat"",""event"":""heartbeat"",""uptime"":53707,""rssi"":-64,""wifiRssi"":-64,""batteryLevel"":100,""ip"":""192.168.1.2"",""version"":""2.0"",""source"":""gateway""}"
"2026-08-14T12:22:33.756Z","IN","m360/DF/0000/out","{""nodeId"":0,""sensorId"":255,""command"":3,""ack"":0,""type"":22,""payload"":"""",""timestamp"":53707,""description"":""heartbeat"",""event"":""heartbeat"",""uptime"":53707,""rssi"":-64,""wifiRssi"":-64,""batteryLevel"":100,""ip"":""192.168.1.2"",""version"":""2.0"",""source"":""gateway""}"
"2026-08-14T12:22:33.813Z","IN","m360/DF/0000/gateway/status","{""timestamp"":53707,""isConnected"":true,""connectionTime"":53699,""reconnectCount"":0,""lastErrorCode"":0,""uptime"":53707,""source"":""gateway"",""type"":""mqtt_metrics""}"
"2026-08-14T12:23:05.645Z","IN","m360/DF/0000/out/1/1/1/0/37","309"
"2026-08-14T12:23:05.645Z","IN","m360/DF/0000/out/1/1/1/0/37","309"
"2026-08-14T12:23:05.761Z","IN","m360/DF/0000/out/1/2/1/0/37","312"
"2026-08-14T12:23:05.761Z","IN","m360/DF/0000/out/1/2/1/0/37","312"
"2026-08-14T12:23:05.762Z","IN","m360/DF/0000/out/1/3/1/0/37","96"
"2026-08-14T12:23:05.762Z","IN","m360/DF/0000/out/1/3/1/0/37","96"
"2026-08-14T12:23:25.592Z","IN","m360/DF/0000/out/2/1/1/0/37","89"
"2026-08-14T12:23:25.592Z","IN","m360/DF/0000/out/2/1/1/0/37","89"
"2026-08-14T12:23:25.749Z","IN","m360/DF/0000/out/2/2/1/0/37","1018"
"2026-08-14T12:23:25.749Z","IN","m360/DF/0000/out/2/2/1/0/37","1018"
"2026-08-14T12:23:25.762Z","IN","m360/DF/0000/out/2/3/1/0/37","1019"
"2026-08-14T12:23:25.762Z","IN","m360/DF/0000/out/2/3/1/0/37","1019"
"2026-08-14T12:23:25.762Z","IN","m360/DF/0000/out/2/4/1/0/37","370"
"2026-08-14T12:23:25.762Z","IN","m360/DF/0000/out/2/4/1/0/37","370"
"2026-08-14T12:23:26.044Z","IN","m360/DF/0000/out/2/5/1/0/37","624"
"2026-08-14T12:23:26.044Z","IN","m360/DF/0000/out/2/5/1/0/37","624"
"2026-08-14T12:23:26.154Z","IN","m360/DF/0000/out/2/6/1/0/37","398"
"2026-08-14T12:23:26.154Z","IN","m360/DF/0000/out/2/6/1/0/37","398"
"2026-08-14T12:23:33.763Z","IN","m360/DF/0000/out","{""nodeId"":0,""sensorId"":255,""command"":3,""ack"":0,""type"":22,""payload"":"""",""timestamp"":53767,""description"":""heartbeat"",""event"":""heartbeat"",""uptime"":53767,""rssi"":-67,""wifiRssi"":-67,""batteryLevel"":100,""ip"":""192.168.1.2"",""version"":""2.0"",""source"":""gateway""}"
"2026-08-14T12:23:33.764Z","IN","m360/DF/0000/out","{""nodeId"":0,""sensorId"":255,""command"":3,""ack"":0,""type"":22,""payload"":"""",""timestamp"":53767,""description"":""heartbeat"",""event"":""heartbeat"",""uptime"":53767,""rssi"":-67,""wifiRssi"":-67,""batteryLevel"":100,""ip"":""192.168.1.2"",""version"":""2.0"",""source"":""gateway""}"
"2026-08-14T12:23:33.777Z","IN","m360/DF/0000/gateway/status","{""timestamp"":53767,""isConnected"":true,""connectionTime"":53759,""reconnectCount"":0,""lastErrorCode"":0,""uptime"":53767,""source"":""gateway"",""type"":""mqtt_metrics""}"
"2026-08-14T12:23:45.260Z","IN","m360/DF/0000/out/events","{""event"":""node_reconnected"",""nodeId"":99,""timestamp"":53779,""rssi"":-67,""details"":""Node back online or discovered""}"
"2026-08-14T12:23:45.260Z","IN","m360/DF/0000/out/events","{""event"":""node_reconnected"",""nodeId"":99,""timestamp"":53779,""rssi"":-67,""details"":""Node back online or discovered""}"
"2026-08-14T12:23:45.340Z","IN","m360/DF/0000/out/99/11/1/0/0","27"
"2026-08-14T12:23:45.340Z","IN","m360/DF/0000/out/99/11/1/0/0","27"
"2026-08-14T12:23:45.340Z","IN","m360/DF/0000/out/99/12/1/0/1","14"
"2026-08-14T12:23:45.341Z","IN","m360/DF/0000/out/99/12/1/0/1","14"
"2026-08-14T12:24:05.441Z","IN","m360/DF/0000/out/1/1/1/0/37","310"
"2026-08-14T12:24:05.441Z","IN","m360/DF/0000/out/1/1/1/0/37","310"
"2026-08-14T12:24:05.636Z","IN","m360/DF/0000/out/1/2/1/0/37","331"
"2026-08-14T12:24:05.636Z","IN","m360/DF/0000/out/1/2/1/0/37","331"
"2026-08-14T12:24:05.637Z","IN","m360/DF/0000/out/1/3/1/0/37","117"
"2026-08-14T12:24:05.637Z","IN","m360/DF/0000/out/1/3/1/0/37","117"
"2026-08-14T12:24:05.641Z","IN","m360/DF/0000/out/1/4/1/0/37","470"
"2026-08-14T12:24:05.642Z","IN","m360/DF/0000/out/1/4/1/0/37","470"
"2026-08-14T12:24:05.642Z","IN","m360/DF/0000/out/1/5/1/0/37","314"
"2026-08-14T12:24:05.642Z","IN","m360/DF/0000/out/1/5/1/0/37","314"
"2026-08-14T12:24:06.342Z","IN","m360/DF/0000/out/1/6/1/0/37","255"
"2026-08-14T12:24:06.342Z","IN","m360/DF/0000/out/1/6/1/0/37","255"
"2026-08-14T12:24:25.609Z","IN","m360/DF/0000/out/2/3/1/0/37","1018"
"2026-08-14T12:24:25.609Z","IN","m360/DF/0000/out/2/3/1/0/37","1018"
"2026-08-14T12:24:25.746Z","IN","m360/DF/0000/out/2/4/1/0/37","351"
"2026-08-14T12:24:25.746Z","IN","m360/DF/0000/out/2/4/1/0/37","351"
"2026-08-14T12:24:25.748Z","IN","m360/DF/0000/out/2/5/1/0/37","607"
"2026-08-14T12:24:25.748Z","IN","m360/DF/0000/out/2/5/1/0/37","607"
"2026-08-14T12:24:25.748Z","IN","m360/DF/0000/out/2/6/1/0/37","394"
"2026-08-14T12:24:25.748Z","IN","m360/DF/0000/out/2/6/1/0/37","394"
"2026-08-14T12:24:33.771Z","IN","m360/DF/0000/out","{""nodeId"":0,""sensorId"":255,""command"":3,""ack"":0,""type"":22,""payload"":"""",""timestamp"":53827,""description"":""heartbeat"",""event"":""heartbeat"",""uptime"":53827,""rssi"":-64,""wifiRssi"":-64,""batteryLevel"":100,""ip"":""192.168.1.2"",""version"":""2.0"",""source"":""gateway""}"
"2026-08-14T12:24:33.774Z","IN","m360/DF/0000/out","{""nodeId"":0,""sensorId"":255,""command"":3,""ack"":0,""type"":22,""payload"":"""",""timestamp"":53827,""description"":""heartbeat"",""event"":""heartbeat"",""uptime"":53827,""rssi"":-64,""wifiRssi"":-64,""batteryLevel"":100,""ip"":""192.168.1.2"",""version"":""2.0"",""source"":""gateway""}"
"2026-08-14T12:24:33.783Z","IN","m360/DF/0000/gateway/status","{""timestamp"":53827,""isConnected"":true,""connectionTime"":53819,""reconnectCount"":0,""lastErrorCode"":0,""uptime"":53827,""source"":""gateway"",""type"":""mqtt_metrics""}"
"2026-08-14T12:25:05.528Z","IN","m360/DF/0000/out/1/1/1/0/37","323"
"2026-08-14T12:25:05.529Z","IN","m360/DF/0000/out/1/1/1/0/37","323"
"2026-08-14T12:25:05.862Z","IN","m360/DF/0000/out/1/2/1/0/37","324"
"2026-08-14T12:25:05.863Z","IN","m360/DF/0000/out/1/2/1/0/37","324"
"2026-08-14T12:25:05.866Z","IN","m360/DF/0000/out/1/3/1/0/37","114"
"2026-08-14T12:25:05.866Z","IN","m360/DF/0000/out/1/3/1/0/37","114"
"2026-08-14T12:25:05.866Z","IN","m360/DF/0000/out/1/4/1/0/37","459"
"2026-08-14T12:25:05.866Z","IN","m360/DF/0000/out/1/4/1/0/37","459"
"2026-08-14T12:25:05.866Z","IN","m360/DF/0000/out/1/5/1/0/37","319"
"2026-08-14T12:25:05.866Z","IN","m360/DF/0000/out/1/5/1/0/37","319"
"2026-08-14T12:25:05.866Z","IN","m360/DF/0000/out/1/6/1/0/37","253"
"2026-08-14T12:25:05.867Z","IN","m360/DF/0000/out/1/6/1/0/37","253"
"2026-08-14T12:25:25.698Z","IN","m360/DF/0000/out/2/2/1/0/37","1019"
"2026-08-14T12:25:25.699Z","IN","m360/DF/0000/out/2/2/1/0/37","1019"
"2026-08-14T12:25:25.835Z","IN","m360/DF/0000/out/2/3/1/0/37","1019"
"2026-08-14T12:25:25.836Z","IN","m360/DF/0000/out/2/3/1/0/37","1019"
"2026-08-14T12:25:25.836Z","IN","m360/DF/0000/out/2/4/1/0/37","379"
"2026-08-14T12:25:25.836Z","IN","m360/DF/0000/out/2/4/1/0/37","379"
"2026-08-14T12:25:25.836Z","IN","m360/DF/0000/out/2/5/1/0/37","631"
"2026-08-14T12:25:25.836Z","IN","m360/DF/0000/out/2/5/1/0/37","631"
"2026-08-14T12:25:26.087Z","IN","m360/DF/0000/out/2/6/1/0/37","416"
"2026-08-14T12:25:26.087Z","IN","m360/DF/0000/out/2/6/1/0/37","416"
"2026-08-14T12:25:33.772Z","IN","m360/DF/0000/out","{""nodeId"":0,""sensorId"":255,""command"":3,""ack"":0,""type"":22,""payload"":"""",""timestamp"":53887,""description"":""heartbeat"",""event"":""heartbeat"",""uptime"":53887,""rssi"":-63,""wifiRssi"":-63,""batteryLevel"":100,""ip"":""192.168.1.2"",""version"":""2.0"",""source"":""gateway""}"
"2026-08-14T12:25:33.773Z","IN","m360/DF/0000/out","{""nodeId"":0,""sensorId"":255,""command"":3,""ack"":0,""type"":22,""payload"":"""",""timestamp"":53887,""description"":""heartbeat"",""event"":""heartbeat"",""uptime"":53887,""rssi"":-63,""wifiRssi"":-63,""batteryLevel"":100,""ip"":""192.168.1.2"",""version"":""2.0"",""source"":""gateway""}"
"2026-08-14T12:25:33.790Z","IN","m360/DF/0000/gateway/status","{""timestamp"":53887,""isConnected"":true,""connectionTime"":53879,""reconnectCount"":0,""lastErrorCode"":0,""uptime"":53887,""source"":""gateway"",""type"":""mqtt_metrics""}"
"2026-08-14T12:26:25.637Z","IN","m360/DF/0000/out/2/1/1/0/37","85"
"2026-08-14T12:26:25.638Z","IN","m360/DF/0000/out/2/1/1/0/37","85"
"2026-08-14T12:26:25.834Z","IN","m360/DF/0000/out/2/4/1/0/37","353"
"2026-08-14T12:26:25.837Z","IN","m360/DF/0000/out/2/4/1/0/37","353"
"2026-08-14T12:26:25.842Z","IN","m360/DF/0000/out/2/5/1/0/37","627"
"2026-08-14T12:26:25.842Z","IN","m360/DF/0000/out/2/5/1/0/37","627"
"2026-08-14T12:26:25.842Z","IN","m360/DF/0000/out/2/6/1/0/37","395"
"2026-08-14T12:26:25.842Z","IN","m360/DF/0000/out/2/6/1/0/37","395"
"2026-08-14T12:26:33.773Z","IN","m360/DF/0000/out","{""nodeId"":0,""sensorId"":255,""command"":3,""ack"":0,""type"":22,""payload"":"""",""timestamp"":53947,""description"":""heartbeat"",""event"":""heartbeat"",""uptime"":53947,""rssi"":-64,""wifiRssi"":-64,""batteryLevel"":100,""ip"":""192.168.1.2"",""version"":""2.0"",""source"":""gateway""}"
"2026-08-14T12:26:33.773Z","IN","m360/DF/0000/out","{""nodeId"":0,""sensorId"":255,""command"":3,""ack"":0,""type"":22,""payload"":"""",""timestamp"":53947,""description"":""heartbeat"",""event"":""heartbeat"",""uptime"":53947,""rssi"":-64,""wifiRssi"":-64,""batteryLevel"":100,""ip"":""192.168.1.2"",""version"":""2.0"",""source"":""gateway""}"
"2026-08-14T12:26:33.793Z","IN","m360/DF/0000/gateway/status","{""timestamp"":53947,""isConnected"":true,""connectionTime"":53939,""reconnectCount"":0,""lastErrorCode"":0,""uptime"":53947,""source"":""gateway"",""type"":""mqtt_metrics""}"
"2026-08-14T12:27:05.673Z","IN","m360/DF/0000/out/1/1/1/0/37","310"
"2026-08-14T12:27:05.676Z","IN","m360/DF/0000/out/1/1/1/0/37","310"
"2026-08-14T12:27:06.166Z","IN","m360/DF/0000/out/1/2/1/0/37","330"
"2026-08-14T12:27:06.167Z","IN","m360/DF/0000/out/1/2/1/0/37","330"
"2026-08-14T12:27:06.169Z","IN","m360/DF/0000/out/1/3/1/0/37","120"
"2026-08-14T12:27:06.169Z","IN","m360/DF/0000/out/1/3/1/0/37","120"
"2026-08-14T12:27:06.169Z","IN","m360/DF/0000/out/1/4/1/0/37","440"
"2026-08-14T12:27:06.169Z","IN","m360/DF/0000/out/1/4/1/0/37","440"
"2026-08-14T12:27:06.169Z","IN","m360/DF/0000/out/1/5/1/0/37","319"
"2026-08-14T12:27:06.169Z","IN","m360/DF/0000/out/1/5/1/0/37","319"
"2026-08-14T12:27:06.169Z","IN","m360/DF/0000/out/1/6/1/0/37","249"
"2026-08-14T12:27:06.170Z","IN","m360/DF/0000/out/1/6/1/0/37","249"
"2026-08-14T12:27:25.652Z","IN","m360/DF/0000/out/2/1/1/0/37","86"
"2026-08-14T12:27:25.654Z","IN","m360/DF/0000/out/2/1/1/0/37","86"
"2026-08-14T12:27:25.923Z","IN","m360/DF/0000/out/2/4/1/0/37","348"
"2026-08-14T12:27:25.923Z","IN","m360/DF/0000/out/2/4/1/0/37","348"
"2026-08-14T12:27:25.924Z","IN","m360/DF/0000/out/2/5/1/0/37","618"
"2026-08-14T12:27:25.924Z","IN","m360/DF/0000/out/2/5/1/0/37","618"
"2026-08-14T12:27:25.925Z","IN","m360/DF/0000/out/2/6/1/0/37","388"
"2026-08-14T12:27:25.925Z","IN","m360/DF/0000/out/2/6/1/0/37","388"
"2026-08-14T12:27:33.778Z","IN","m360/DF/0000/out","{""nodeId"":0,""sensorId"":255,""command"":3,""ack"":0,""type"":22,""payload"":"""",""timestamp"":54007,""description"":""heartbeat"",""event"":""heartbeat"",""uptime"":54007,""rssi"":-63,""wifiRssi"":-63,""batteryLevel"":100,""ip"":""192.168.1.2"",""version"":""2.0"",""source"":""gateway""}"
"2026-08-14T12:27:33.778Z","IN","m360/DF/0000/out","{""nodeId"":0,""sensorId"":255,""command"":3,""ack"":0,""type"":22,""payload"":"""",""timestamp"":54007,""description"":""heartbeat"",""event"":""heartbeat"",""uptime"":54007,""rssi"":-63,""wifiRssi"":-63,""batteryLevel"":100,""ip"":""192.168.1.2"",""version"":""2.0"",""source"":""gateway""}"
"2026-08-14T12:27:33.795Z","IN","m360/DF/0000/gateway/status","{""timestamp"":54007,""isConnected"":true,""connectionTime"":53999,""reconnectCount"":0,""lastErrorCode"":0,""uptime"":54007,""source"":""gateway"",""type"":""mqtt_metrics""}"
"2026-08-14T12:28:05.758Z","IN","m360/DF/0000/out/1/1/1/0/37","309"
"2026-08-14T12:28:05.759Z","IN","m360/DF/0000/out/1/1/1/0/37","309"
"2026-08-14T12:28:06.347Z","IN","m360/DF/0000/out/1/2/1/0/37","329"
"2026-08-14T12:28:06.347Z","IN","m360/DF/0000/out/1/2/1/0/37","329"
"2026-08-14T12:28:06.348Z","IN","m360/DF/0000/out/1/3/1/0/37","114"
"2026-08-14T12:28:06.348Z","IN","m360/DF/0000/out/1/3/1/0/37","114"
"2026-08-14T12:28:06.350Z","IN","m360/DF/0000/out/1/5/1/0/37","308"
"2026-08-14T12:28:06.350Z","IN","m360/DF/0000/out/1/5/1/0/37","308"
"2026-08-14T12:28:06.350Z","IN","m360/DF/0000/out/1/6/1/0/37","242"
"2026-08-14T12:28:06.351Z","IN","m360/DF/0000/out/1/6/1/0/37","242"
"2026-08-14T12:28:25.680Z","IN","m360/DF/0000/out/2/1/1/0/37","90"
"2026-08-14T12:28:25.680Z","IN","m360/DF/0000/out/2/1/1/0/37","90"
"2026-08-14T12:28:25.830Z","IN","m360/DF/0000/out/2/4/1/0/37","342"
"2026-08-14T12:28:25.831Z","IN","m360/DF/0000/out/2/4/1/0/37","342"
"2026-08-14T12:28:25.832Z","IN","m360/DF/0000/out/2/5/1/0/37","620"
"2026-08-14T12:28:25.834Z","IN","m360/DF/0000/out/2/5/1/0/37","620"
"2026-08-14T12:28:26.219Z","IN","m360/DF/0000/out/2/6/1/0/37","403"
"2026-08-14T12:28:26.220Z","IN","m360/DF/0000/out/2/6/1/0/37","403"
"2026-08-14T12:28:33.782Z","IN","m360/DF/0000/out","{""nodeId"":0,""sensorId"":255,""command"":3,""ack"":0,""type"":22,""payload"":"""",""timestamp"":54067,""description"":""heartbeat"",""event"":""heartbeat"",""uptime"":54067,""rssi"":-63,""wifiRssi"":-63,""batteryLevel"":100,""ip"":""192.168.1.2"",""version"":""2.0"",""source"":""gateway""}"
"2026-08-14T12:28:33.783Z","IN","m360/DF/0000/out","{""nodeId"":0,""sensorId"":255,""command"":3,""ack"":0,""type"":22,""payload"":"""",""timestamp"":54067,""description"":""heartbeat"",""event"":""heartbeat"",""uptime"":54067,""rssi"":-63,""wifiRssi"":-63,""batteryLevel"":100,""ip"":""192.168.1.2"",""version"":""2.0"",""source"":""gateway""}"
"2026-08-14T12:28:33.800Z","IN","m360/DF/0000/gateway/status","{""timestamp"":54067,""isConnected"":true,""connectionTime"":54059,""reconnectCount"":0,""lastErrorCode"":0,""uptime"":54067,""source"":""gateway"",""type"":""mqtt_metrics""}"
"2026-08-14T12:29:05.843Z","IN","m360/DF/0000/out/1/1/1/0/37","308"
"2026-08-14T12:29:05.843Z","IN","m360/DF/0000/out/1/1/1/0/37","308"
"2026-08-14T12:29:06.259Z","IN","m360/DF/0000/out/1/2/1/0/37","326"
"2026-08-14T12:29:06.259Z","IN","m360/DF/0000/out/1/2/1/0/37","326"
"2026-08-14T12:29:06.262Z","IN","m360/DF/0000/out/1/3/1/0/37","99"
"2026-08-14T12:29:06.262Z","IN","m360/DF/0000/out/1/3/1/0/37","99"
"2026-08-14T12:29:06.262Z","IN","m360/DF/0000/out/1/4/1/0/37","414"
"2026-08-14T12:29:06.262Z","IN","m360/DF/0000/out/1/4/1/0/37","414"
"2026-08-14T12:29:06.262Z","IN","m360/DF/0000/out/1/5/1/0/37","300"
"2026-08-14T12:29:06.263Z","IN","m360/DF/0000/out/1/5/1/0/37","300"
"2026-08-14T12:29:06.263Z","IN","m360/DF/0000/out/1/6/1/0/37","249"
"2026-08-14T12:29:06.263Z","IN","m360/DF/0000/out/1/6/1/0/37","249"
"2026-08-14T12:29:25.767Z","IN","m360/DF/0000/out/2/4/1/0/37","352"
"2026-08-14T12:29:25.768Z","IN","m360/DF/0000/out/2/4/1/0/37","352"
"2026-08-14T12:29:25.934Z","IN","m360/DF/0000/out/2/5/1/0/37","614"
"2026-08-14T12:29:25.938Z","IN","m360/DF/0000/out/2/5/1/0/37","614"
"2026-08-14T12:29:25.938Z","IN","m360/DF/0000/out/2/6/1/0/37","396"
"2026-08-14T12:29:25.939Z","IN","m360/DF/0000/out/2/6/1/0/37","396"
"2026-08-14T12:29:33.792Z","IN","m360/DF/0000/out/events","{""event"":""node_lost"",""nodeId"":99,""timestamp"":54127,""rssi"":-66,""details"":""Inactivity detected: timeout 300 s""}"
"2026-08-14T12:29:33.792Z","IN","m360/DF/0000/out/events","{""event"":""node_lost"",""nodeId"":99,""timestamp"":54127,""rssi"":-66,""details"":""Inactivity detected: timeout 300 s""}"
"2026-08-14T12:29:33.810Z","IN","m360/DF/0000/out","{""nodeId"":0,""sensorId"":255,""command"":3,""ack"":0,""type"":22,""payload"":"""",""timestamp"":54127,""description"":""heartbeat"",""event"":""heartbeat"",""uptime"":54127,""rssi"":-66,""wifiRssi"":-66,""batteryLevel"":100,""ip"":""192.168.1.2"",""version"":""2.0"",""source"":""gateway""}"
"2026-08-14T12:29:33.811Z","IN","m360/DF/0000/out","{""nodeId"":0,""sensorId"":255,""command"":3,""ack"":0,""type"":22,""payload"":"""",""timestamp"":54127,""description"":""heartbeat"",""event"":""heartbeat"",""uptime"":54127,""rssi"":-66,""wifiRssi"":-66,""batteryLevel"":100,""ip"":""192.168.1.2"",""version"":""2.0"",""source"":""gateway""}"
"2026-08-14T12:29:33.811Z","IN","m360/DF/0000/gateway/status","{""timestamp"":54127,""isConnected"":true,""connectionTime"":54119,""reconnectCount"":0,""lastErrorCode"":0,""uptime"":54127,""source"":""gateway"",""type"":""mqtt_metrics""}"
"2026-08-14T12:30:05.932Z","IN","m360/DF/0000/out/1/1/1/0/37","310"
"2026-08-14T12:30:05.934Z","IN","m360/DF/0000/out/1/1/1/0/37","310"
"2026-08-14T12:30:06.256Z","IN","m360/DF/0000/out/1/2/1/0/37","332"
"2026-08-14T12:30:06.259Z","IN","m360/DF/0000/out/1/2/1/0/37","332"
"2026-08-14T12:30:06.262Z","IN","m360/DF/0000/out/1/3/1/0/37","114"
"2026-08-14T12:30:06.262Z","IN","m360/DF/0000/out/1/3/1/0/37","114"
"2026-08-14T12:30:06.316Z","IN","m360/DF/0000/out/1/4/1/0/37","453"
"2026-08-14T12:30:06.326Z","IN","m360/DF/0000/out/1/4/1/0/37","453"
"2026-08-14T12:30:06.329Z","IN","m360/DF/0000/out/1/5/1/0/37","304"
"2026-08-14T12:30:06.330Z","IN","m360/DF/0000/out/1/5/1/0/37","304"
"2026-08-14T12:30:06.434Z","IN","m360/DF/0000/out/1/6/1/0/37","254"
"2026-08-14T12:30:06.440Z","IN","m360/DF/0000/out/1/6/1/0/37","254"
"2026-08-14T12:30:25.759Z","IN","m360/DF/0000/out/2/4/1/0/37","287"
"2026-08-14T12:30:25.760Z","IN","m360/DF/0000/out/2/4/1/0/37","287"
"2026-08-14T12:30:25.881Z","IN","m360/DF/0000/out/2/5/1/0/37","599"
"2026-08-14T12:30:25.882Z","IN","m360/DF/0000/out/2/5/1/0/37","599"
"2026-08-14T12:30:25.923Z","IN","m360/DF/0000/out/2/6/1/0/37","378"
"2026-08-14T12:30:25.925Z","IN","m360/DF/0000/out/2/6/1/0/37","378"
"2026-08-14T12:30:33.796Z","IN","m360/DF/0000/out","{""nodeId"":0,""sensorId"":255,""command"":3,""ack"":0,""type"":22,""payload"":"""",""timestamp"":54187,""description"":""heartbeat"",""event"":""heartbeat"",""uptime"":54187,""rssi"":-63,""wifiRssi"":-63,""batteryLevel"":100,""ip"":""192.168.1.2"",""version"":""2.0"",""source"":""gateway""}"
"2026-08-14T12:30:33.797Z","IN","m360/DF/0000/out","{""nodeId"":0,""sensorId"":255,""command"":3,""ack"":0,""type"":22,""payload"":"""",""timestamp"":54187,""description"":""heartbeat"",""event"":""heartbeat"",""uptime"":54187,""rssi"":-63,""wifiRssi"":-63,""batteryLevel"":100,""ip"":""192.168.1.2"",""version"":""2.0"",""source"":""gateway""}"
"2026-08-14T12:30:33.810Z","IN","m360/DF/0000/gateway/status","{""timestamp"":54187,""isConnected"":true,""connectionTime"":54179,""reconnectCount"":0,""lastErrorCode"":0,""uptime"":54187,""source"":""gateway"",""type"":""mqtt_metrics""}"
"2026-08-14T12:30:44.919Z","IN","m360/DF/0000/out/events","{""event"":""node_reconnected"",""nodeId"":99,""timestamp"":54198,""rssi"":-62,""details"":""Node back online or discovered""}"
"2026-08-14T12:30:44.920Z","IN","m360/DF/0000/out/events","{""event"":""node_reconnected"",""nodeId"":99,""timestamp"":54198,""rssi"":-62,""details"":""Node back online or discovered""}"
"2026-08-14T12:30:44.975Z","IN","m360/DF/0000/out/99/11/1/0/0","28"
"2026-08-14T12:30:44.976Z","IN","m360/DF/0000/out/99/11/1/0/0","28"
"2026-08-14T12:31:06.014Z","IN","m360/DF/0000/out/1/1/1/0/37","311"
"2026-08-14T12:31:06.015Z","IN","m360/DF/0000/out/1/1/1/0/37","311"
"2026-08-14T12:31:06.225Z","IN","m360/DF/0000/out/1/2/1/0/37","325"
"2026-08-14T12:31:06.227Z","IN","m360/DF/0000/out/1/2/1/0/37","325"
"2026-08-14T12:31:06.227Z","IN","m360/DF/0000/out/1/3/1/0/37","0"
"2026-08-14T12:31:06.228Z","IN","m360/DF/0000/out/1/3/1/0/37","0"
"2026-08-14T12:31:06.245Z","IN","m360/DF/0000/out/1/4/1/0/37","431"
"2026-08-14T12:31:06.245Z","IN","m360/DF/0000/out/1/4/1/0/37","431"
"2026-08-14T12:31:06.245Z","IN","m360/DF/0000/out/1/5/1/0/37","300"
"2026-08-14T12:31:06.246Z","IN","m360/DF/0000/out/1/5/1/0/37","300"
"2026-08-14T12:31:06.246Z","IN","m360/DF/0000/out/1/6/1/0/37","248"
"2026-08-14T12:31:06.248Z","IN","m360/DF/0000/out/1/6/1/0/37","248"
"2026-08-14T12:31:25.728Z","IN","m360/DF/0000/out/2/1/1/0/37","79"
"2026-08-14T12:31:25.728Z","IN","m360/DF/0000/out/2/1/1/0/37","79"
"2026-08-14T12:31:25.879Z","IN","m360/DF/0000/out/2/2/1/0/37","1019"
"2026-08-14T12:31:25.879Z","IN","m360/DF/0000/out/2/2/1/0/37","1019"
"2026-08-14T12:31:25.881Z","IN","m360/DF/0000/out/2/3/1/0/37","1020"
"2026-08-14T12:31:25.881Z","IN","m360/DF/0000/out/2/3/1/0/37","1020"
"2026-08-14T12:31:26.248Z","IN","m360/DF/0000/out/2/4/1/0/37","376"
"2026-08-14T12:31:26.249Z","IN","m360/DF/0000/out/2/4/1/0/37","376"
"2026-08-14T12:31:26.365Z","IN","m360/DF/0000/out/2/5/1/0/37","607"
"2026-08-14T12:31:26.365Z","IN","m360/DF/0000/out/2/5/1/0/37","607"
"2026-08-14T12:31:26.432Z","IN","m360/DF/0000/out/2/6/1/0/37","414"
"2026-08-14T12:31:26.432Z","IN","m360/DF/0000/out/2/6/1/0/37","414"
"2026-08-14T12:31:33.799Z","IN","m360/DF/0000/out","{""nodeId"":0,""sensorId"":255,""command"":3,""ack"":0,""type"":22,""payload"":"""",""timestamp"":54247,""description"":""heartbeat"",""event"":""heartbeat"",""uptime"":54247,""rssi"":-61,""wifiRssi"":-61,""batteryLevel"":100,""ip"":""192.168.1.2"",""version"":""2.0"",""source"":""gateway""}"
"2026-08-14T12:31:33.801Z","IN","m360/DF/0000/out","{""nodeId"":0,""sensorId"":255,""command"":3,""ack"":0,""type"":22,""payload"":"""",""timestamp"":54247,""description"":""heartbeat"",""event"":""heartbeat"",""uptime"":54247,""rssi"":-61,""wifiRssi"":-61,""batteryLevel"":100,""ip"":""192.168.1.2"",""version"":""2.0"",""source"":""gateway""}"
"2026-08-14T12:31:33.814Z","IN","m360/DF/0000/gateway/status","{""timestamp"":54247,""isConnected"":true,""connectionTime"":54239,""reconnectCount"":0,""lastErrorCode"":0,""uptime"":54247,""source"":""gateway"",""type"":""mqtt_metrics""}"
"2026-08-14T12:32:06.093Z","IN","m360/DF/0000/out/1/1/1/0/37","308"
"2026-08-14T12:32:06.093Z","IN","m360/DF/0000/out/1/1/1/0/37","308"
"2026-08-14T12:32:06.266Z","IN","m360/DF/0000/out/1/2/1/0/37","327"
"2026-08-14T12:32:06.317Z","IN","m360/DF/0000/out/1/2/1/0/37","327"
"2026-08-14T12:32:06.342Z","IN","m360/DF/0000/out/1/3/1/0/37","116"
"2026-08-14T12:32:06.418Z","IN","m360/DF/0000/out/1/3/1/0/37","116"
"2026-08-14T12:32:06.419Z","IN","m360/DF/0000/out/1/4/1/0/37","420"
"2026-08-14T12:32:06.419Z","IN","m360/DF/0000/out/1/4/1/0/37","420"
"2026-08-14T12:32:06.423Z","IN","m360/DF/0000/out/1/5/1/0/37","303"
"2026-08-14T12:32:06.423Z","IN","m360/DF/0000/out/1/5/1/0/37","303"
"2026-08-14T12:32:06.440Z","IN","m360/DF/0000/out/1/6/1/0/37","249"
"2026-08-14T12:32:06.441Z","IN","m360/DF/0000/out/1/6/1/0/37","249"
"2026-08-14T12:32:25.743Z","IN","m360/DF/0000/out/2/1/1/0/37","84"
"2026-08-14T12:32:25.743Z","IN","m360/DF/0000/out/2/1/1/0/37","84"
"2026-08-14T12:32:25.906Z","IN","m360/DF/0000/out/2/2/1/0/37","1021"
"2026-08-14T12:32:25.906Z","IN","m360/DF/0000/out/2/2/1/0/37","1021"
"2026-08-14T12:32:25.907Z","IN","m360/DF/0000/out/2/4/1/0/37","363"
"2026-08-14T12:32:25.907Z","IN","m360/DF/0000/out/2/4/1/0/37","363"
"2026-08-14T12:32:25.907Z","IN","m360/DF/0000/out/2/5/1/0/37","611"
"2026-08-14T12:32:25.907Z","IN","m360/DF/0000/out/2/5/1/0/37","611"
"2026-08-14T12:32:25.920Z","IN","m360/DF/0000/out/2/6/1/0/37","390"
"2026-08-14T12:32:25.920Z","IN","m360/DF/0000/out/2/6/1/0/37","390"
"2026-08-14T12:32:33.804Z","IN","m360/DF/0000/out","{""nodeId"":0,""sensorId"":255,""command"":3,""ack"":0,""type"":22,""payload"":"""",""timestamp"":54307,""description"":""heartbeat"",""event"":""heartbeat"",""uptime"":54307,""rssi"":-64,""wifiRssi"":-64,""batteryLevel"":100,""ip"":""192.168.1.2"",""version"":""2.0"",""source"":""gateway""}"
"2026-08-14T12:32:33.805Z","IN","m360/DF/0000/out","{""nodeId"":0,""sensorId"":255,""command"":3,""ack"":0,""type"":22,""payload"":"""",""timestamp"":54307,""description"":""heartbeat"",""event"":""heartbeat"",""uptime"":54307,""rssi"":-64,""wifiRssi"":-64,""batteryLevel"":100,""ip"":""192.168.1.2"",""version"":""2.0"",""source"":""gateway""}"
"2026-08-14T12:32:33.821Z","IN","m360/DF/0000/gateway/status","{""timestamp"":54307,""isConnected"":true,""connectionTime"":54299,""reconnectCount"":0,""lastErrorCode"":0,""uptime"":54307,""source"":""gateway"",""type"":""mqtt_metrics""}"
"2026-08-14T12:33:06.180Z","IN","m360/DF/0000/out/1/1/1/0/37","330"
"2026-08-14T12:33:06.180Z","IN","m360/DF/0000/out/1/1/1/0/37","330"
"2026-08-14T12:33:06.430Z","IN","m360/DF/0000/out/1/2/1/0/37","330"
"2026-08-14T12:33:06.431Z","IN","m360/DF/0000/out/1/2/1/0/37","330"
"2026-08-14T12:33:06.434Z","IN","m360/DF/0000/out/1/3/1/0/37","114"
"2026-08-14T12:33:06.434Z","IN","m360/DF/0000/out/1/3/1/0/37","114"
"2026-08-14T12:33:06.447Z","IN","m360/DF/0000/out/1/4/1/0/37","442"
"2026-08-14T12:33:06.447Z","IN","m360/DF/0000/out/1/4/1/0/37","442"
"2026-08-14T12:33:06.447Z","IN","m360/DF/0000/out/1/5/1/0/37","306"
"2026-08-14T12:33:06.448Z","IN","m360/DF/0000/out/1/5/1/0/37","306"
"2026-08-14T12:33:06.448Z","IN","m360/DF/0000/out/1/6/1/0/37","289"
"2026-08-14T12:33:06.448Z","IN","m360/DF/0000/out/1/6/1/0/37","289"
"2026-08-14T12:33:25.728Z","IN","m360/DF/0000/out/2/1/1/0/37","89"
"2026-08-14T12:33:25.729Z","IN","m360/DF/0000/out/2/1/1/0/37","89"
"2026-08-14T12:33:25.896Z","IN","m360/DF/0000/out/2/2/1/0/37","1019"
"2026-08-14T12:33:25.896Z","IN","m360/DF/0000/out/2/2/1/0/37","1019"
"2026-08-14T12:33:25.896Z","IN","m360/DF/0000/out/2/3/1/0/37","1019"
"2026-08-14T12:33:25.896Z","IN","m360/DF/0000/out/2/3/1/0/37","1019"
"2026-08-14T12:33:25.896Z","IN","m360/DF/0000/out/2/4/1/0/37","370"
"2026-08-14T12:33:25.896Z","IN","m360/DF/0000/out/2/4/1/0/37","370"
"2026-08-14T12:33:25.899Z","IN","m360/DF/0000/out/2/5/1/0/37","628"
"2026-08-14T12:33:25.899Z","IN","m360/DF/0000/out/2/5/1/0/37","628"
"2026-08-14T12:33:26.588Z","IN","m360/DF/0000/out/2/6/1/0/37","376"
"2026-08-14T12:33:26.589Z","IN","m360/DF/0000/out/2/6/1/0/37","376"
"2026-08-14T12:33:33.808Z","IN","m360/DF/0000/out","{""nodeId"":0,""sensorId"":255,""command"":3,""ack"":0,""type"":22,""payload"":"""",""timestamp"":54367,""description"":""heartbeat"",""event"":""heartbeat"",""uptime"":54367,""rssi"":-66,""wifiRssi"":-66,""batteryLevel"":100,""ip"":""192.168.1.2"",""version"":""2.0"",""source"":""gateway""}"
"2026-08-14T12:33:33.808Z","IN","m360/DF/0000/out","{""nodeId"":0,""sensorId"":255,""command"":3,""ack"":0,""type"":22,""payload"":"""",""timestamp"":54367,""description"":""heartbeat"",""event"":""heartbeat"",""uptime"":54367,""rssi"":-66,""wifiRssi"":-66,""batteryLevel"":100,""ip"":""192.168.1.2"",""version"":""2.0"",""source"":""gateway""}"
"2026-08-14T12:33:33.824Z","IN","m360/DF/0000/gateway/status","{""timestamp"":54367,""isConnected"":true,""connectionTime"":54359,""reconnectCount"":0,""lastErrorCode"":0,""uptime"":54367,""source"":""gateway"",""type"":""mqtt_metrics""}"
"2026-08-14T12:34:06.233Z","IN","m360/DF/0000/out/1/1/1/0/37","306"
"2026-08-14T12:34:06.234Z","IN","m360/DF/0000/out/1/1/1/0/37","306"
"2026-08-14T12:34:06.480Z","IN","m360/DF/0000/out/1/2/1/0/37","328"
"2026-08-14T12:34:06.484Z","IN","m360/DF/0000/out/1/2/1/0/37","328"
"2026-08-14T12:34:06.484Z","IN","m360/DF/0000/out/1/3/1/0/37","102"
"2026-08-14T12:34:06.484Z","IN","m360/DF/0000/out/1/3/1/0/37","102"
"2026-08-14T12:34:06.532Z","IN","m360/DF/0000/out/1/4/1/0/37","430"
"2026-08-14T12:34:06.533Z","IN","m360/DF/0000/out/1/4/1/0/37","430"
"2026-08-14T12:34:06.533Z","IN","m360/DF/0000/out/1/5/1/0/37","290"
"2026-08-14T12:34:06.533Z","IN","m360/DF/0000/out/1/5/1/0/37","290"
"2026-08-14T12:34:06.534Z","IN","m360/DF/0000/out/1/6/1/0/37","243"
"2026-08-14T12:34:06.534Z","IN","m360/DF/0000/out/1/6/1/0/37","243"
"2026-08-14T12:34:25.721Z","IN","m360/DF/0000/out/2/1/1/0/37","92"
"2026-08-14T12:34:25.722Z","IN","m360/DF/0000/out/2/1/1/0/37","92"
"2026-08-14T12:34:25.859Z","IN","m360/DF/0000/out/2/4/1/0/37","344"
"2026-08-14T12:34:25.860Z","IN","m360/DF/0000/out/2/4/1/0/37","344"
"2026-08-14T12:34:25.862Z","IN","m360/DF/0000/out/2/5/1/0/37","602"
"2026-08-14T12:34:25.862Z","IN","m360/DF/0000/out/2/5/1/0/37","602"
"2026-08-14T12:34:26.340Z","IN","m360/DF/0000/out/2/6/1/0/37","391"
"2026-08-14T12:34:26.340Z","IN","m360/DF/0000/out/2/6/1/0/37","391"
"2026-08-14T12:34:33.812Z","IN","m360/DF/0000/out","{""nodeId"":0,""sensorId"":255,""command"":3,""ack"":0,""type"":22,""payload"":"""",""timestamp"":54427,""description"":""heartbeat"",""event"":""heartbeat"",""uptime"":54427,""rssi"":-64,""wifiRssi"":-64,""batteryLevel"":100,""ip"":""192.168.1.2"",""version"":""2.0"",""source"":""gateway""}"
"2026-08-14T12:34:33.812Z","IN","m360/DF/0000/out","{""nodeId"":0,""sensorId"":255,""command"":3,""ack"":0,""type"":22,""payload"":"""",""timestamp"":54427,""description"":""heartbeat"",""event"":""heartbeat"",""uptime"":54427,""rssi"":-64,""wifiRssi"":-64,""batteryLevel"":100,""ip"":""192.168.1.2"",""version"":""2.0"",""source"":""gateway""}"
"2026-08-14T12:34:33.830Z","IN","m360/DF/0000/gateway/status","{""timestamp"":54427,""isConnected"":true,""connectionTime"":54419,""reconnectCount"":0,""lastErrorCode"":0,""uptime"":54427,""source"":""gateway"",""type"":""mqtt_metrics""}"
"2026-08-14T12:35:06.299Z","IN","m360/DF/0000/out/1/1/1/0/37","304"
"2026-08-14T12:35:06.300Z","IN","m360/DF/0000/out/1/1/1/0/37","304"
"2026-08-14T12:35:07.056Z","IN","m360/DF/0000/out/1/2/1/0/37","332"
"2026-08-14T12:35:07.057Z","IN","m360/DF/0000/out/1/2/1/0/37","332"
"2026-08-14T12:35:07.057Z","IN","m360/DF/0000/out/1/3/1/0/37","114"
"2026-08-14T12:35:07.057Z","IN","m360/DF/0000/out/1/3/1/0/37","114"
"2026-08-14T12:35:07.062Z","IN","m360/DF/0000/out/1/4/1/0/37","415"
"2026-08-14T12:35:07.062Z","IN","m360/DF/0000/out/1/4/1/0/37","415"
"2026-08-14T12:35:07.062Z","IN","m360/DF/0000/out/1/5/1/0/37","307"
"2026-08-14T12:35:07.062Z","IN","m360/DF/0000/out/1/5/1/0/37","307"
"2026-08-14T12:35:07.062Z","IN","m360/DF/0000/out/1/6/1/0/37","256"
"2026-08-14T12:35:07.062Z","IN","m360/DF/0000/out/1/6/1/0/37","256"
"2026-08-14T12:35:25.718Z","IN","m360/DF/0000/out/2/1/1/0/37","90"
"2026-08-14T12:35:25.718Z","IN","m360/DF/0000/out/2/1/1/0/37","90"
"2026-08-14T12:35:25.854Z","IN","m360/DF/0000/out/2/3/1/0/37","1023"
"2026-08-14T12:35:25.854Z","IN","m360/DF/0000/out/2/3/1/0/37","1023"
"2026-08-14T12:35:25.856Z","IN","m360/DF/0000/out/2/4/1/0/37","369"
"2026-08-14T12:35:25.856Z","IN","m360/DF/0000/out/2/4/1/0/37","369"
"2026-08-14T12:35:26.331Z","IN","m360/DF/0000/out/2/5/1/0/37","630"
"2026-08-14T12:35:26.331Z","IN","m360/DF/0000/out/2/5/1/0/37","630"
"2026-08-14T12:35:26.331Z","IN","m360/DF/0000/out/2/6/1/0/37","404"
"2026-08-14T12:35:26.331Z","IN","m360/DF/0000/out/2/6/1/0/37","404"
"2026-08-14T12:35:33.821Z","IN","m360/DF/0000/out","{""nodeId"":0,""sensorId"":255,""command"":3,""ack"":0,""type"":22,""payload"":"""",""timestamp"":54487,""description"":""heartbeat"",""event"":""heartbeat"",""uptime"":54487,""rssi"":-64,""wifiRssi"":-64,""batteryLevel"":100,""ip"":""192.168.1.2"",""version"":""2.0"",""source"":""gateway""}"
"2026-08-14T12:35:33.822Z","IN","m360/DF/0000/out","{""nodeId"":0,""sensorId"":255,""command"":3,""ack"":0,""type"":22,""payload"":"""",""timestamp"":54487,""description"":""heartbeat"",""event"":""heartbeat"",""uptime"":54487,""rssi"":-64,""wifiRssi"":-64,""batteryLevel"":100,""ip"":""192.168.1.2"",""version"":""2.0"",""source"":""gateway""}"
"2026-08-14T12:35:33.836Z","IN","m360/DF/0000/gateway/status","{""timestamp"":54487,""isConnected"":true,""connectionTime"":54479,""reconnectCount"":0,""lastErrorCode"":0,""uptime"":54487,""source"":""gateway"",""type"":""mqtt_metrics""}"
"2026-08-14T12:36:06.359Z","IN","m360/DF/0000/out/1/1/1/0/37","305"
"2026-08-14T12:36:06.362Z","IN","m360/DF/0000/out/1/1/1/0/37","305"
"2026-08-14T12:36:06.538Z","IN","m360/DF/0000/out/1/2/1/0/37","327"
"2026-08-14T12:36:06.539Z","IN","m360/DF/0000/out/1/2/1/0/37","327"
"2026-08-14T12:36:06.540Z","IN","m360/DF/0000/out/1/3/1/0/37","105"
"2026-08-14T12:36:06.540Z","IN","m360/DF/0000/out/1/3/1/0/37","105"
"2026-08-14T12:36:06.543Z","IN","m360/DF/0000/out/1/4/1/0/37","433"
"2026-08-14T12:36:06.543Z","IN","m360/DF/0000/out/1/4/1/0/37","433"
"2026-08-14T12:36:06.543Z","IN","m360/DF/0000/out/1/5/1/0/37","308"
"2026-08-14T12:36:06.544Z","IN","m360/DF/0000/out/1/5/1/0/37","308"
"2026-08-14T12:36:06.982Z","IN","m360/DF/0000/out/1/6/1/0/37","250"
"2026-08-14T12:36:06.982Z","IN","m360/DF/0000/out/1/6/1/0/37","250"
"2026-08-14T12:36:25.747Z","IN","m360/DF/0000/out/2/2/1/0/37","1018"
"2026-08-14T12:36:25.747Z","IN","m360/DF/0000/out/2/2/1/0/37","1018"
"2026-08-14T12:36:25.842Z","IN","m360/DF/0000/out/2/3/1/0/37","1020"
"2026-08-14T12:36:25.843Z","IN","m360/DF/0000/out/2/3/1/0/37","1020"
"2026-08-14T12:36:26.229Z","IN","m360/DF/0000/out/2/4/1/0/37","376"
"2026-08-14T12:36:26.229Z","IN","m360/DF/0000/out/2/4/1/0/37","376"
"2026-08-14T12:36:26.229Z","IN","m360/DF/0000/out/2/5/1/0/37","615"
"2026-08-14T12:36:26.229Z","IN","m360/DF/0000/out/2/5/1/0/37","615"
"2026-08-14T12:36:26.229Z","IN","m360/DF/0000/out/2/6/1/0/37","399"
"2026-08-14T12:36:26.229Z","IN","m360/DF/0000/out/2/6/1/0/37","399"
"2026-08-14T12:36:33.826Z","IN","m360/DF/0000/out/events","{""event"":""node_lost"",""nodeId"":99,""timestamp"":54547,""rssi"":-67,""details"":""Inactivity detected: timeout 300 s""}"
"2026-08-14T12:36:33.828Z","IN","m360/DF/0000/out/events","{""event"":""node_lost"",""nodeId"":99,""timestamp"":54547,""rssi"":-67,""details"":""Inactivity detected: timeout 300 s""}"
"2026-08-14T12:36:33.847Z","IN","m360/DF/0000/out","{""nodeId"":0,""sensorId"":255,""command"":3,""ack"":0,""type"":22,""payload"":"""",""timestamp"":54547,""description"":""heartbeat"",""event"":""heartbeat"",""uptime"":54547,""rssi"":-67,""wifiRssi"":-67,""batteryLevel"":100,""ip"":""192.168.1.2"",""version"":""2.0"",""source"":""gateway""}"
"2026-08-14T12:36:33.847Z","IN","m360/DF/0000/out","{""nodeId"":0,""sensorId"":255,""command"":3,""ack"":0,""type"":22,""payload"":"""",""timestamp"":54547,""description"":""heartbeat"",""event"":""heartbeat"",""uptime"":54547,""rssi"":-67,""wifiRssi"":-67,""batteryLevel"":100,""ip"":""192.168.1.2"",""version"":""2.0"",""source"":""gateway""}"
"2026-08-14T12:36:33.850Z","IN","m360/DF/0000/gateway/status","{""timestamp"":54547,""isConnected"":true,""connectionTime"":54539,""reconnectCount"":0,""lastErrorCode"":0,""uptime"":54547,""source"":""gateway"",""type"":""mqtt_metrics""}"
"2026-08-14T12:37:06.438Z","IN","m360/DF/0000/out/1/1/1/0/37","307"
"2026-08-14T12:37:06.438Z","IN","m360/DF/0000/out/1/1/1/0/37","307"
"2026-08-14T12:37:06.595Z","IN","m360/DF/0000/out/1/2/1/0/37","328"
"2026-08-14T12:37:06.596Z","IN","m360/DF/0000/out/1/2/1/0/37","328"
"2026-08-14T12:37:06.620Z","IN","m360/DF/0000/out/1/3/1/0/37","114"
"2026-08-14T12:37:06.620Z","IN","m360/DF/0000/out/1/3/1/0/37","114"
"2026-08-14T12:37:06.626Z","IN","m360/DF/0000/out/1/4/1/0/37","441"
"2026-08-14T12:37:06.626Z","IN","m360/DF/0000/out/1/4/1/0/37","441"
"2026-08-14T12:37:06.967Z","IN","m360/DF/0000/out/1/5/1/0/37","306"
"2026-08-14T12:37:06.967Z","IN","m360/DF/0000/out/1/5/1/0/37","306"
"2026-08-14T12:37:07.145Z","IN","m360/DF/0000/out/1/6/1/0/37","259"
"2026-08-14T12:37:07.145Z","IN","m360/DF/0000/out/1/6/1/0/37","259"
"2026-08-14T12:37:25.760Z","IN","m360/DF/0000/out/2/3/1/0/37","1018"
"2026-08-14T12:37:25.760Z","IN","m360/DF/0000/out/2/3/1/0/37","1018"
"2026-08-14T12:37:25.891Z","IN","m360/DF/0000/out/2/4/1/0/37","350"
"2026-08-14T12:37:25.891Z","IN","m360/DF/0000/out/2/4/1/0/37","350"
"2026-08-14T12:37:25.892Z","IN","m360/DF/0000/out/2/5/1/0/37","601"
"2026-08-14T12:37:25.892Z","IN","m360/DF/0000/out/2/5/1/0/37","601"
"2026-08-14T12:37:25.892Z","IN","m360/DF/0000/out/2/6/1/0/37","393"
"2026-08-14T12:37:25.892Z","IN","m360/DF/0000/out/2/6/1/0/37","393"
"2026-08-14T12:37:33.825Z","IN","m360/DF/0000/out","{""nodeId"":0,""sensorId"":255,""command"":3,""ack"":0,""type"":22,""payload"":"""",""timestamp"":54607,""description"":""heartbeat"",""event"":""heartbeat"",""uptime"":54607,""rssi"":-63,""wifiRssi"":-63,""batteryLevel"":100,""ip"":""192.168.1.2"",""version"":""2.0"",""source"":""gateway""}"
"2026-08-14T12:37:33.825Z","IN","m360/DF/0000/out","{""nodeId"":0,""sensorId"":255,""command"":3,""ack"":0,""type"":22,""payload"":"""",""timestamp"":54607,""description"":""heartbeat"",""event"":""heartbeat"",""uptime"":54607,""rssi"":-63,""wifiRssi"":-63,""batteryLevel"":100,""ip"":""192.168.1.2"",""version"":""2.0"",""source"":""gateway""}"
"2026-08-14T12:37:33.842Z","IN","m360/DF/0000/gateway/status","{""timestamp"":54607,""isConnected"":true,""connectionTime"":54599,""reconnectCount"":0,""lastErrorCode"":0,""uptime"":54607,""source"":""gateway"",""type"":""mqtt_metrics""}"
"2026-08-14T12:38:06.501Z","IN","m360/DF/0000/out/1/1/1/0/37","303"
"2026-08-14T12:38:06.502Z","IN","m360/DF/0000/out/1/1/1/0/37","303"
"2026-08-14T12:38:06.636Z","IN","m360/DF/0000/out/1/2/1/0/37","332"
"2026-08-14T12:38:06.636Z","IN","m360/DF/0000/out/1/2/1/0/37","332"
"2026-08-14T12:38:06.639Z","IN","m360/DF/0000/out/1/3/1/0/37","104"
"2026-08-14T12:38:06.639Z","IN","m360/DF/0000/out/1/3/1/0/37","104"
"2026-08-14T12:38:06.639Z","IN","m360/DF/0000/out/1/4/1/0/37","421"
"2026-08-14T12:38:06.639Z","IN","m360/DF/0000/out/1/4/1/0/37","421"
"2026-08-14T12:38:07.076Z","IN","m360/DF/0000/out/1/5/1/0/37","299"
"2026-08-14T12:38:07.077Z","IN","m360/DF/0000/out/1/5/1/0/37","299"
"2026-08-14T12:38:07.077Z","IN","m360/DF/0000/out/1/6/1/0/37","245"
"2026-08-14T12:38:07.077Z","IN","m360/DF/0000/out/1/6/1/0/37","245"
"2026-08-14T12:38:25.742Z","IN","m360/DF/0000/out/2/1/1/0/37","116"
"2026-08-14T12:38:25.743Z","IN","m360/DF/0000/out/2/1/1/0/37","116"
"2026-08-14T12:38:25.844Z","IN","m360/DF/0000/out/2/2/1/0/37","1019"
"2026-08-14T12:38:25.844Z","IN","m360/DF/0000/out/2/2/1/0/37","1019"
"2026-08-14T12:38:26.156Z","IN","m360/DF/0000/out/2/3/1/0/37","1019"
"2026-08-14T12:38:26.156Z","IN","m360/DF/0000/out/2/3/1/0/37","1019"
"2026-08-14T12:38:26.158Z","IN","m360/DF/0000/out/2/4/1/0/37","376"
"2026-08-14T12:38:26.158Z","IN","m360/DF/0000/out/2/4/1/0/37","376"
"2026-08-14T12:38:26.158Z","IN","m360/DF/0000/out/2/5/1/0/37","628"
"2026-08-14T12:38:26.159Z","IN","m360/DF/0000/out/2/5/1/0/37","628"
"2026-08-14T12:38:26.159Z","IN","m360/DF/0000/out/2/6/1/0/37","414"
"2026-08-14T12:38:26.159Z","IN","m360/DF/0000/out/2/6/1/0/37","414"
"2026-08-14T12:38:33.829Z","IN","m360/DF/0000/out","{""nodeId"":0,""sensorId"":255,""command"":3,""ack"":0,""type"":22,""payload"":"""",""timestamp"":54667,""description"":""heartbeat"",""event"":""heartbeat"",""uptime"":54667,""rssi"":-62,""wifiRssi"":-62,""batteryLevel"":100,""ip"":""192.168.1.2"",""version"":""2.0"",""source"":""gateway""}"
"2026-08-14T12:38:33.829Z","IN","m360/DF/0000/out","{""nodeId"":0,""sensorId"":255,""command"":3,""ack"":0,""type"":22,""payload"":"""",""timestamp"":54667,""description"":""heartbeat"",""event"":""heartbeat"",""uptime"":54667,""rssi"":-62,""wifiRssi"":-62,""batteryLevel"":100,""ip"":""192.168.1.2"",""version"":""2.0"",""source"":""gateway""}"
"2026-08-14T12:38:33.846Z","IN","m360/DF/0000/gateway/status","{""timestamp"":54667,""isConnected"":true,""connectionTime"":54659,""reconnectCount"":0,""lastErrorCode"":0,""uptime"":54667,""source"":""gateway"",""type"":""mqtt_metrics""}"
"2026-08-14T12:39:06.585Z","IN","m360/DF/0000/out/1/1/1/0/37","304"
"2026-08-14T12:39:06.588Z","IN","m360/DF/0000/out/1/1/1/0/37","304"
"2026-08-14T12:39:06.847Z","IN","m360/DF/0000/out/1/2/1/0/37","329"
"2026-08-14T12:39:06.847Z","IN","m360/DF/0000/out/1/2/1/0/37","329"
"2026-08-14T12:39:06.847Z","IN","m360/DF/0000/out/1/3/1/0/37","116"
"2026-08-14T12:39:06.848Z","IN","m360/DF/0000/out/1/3/1/0/37","116"
"2026-08-14T12:39:06.848Z","IN","m360/DF/0000/out/1/4/1/0/37","441"
"2026-08-14T12:39:06.848Z","IN","m360/DF/0000/out/1/4/1/0/37","441"
"2026-08-14T12:39:06.849Z","IN","m360/DF/0000/out/1/5/1/0/37","304"
"2026-08-14T12:39:06.849Z","IN","m360/DF/0000/out/1/5/1/0/37","304"
"2026-08-14T12:39:06.849Z","IN","m360/DF/0000/out/1/6/1/0/37","257"
"2026-08-14T12:39:06.916Z","IN","m360/DF/0000/out/1/6/1/0/37","257"
"2026-08-14T12:39:33.833Z","IN","m360/DF/0000/out","{""nodeId"":0,""sensorId"":255,""command"":3,""ack"":0,""type"":22,""payload"":"""",""timestamp"":54727,""description"":""heartbeat"",""event"":""heartbeat"",""uptime"":54727,""rssi"":-63,""wifiRssi"":-63,""batteryLevel"":100,""ip"":""192.168.1.2"",""version"":""2.0"",""source"":""gateway""}"
"2026-08-14T12:39:33.834Z","IN","m360/DF/0000/out","{""nodeId"":0,""sensorId"":255,""command"":3,""ack"":0,""type"":22,""payload"":"""",""timestamp"":54727,""description"":""heartbeat"",""event"":""heartbeat"",""uptime"":54727,""rssi"":-63,""wifiRssi"":-63,""batteryLevel"":100,""ip"":""192.168.1.2"",""version"":""2.0"",""source"":""gateway""}"
"2026-08-14T12:39:33.904Z","IN","m360/DF/0000/gateway/status","{""timestamp"":54727,""isConnected"":true,""connectionTime"":54719,""reconnectCount"":0,""lastErrorCode"":0,""uptime"":54727,""source"":""gateway"",""type"":""mqtt_metrics""}"
"2026-08-14T12:40:06.682Z","IN","m360/DF/0000/out/1/1/1/0/37","307"
"2026-08-14T12:40:06.683Z","IN","m360/DF/0000/out/1/1/1/0/37","307"
"2026-08-14T12:40:07.039Z","IN","m360/DF/0000/out/1/3/1/0/37","99"
"2026-08-14T12:40:07.043Z","IN","m360/DF/0000/out/1/3/1/0/37","99"
"2026-08-14T12:40:07.049Z","IN","m360/DF/0000/out/1/4/1/0/37","425"
"2026-08-14T12:40:07.049Z","IN","m360/DF/0000/out/1/4/1/0/37","425"
"2026-08-14T12:40:07.128Z","IN","m360/DF/0000/out/1/5/1/0/37","301"
"2026-08-14T12:40:07.128Z","IN","m360/DF/0000/out/1/5/1/0/37","301"
"2026-08-14T12:40:07.129Z","IN","m360/DF/0000/out/1/6/1/0/37","250"
"2026-08-14T12:40:07.129Z","IN","m360/DF/0000/out/1/6/1/0/37","250"
"2026-08-14T12:40:25.791Z","IN","m360/DF/0000/out/2/1/1/0/37","72"
"2026-08-14T12:40:25.796Z","IN","m360/DF/0000/out/2/1/1/0/37","72"
"2026-08-14T12:40:25.941Z","IN","m360/DF/0000/out/2/2/1/0/37","1023"
"2026-08-14T12:40:25.941Z","IN","m360/DF/0000/out/2/2/1/0/37","1023"
"2026-08-14T12:40:25.948Z","IN","m360/DF/0000/out/2/4/1/0/37","370"
"2026-08-14T12:40:25.948Z","IN","m360/DF/0000/out/2/4/1/0/37","370"
"2026-08-14T12:40:25.948Z","IN","m360/DF/0000/out/2/6/1/0/37","394"
"2026-08-14T12:40:25.948Z","IN","m360/DF/0000/out/2/6/1/0/37","394"
"2026-08-14T12:40:33.840Z","IN","m360/DF/0000/out","{""nodeId"":0,""sensorId"":255,""command"":3,""ack"":0,""type"":22,""payload"":"""",""timestamp"":54787,""description"":""heartbeat"",""event"":""heartbeat"",""uptime"":54787,""rssi"":-62,""wifiRssi"":-62,""batteryLevel"":100,""ip"":""192.168.1.2"",""version"":""2.0"",""source"":""gateway""}"
"2026-08-14T12:40:33.841Z","IN","m360/DF/0000/out","{""nodeId"":0,""sensorId"":255,""command"":3,""ack"":0,""type"":22,""payload"":"""",""timestamp"":54787,""description"":""heartbeat"",""event"":""heartbeat"",""uptime"":54787,""rssi"":-62,""wifiRssi"":-62,""batteryLevel"":100,""ip"":""192.168.1.2"",""version"":""2.0"",""source"":""gateway""}"
"2026-08-14T12:40:33.856Z","IN","m360/DF/0000/gateway/status","{""timestamp"":54787,""isConnected"":true,""connectionTime"":54779,""reconnectCount"":0,""lastErrorCode"":0,""uptime"":54787,""source"":""gateway"",""type"":""mqtt_metrics""}"
"2026-08-14T12:41:06.767Z","IN","m360/DF/0000/out/1/1/1/0/37","305"
"2026-08-14T12:41:06.767Z","IN","m360/DF/0000/out/1/1/1/0/37","305"
"2026-08-14T12:41:07.171Z","IN","m360/DF/0000/out/1/2/1/0/37","330"
"2026-08-14T12:41:07.171Z","IN","m360/DF/0000/out/1/2/1/0/37","330"
"2026-08-14T12:41:07.173Z","IN","m360/DF/0000/out/1/3/1/0/37","103"
"2026-08-14T12:41:07.174Z","IN","m360/DF/0000/out/1/3/1/0/37","103"
"2026-08-14T12:41:07.174Z","IN","m360/DF/0000/out/1/4/1/0/37","433"
"2026-08-14T12:41:07.174Z","IN","m360/DF/0000/out/1/4/1/0/37","433"
"2026-08-14T12:41:07.174Z","IN","m360/DF/0000/out/1/5/1/0/37","300"
"2026-08-14T12:41:07.174Z","IN","m360/DF/0000/out/1/5/1/0/37","300"
"2026-08-14T12:41:25.788Z","IN","m360/DF/0000/out/2/1/1/0/37","90"
"2026-08-14T12:41:25.789Z","IN","m360/DF/0000/out/2/1/1/0/37","90"
"2026-08-14T12:41:25.933Z","IN","m360/DF/0000/out/2/2/1/0/37","1019"
"2026-08-14T12:41:25.937Z","IN","m360/DF/0000/out/2/2/1/0/37","1019"
"2026-08-14T12:41:25.938Z","IN","m360/DF/0000/out/2/4/1/0/37","363"
"2026-08-14T12:41:25.938Z","IN","m360/DF/0000/out/2/4/1/0/37","363"
"2026-08-14T12:41:26.438Z","IN","m360/DF/0000/out/2/5/1/0/37","623"
"2026-08-14T12:41:26.438Z","IN","m360/DF/0000/out/2/5/1/0/37","623"
"2026-08-14T12:41:26.438Z","IN","m360/DF/0000/out/2/6/1/0/37","400"
"2026-08-14T12:41:26.438Z","IN","m360/DF/0000/out/2/6/1/0/37","400"
"2026-08-14T12:41:33.843Z","IN","m360/DF/0000/out","{""nodeId"":0,""sensorId"":255,""command"":3,""ack"":0,""type"":22,""payload"":"""",""timestamp"":54847,""description"":""heartbeat"",""event"":""heartbeat"",""uptime"":54847,""rssi"":-64,""wifiRssi"":-64,""batteryLevel"":100,""ip"":""192.168.1.2"",""version"":""2.0"",""source"":""gateway""}"
"2026-08-14T12:41:33.843Z","IN","m360/DF/0000/out","{""nodeId"":0,""sensorId"":255,""command"":3,""ack"":0,""type"":22,""payload"":"""",""timestamp"":54847,""description"":""heartbeat"",""event"":""heartbeat"",""uptime"":54847,""rssi"":-64,""wifiRssi"":-64,""batteryLevel"":100,""ip"":""192.168.1.2"",""version"":""2.0"",""source"":""gateway""}"
"2026-08-14T12:41:33.862Z","IN","m360/DF/0000/gateway/status","{""timestamp"":54847,""isConnected"":true,""connectionTime"":54839,""reconnectCount"":0,""lastErrorCode"":0,""uptime"":54847,""source"":""gateway"",""type"":""mqtt_metrics""}"
"2026-08-14T14:08:43.896Z","IN","m360/DF/0000/out","{""nodeId"":0,""sensorId"":255,""command"":3,""ack"":0,""type"":22,""payload"":"""",""timestamp"":60,""description"":""heartbeat"",""event"":""heartbeat"",""uptime"":60,""rssi"":-55,""wifiRssi"":-55,""batteryLevel"":100,""ip"":""192.168.1.52"",""version"":""2.0"",""source"":""gateway""}"
"2026-08-14T14:08:43.896Z","IN","m360/DF/0000/out","{""nodeId"":0,""sensorId"":255,""command"":3,""ack"":0,""type"":22,""payload"":"""",""timestamp"":60,""description"":""heartbeat"",""event"":""heartbeat"",""uptime"":60,""rssi"":-55,""wifiRssi"":-55,""batteryLevel"":100,""ip"":""192.168.1.52"",""version"":""2.0"",""source"":""gateway""}"
"2026-08-14T14:08:43.943Z","IN","m360/DF/0000/gateway/status","{""timestamp"":60,""isConnected"":true,""connectionTime"":51,""reconnectCount"":0,""lastErrorCode"":0,""uptime"":60,""source"":""gateway"",""type"":""mqtt_metrics""}"
"2026-08-14T14:19:54.332Z","IN","m360/DF/0000/out","{""nodeId"":0,""sensorId"":255,""command"":3,""ack"":0,""type"":22,""payload"":"""",""timestamp"":60,""description"":""heartbeat"",""event"":""heartbeat"",""uptime"":60,""rssi"":-60,""wifiRssi"":-60,""batteryLevel"":100,""ip"":""192.168.1.52"",""version"":""2.0"",""source"":""gateway""}"
"2026-08-14T14:19:54.336Z","IN","m360/DF/0000/out","{""nodeId"":0,""sensorId"":255,""command"":3,""ack"":0,""type"":22,""payload"":"""",""timestamp"":60,""description"":""heartbeat"",""event"":""heartbeat"",""uptime"":60,""rssi"":-60,""wifiRssi"":-60,""batteryLevel"":100,""ip"":""192.168.1.52"",""version"":""2.0"",""source"":""gateway""}"
"2026-08-14T14:19:54.399Z","IN","m360/DF/0000/gateway/status","{""timestamp"":60,""isConnected"":true,""connectionTime"":48,""reconnectCount"":0,""lastErrorCode"":0,""uptime"":60,""source"":""gateway"",""type"":""mqtt_metrics""}"
"2026-08-14T14:20:54.331Z","IN","m360/DF/0000/out","{""nodeId"":0,""sensorId"":255,""command"":3,""ack"":0,""type"":22,""payload"":"""",""timestamp"":120,""description"":""heartbeat"",""event"":""heartbeat"",""uptime"":120,""rssi"":-58,""wifiRssi"":-58,""batteryLevel"":100,""ip"":""192.168.1.52"",""version"":""2.0"",""source"":""gateway""}"
"2026-08-14T14:20:54.331Z","IN","m360/DF/0000/out","{""nodeId"":0,""sensorId"":255,""command"":3,""ack"":0,""type"":22,""payload"":"""",""timestamp"":120,""description"":""heartbeat"",""event"":""heartbeat"",""uptime"":120,""rssi"":-58,""wifiRssi"":-58,""batteryLevel"":100,""ip"":""192.168.1.52"",""version"":""2.0"",""source"":""gateway""}"
"2026-08-14T14:20:54.392Z","IN","m360/DF/0000/gateway/status","{""timestamp"":120,""isConnected"":true,""connectionTime"":108,""reconnectCount"":0,""lastErrorCode"":0,""uptime"":120,""source"":""gateway"",""type"":""mqtt_metrics""}"
"2026-08-14T14:21:12.268Z","OUT","m360/DF/0000/in/99/31/1/0/2","1"
"2026-08-14T14:21:17.272Z","OUT","m360/DF/0000/in/99/31/1/0/2","1"
"2026-08-14T14:21:27.273Z","OUT","m360/DF/0000/in/99/31/1/0/2","1"
"2026-08-14T14:21:54.332Z","IN","m360/DF/0000/out","{""nodeId"":0,""sensorId"":255,""command"":3,""ack"":0,""type"":22,""payload"":"""",""timestamp"":180,""description"":""heartbeat"",""event"":""heartbeat"",""uptime"":180,""rssi"":-60,""wifiRssi"":-60,""batteryLevel"":100,""ip"":""192.168.1.52"",""version"":""2.0"",""source"":""gateway""}"
"2026-08-14T14:21:54.332Z","IN","m360/DF/0000/out","{""nodeId"":0,""sensorId"":255,""command"":3,""ack"":0,""type"":22,""payload"":"""",""timestamp"":180,""description"":""heartbeat"",""event"":""heartbeat"",""uptime"":180,""rssi"":-60,""wifiRssi"":-60,""batteryLevel"":100,""ip"":""192.168.1.52"",""version"":""2.0"",""source"":""gateway""}"
"2026-08-14T14:21:54.391Z","IN","m360/DF/0000/gateway/status","{""timestamp"":180,""isConnected"":true,""connectionTime"":168,""reconnectCount"":0,""lastErrorCode"":0,""uptime"":180,""source"":""gateway"",""type"":""mqtt_metrics""}"
"2026-08-14T14:22:54.332Z","IN","m360/DF/0000/out","{""nodeId"":0,""sensorId"":255,""command"":3,""ack"":0,""type"":22,""payload"":"""",""timestamp"":240,""description"":""heartbeat"",""event"":""heartbeat"",""uptime"":240,""rssi"":-58,""wifiRssi"":-58,""batteryLevel"":100,""ip"":""192.168.1.52"",""version"":""2.0"",""source"":""gateway""}"
"2026-08-14T14:22:54.332Z","IN","m360/DF/0000/out","{""nodeId"":0,""sensorId"":255,""command"":3,""ack"":0,""type"":22,""payload"":"""",""timestamp"":240,""description"":""heartbeat"",""event"":""heartbeat"",""uptime"":240,""rssi"":-58,""wifiRssi"":-58,""batteryLevel"":100,""ip"":""192.168.1.52"",""version"":""2.0"",""source"":""gateway""}"
"2026-08-14T14:22:54.393Z","IN","m360/DF/0000/gateway/status","{""timestamp"":240,""isConnected"":true,""connectionTime"":228,""reconnectCount"":0,""lastErrorCode"":0,""uptime"":240,""source"":""gateway"",""type"":""mqtt_metrics""}"
"2026-08-14T14:23:54.338Z","IN","m360/DF/0000/out","{""nodeId"":0,""sensorId"":255,""command"":3,""ack"":0,""type"":22,""payload"":"""",""timestamp"":300,""description"":""heartbeat"",""event"":""heartbeat"",""uptime"":300,""rssi"":-58,""wifiRssi"":-58,""batteryLevel"":100,""ip"":""192.168.1.52"",""version"":""2.0"",""source"":""gateway""}"
"2026-08-14T14:23:54.339Z","IN","m360/DF/0000/out","{""nodeId"":0,""sensorId"":255,""command"":3,""ack"":0,""type"":22,""payload"":"""",""timestamp"":300,""description"":""heartbeat"",""event"":""heartbeat"",""uptime"":300,""rssi"":-58,""wifiRssi"":-58,""batteryLevel"":100,""ip"":""192.168.1.52"",""version"":""2.0"",""source"":""gateway""}"
"2026-08-14T14:23:54.396Z","IN","m360/DF/0000/gateway/status","{""timestamp"":300,""isConnected"":true,""connectionTime"":288,""reconnectCount"":0,""lastErrorCode"":0,""uptime"":300,""source"":""gateway"",""type"":""mqtt_metrics""}"
"2026-08-14T14:24:54.342Z","IN","m360/DF/0000/out","{""nodeId"":0,""sensorId"":255,""command"":3,""ack"":0,""type"":22,""payload"":"""",""timestamp"":360,""description"":""heartbeat"",""event"":""heartbeat"",""uptime"":360,""rssi"":-58,""wifiRssi"":-58,""batteryLevel"":100,""ip"":""192.168.1.52"",""version"":""2.0"",""source"":""gateway""}"
"2026-08-14T14:24:54.344Z","IN","m360/DF/0000/out","{""nodeId"":0,""sensorId"":255,""command"":3,""ack"":0,""type"":22,""payload"":"""",""timestamp"":360,""description"":""heartbeat"",""event"":""heartbeat"",""uptime"":360,""rssi"":-58,""wifiRssi"":-58,""batteryLevel"":100,""ip"":""192.168.1.52"",""version"":""2.0"",""source"":""gateway""}"
"2026-08-14T14:24:54.394Z","IN","m360/DF/0000/gateway/status","{""timestamp"":360,""isConnected"":true,""connectionTime"":348,""reconnectCount"":0,""lastErrorCode"":0,""uptime"":360,""source"":""gateway"",""type"":""mqtt_metrics""}"
"2026-08-14T14:25:54.337Z","IN","m360/DF/0000/out","{""nodeId"":0,""sensorId"":255,""command"":3,""ack"":0,""type"":22,""payload"":"""",""timestamp"":420,""description"":""heartbeat"",""event"":""heartbeat"",""uptime"":420,""rssi"":-58,""wifiRssi"":-58,""batteryLevel"":100,""ip"":""192.168.1.52"",""version"":""2.0"",""source"":""gateway""}"
"2026-08-14T14:25:54.338Z","IN","m360/DF/0000/out","{""nodeId"":0,""sensorId"":255,""command"":3,""ack"":0,""type"":22,""payload"":"""",""timestamp"":420,""description"":""heartbeat"",""event"":""heartbeat"",""uptime"":420,""rssi"":-58,""wifiRssi"":-58,""batteryLevel"":100,""ip"":""192.168.1.52"",""version"":""2.0"",""source"":""gateway""}"
"2026-08-14T14:25:54.396Z","IN","m360/DF/0000/gateway/status","{""timestamp"":420,""isConnected"":true,""connectionTime"":408,""reconnectCount"":0,""lastErrorCode"":0,""uptime"":420,""source"":""gateway"",""type"":""mqtt_metrics""}"