"Timestamp","Direction","Topic","Payload"
"2026-08-05T13:08:31.192Z","IN","m360/DF/0000/out/1/5/1/0/37","443"
"2026-08-05T13:08:31.240Z","IN","m360/DF/0000/out/1/6/1/0/37","684"
"2026-08-05T13:08:46.173Z","IN","m360/DF/0000/out/2/1/1/0/37","65"
"2026-08-05T13:08:46.231Z","IN","m360/DF/0000/out/2/2/1/0/37","1005"
"2026-08-05T13:08:46.276Z","IN","m360/DF/0000/out/2/6/1/0/37","868"
"2026-08-05T13:09:23.361Z","IN","m360/DF/0000/out","{""nodeId"":0,""sensorId"":255,""command"":3,""ack"":0,""type"":22,""payload"":"""",""timestamp"":504938,""description"":""heartbeat"",""event"":""heartbeat"",""uptime"":504938,""rssi"":-61,""wifiRssi"":-61,""batteryLevel"":100,""ip"":""192.168.1.2"",""version"":""2.0"",""source"":""gateway""}"
"2026-08-05T13:09:23.417Z","IN","m360/DF/0000/gateway/status","{""timestamp"":504938,""isConnected"":true,""connectionTime"":408592,""reconnectCount"":3,""lastErrorCode"":0,""uptime"":504938,""source"":""gateway"",""type"":""mqtt_metrics""}"
"2026-08-05T13:09:31.149Z","IN","m360/DF/0000/out/1/1/1/0/37","1012"
"2026-08-05T13:09:31.181Z","IN","m360/DF/0000/out/1/2/1/0/37","934"
"2026-08-05T13:09:31.200Z","IN","m360/DF/0000/out/1/3/1/0/37","179"
"2026-08-05T13:09:31.230Z","IN","m360/DF/0000/out/1/4/1/0/37","940"
"2026-08-05T13:09:31.270Z","IN","m360/DF/0000/out/1/5/1/0/37","445"
"2026-08-05T13:09:31.318Z","IN","m360/DF/0000/out/1/6/1/0/37","687"
"2026-08-05T13:09:46.198Z","IN","m360/DF/0000/out/2/1/1/0/37","92"
"2026-08-05T13:09:46.382Z","IN","m360/DF/0000/out/2/4/1/0/37","1018"
"2026-08-05T13:09:46.382Z","IN","m360/DF/0000/out/2/5/1/0/37","1000"
"2026-08-05T13:09:46.382Z","IN","m360/DF/0000/out/2/6/1/0/37","869"
"2026-08-05T13:10:23.363Z","IN","m360/DF/0000/out","{""nodeId"":0,""sensorId"":255,""command"":3,""ack"":0,""type"":22,""payload"":"""",""timestamp"":504998,""description"":""heartbeat"",""event"":""heartbeat"",""uptime"":504998,""rssi"":-60,""wifiRssi"":-60,""batteryLevel"":100,""ip"":""192.168.1.2"",""version"":""2.0"",""source"":""gateway""}"
"2026-08-05T13:10:23.422Z","IN","m360/DF/0000/gateway/status","{""timestamp"":504998,""isConnected"":true,""connectionTime"":408652,""reconnectCount"":3,""lastErrorCode"":0,""uptime"":504998,""source"":""gateway"",""type"":""mqtt_metrics""}"
"2026-08-05T13:10:31.230Z","IN","m360/DF/0000/out/1/1/1/0/37","997"
"2026-08-05T13:10:31.257Z","IN","m360/DF/0000/out/1/3/1/0/37","177"
"2026-08-05T13:10:31.298Z","IN","m360/DF/0000/out/1/4/1/0/37","931"
"2026-08-05T13:10:31.423Z","IN","m360/DF/0000/out/1/5/1/0/37","454"
"2026-08-05T13:10:31.423Z","IN","m360/DF/0000/out/1/6/1/0/37","686"
"2026-08-05T13:10:42.083Z","IN","m360/DF/0000/out/99/21/1/0/34","0"
"2026-08-05T13:10:46.177Z","IN","m360/DF/0000/out/2/1/1/0/37","59"
"2026-08-05T13:10:46.209Z","IN","m360/DF/0000/out/2/2/1/0/37","1004"
"2026-08-05T13:10:46.240Z","IN","m360/DF/0000/out/2/3/1/0/37","1016"
"2026-08-05T13:10:46.265Z","IN","m360/DF/0000/out/2/4/1/0/37","1023"
"2026-08-05T13:10:46.292Z","IN","m360/DF/0000/out/2/5/1/0/37","1007"
"2026-08-05T13:10:46.331Z","IN","m360/DF/0000/out/2/6/1/0/37","874"
"2026-08-05T13:11:23.370Z","IN","m360/DF/0000/out","{""nodeId"":0,""sensorId"":255,""command"":3,""ack"":0,""type"":22,""payload"":"""",""timestamp"":505058,""description"":""heartbeat"",""event"":""heartbeat"",""uptime"":505058,""rssi"":-61,""wifiRssi"":-61,""batteryLevel"":100,""ip"":""192.168.1.2"",""version"":""2.0"",""source"":""gateway""}"
"2026-08-05T13:11:23.465Z","IN","m360/DF/0000/gateway/status","{""timestamp"":505058,""isConnected"":true,""connectionTime"":408712,""reconnectCount"":3,""lastErrorCode"":0,""uptime"":505058,""source"":""gateway"",""type"":""mqtt_metrics""}"
"2026-08-05T13:11:31.298Z","IN","m360/DF/0000/out/1/1/1/0/37","1013"
"2026-08-05T13:11:31.344Z","IN","m360/DF/0000/out/1/2/1/0/37","933"
"2026-08-05T13:11:31.376Z","IN","m360/DF/0000/out/1/3/1/0/37","211"
"2026-08-05T13:11:31.425Z","IN","m360/DF/0000/out/1/4/1/0/37","944"
"2026-08-05T13:11:31.634Z","IN","m360/DF/0000/out/1/5/1/0/37","487"
"2026-08-05T13:11:31.634Z","IN","m360/DF/0000/out/1/6/1/0/37","697"
"2026-08-05T13:11:42.006Z","IN","m360/DF/0000/out/99/11/1/0/0","27"
"2026-08-05T13:11:42.196Z","IN","m360/DF/0000/out/99/12/1/0/1","14"
"2026-08-05T13:11:46.178Z","IN","m360/DF/0000/out/2/1/1/0/37","0"
"2026-08-05T13:11:46.200Z","IN","m360/DF/0000/out/2/2/1/0/37","989"
"2026-08-05T13:11:46.249Z","IN","m360/DF/0000/out/2/5/1/0/37","1014"
"2026-08-05T13:12:23.373Z","IN","m360/DF/0000/out","{""nodeId"":0,""sensorId"":255,""command"":3,""ack"":0,""type"":22,""payload"":"""",""timestamp"":505118,""description"":""heartbeat"",""event"":""heartbeat"",""uptime"":505118,""rssi"":-61,""wifiRssi"":-61,""batteryLevel"":100,""ip"":""192.168.1.2"",""version"":""2.0"",""source"":""gateway""}"
"2026-08-05T13:12:23.436Z","IN","m360/DF/0000/gateway/status","{""timestamp"":505118,""isConnected"":true,""connectionTime"":408772,""reconnectCount"":3,""lastErrorCode"":0,""uptime"":505118,""source"":""gateway"",""type"":""mqtt_metrics""}"
"2026-08-05T13:12:31.371Z","IN","m360/DF/0000/out/1/1/1/0/37","1012"
"2026-08-05T13:12:31.392Z","IN","m360/DF/0000/out/1/2/1/0/37","936"
"2026-08-05T13:12:31.418Z","IN","m360/DF/0000/out/1/3/1/0/37","214"
"2026-08-05T13:12:31.518Z","IN","m360/DF/0000/out/1/4/1/0/37","941"
"2026-08-05T13:12:31.518Z","IN","m360/DF/0000/out/1/5/1/0/37","462"
"2026-08-05T13:12:31.631Z","IN","m360/DF/0000/out/1/6/1/0/37","689"
"2026-08-05T13:12:46.218Z","IN","m360/DF/0000/out/2/1/1/0/37","36"
"2026-08-05T13:12:46.284Z","IN","m360/DF/0000/out/2/2/1/0/37","1003"
"2026-08-05T13:12:46.308Z","IN","m360/DF/0000/out/2/3/1/0/37","1019"
"2026-08-05T13:12:46.361Z","IN","m360/DF/0000/out/2/5/1/0/37","1015"
"2026-08-05T13:12:46.408Z","IN","m360/DF/0000/out/2/6/1/0/37","877"
"2026-08-05T13:13:23.377Z","IN","m360/DF/0000/out","{""nodeId"":0,""sensorId"":255,""command"":3,""ack"":0,""type"":22,""payload"":"""",""timestamp"":505178,""description"":""heartbeat"",""event"":""heartbeat"",""uptime"":505178,""rssi"":-61,""wifiRssi"":-61,""batteryLevel"":100,""ip"":""192.168.1.2"",""version"":""2.0"",""source"":""gateway""}"
"2026-08-05T13:13:23.441Z","IN","m360/DF/0000/gateway/status","{""timestamp"":505178,""isConnected"":true,""connectionTime"":408832,""reconnectCount"":3,""lastErrorCode"":0,""uptime"":505178,""source"":""gateway"",""type"":""mqtt_metrics""}"
"2026-08-05T13:13:31.450Z","IN","m360/DF/0000/out/1/1/1/0/37","1015"
"2026-08-05T13:13:31.477Z","IN","m360/DF/0000/out/1/2/1/0/37","940"
"2026-08-05T13:13:31.499Z","IN","m360/DF/0000/out/1/3/1/0/37","206"
"2026-08-05T13:13:31.533Z","IN","m360/DF/0000/out/1/4/1/0/37","931"
"2026-08-05T13:13:31.618Z","IN","m360/DF/0000/out/1/5/1/0/37","446"
"2026-08-05T13:13:31.651Z","IN","m360/DF/0000/out/1/6/1/0/37","649"
"2026-08-05T13:13:46.207Z","IN","m360/DF/0000/out/2/1/1/0/37","61"
"2026-08-05T13:13:46.511Z","IN","m360/DF/0000/out/2/2/1/0/37","1005"
"2026-08-05T13:13:46.511Z","IN","m360/DF/0000/out/2/3/1/0/37","1005"
"2026-08-05T13:13:46.516Z","IN","m360/DF/0000/out/2/5/1/0/37","1018"
"2026-08-05T13:13:46.516Z","IN","m360/DF/0000/out/2/6/1/0/37","855"
"2026-08-05T13:14:23.382Z","IN","m360/DF/0000/out","{""nodeId"":0,""sensorId"":255,""command"":3,""ack"":0,""type"":22,""payload"":"""",""timestamp"":505238,""description"":""heartbeat"",""event"":""heartbeat"",""uptime"":505238,""rssi"":-60,""wifiRssi"":-60,""batteryLevel"":100,""ip"":""192.168.1.2"",""version"":""2.0"",""source"":""gateway""}"
"2026-08-05T13:14:23.440Z","IN","m360/DF/0000/gateway/status","{""timestamp"":505238,""isConnected"":true,""connectionTime"":408892,""reconnectCount"":3,""lastErrorCode"":0,""uptime"":505238,""source"":""gateway"",""type"":""mqtt_metrics""}"
"2026-08-05T13:14:31.530Z","IN","m360/DF/0000/out/1/1/1/0/37","1012"
"2026-08-05T13:14:31.556Z","IN","m360/DF/0000/out/1/2/1/0/37","935"
"2026-08-05T13:14:31.579Z","IN","m360/DF/0000/out/1/3/1/0/37","192"
"2026-08-05T13:14:31.607Z","IN","m360/DF/0000/out/1/4/1/0/37","949"
"2026-08-05T13:14:31.719Z","IN","m360/DF/0000/out/1/5/1/0/37","447"
"2026-08-05T13:14:31.720Z","IN","m360/DF/0000/out/1/6/1/0/37","679"
"2026-08-05T13:14:46.220Z","IN","m360/DF/0000/out/2/1/1/0/37","102"
"2026-08-05T13:14:46.292Z","IN","m360/DF/0000/out/2/2/1/0/37","1000"
"2026-08-05T13:14:46.292Z","IN","m360/DF/0000/out/2/3/1/0/37","1019"
"2026-08-05T13:14:46.327Z","IN","m360/DF/0000/out/2/5/1/0/37","1012"
"2026-08-05T13:14:46.368Z","IN","m360/DF/0000/out/2/6/1/0/37","853"
"2026-08-05T13:15:13.667Z","IN","m360/DF/0000/out/events","{""event"":""node_discovered"",""nodeId"":99,""timestamp"":505288,""rssi"":-61,""details"":""Node discovered, parent: 0""}"
"2026-08-05T13:15:13.863Z","IN","m360/DF/0000/out/99/255/3/0/21","0"
"2026-08-05T13:15:13.878Z","IN","m360/DF/0000/out/events","{""event"":""node_discovered"",""nodeId"":1,""timestamp"":505288,""rssi"":-61,""details"":""Node discovered, parent: 0""}"
"2026-08-05T13:15:13.878Z","IN","m360/DF/0000/out/1/255/3/0/21","0"
"2026-08-05T13:15:14.415Z","IN","m360/DF/0000/out/events","{""event"":""node_discovered"",""nodeId"":2,""timestamp"":505289,""rssi"":-61,""details"":""Node discovered, parent: 0""}"
"2026-08-05T13:15:14.434Z","IN","m360/DF/0000/out/2/255/3/0/21","0"
"2026-08-05T13:15:23.386Z","IN","m360/DF/0000/out","{""nodeId"":0,""sensorId"":255,""command"":3,""ack"":0,""type"":22,""payload"":"""",""timestamp"":505298,""description"":""heartbeat"",""event"":""heartbeat"",""uptime"":505298,""rssi"":-61,""wifiRssi"":-61,""batteryLevel"":100,""ip"":""192.168.1.2"",""version"":""2.0"",""source"":""gateway""}"
"2026-08-05T13:15:23.446Z","IN","m360/DF/0000/gateway/status","{""timestamp"":505298,""isConnected"":true,""connectionTime"":408952,""reconnectCount"":3,""lastErrorCode"":0,""uptime"":505298,""source"":""gateway"",""type"":""mqtt_metrics""}"
"2026-08-05T13:15:31.581Z","IN","m360/DF/0000/out/1/1/1/0/37","1014"
"2026-08-05T13:15:31.614Z","IN","m360/DF/0000/out/1/2/1/0/37","938"
"2026-08-05T13:15:31.646Z","IN","m360/DF/0000/out/1/3/1/0/37","156"
"2026-08-05T13:15:31.686Z","IN","m360/DF/0000/out/1/4/1/0/37","944"
"2026-08-05T13:15:31.844Z","IN","m360/DF/0000/out/1/5/1/0/37","467"
"2026-08-05T13:15:31.844Z","IN","m360/DF/0000/out/1/6/1/0/37","690"
"2026-08-05T13:15:46.236Z","IN","m360/DF/0000/out/2/1/1/0/37","59"
"2026-08-05T13:15:46.304Z","IN","m360/DF/0000/out/2/2/1/0/37","1023"
"2026-08-05T13:15:46.333Z","IN","m360/DF/0000/out/2/3/1/0/37","1023"
"2026-08-05T13:15:46.364Z","IN","m360/DF/0000/out/2/4/1/0/37","1021"
"2026-08-05T13:15:46.391Z","IN","m360/DF/0000/out/2/5/1/0/37","1010"
"2026-08-05T13:15:46.422Z","IN","m360/DF/0000/out/2/6/1/0/37","883"
"2026-08-05T13:16:23.392Z","IN","m360/DF/0000/out","{""nodeId"":0,""sensorId"":255,""command"":3,""ack"":0,""type"":22,""payload"":"""",""timestamp"":505358,""description"":""heartbeat"",""event"":""heartbeat"",""uptime"":505358,""rssi"":-61,""wifiRssi"":-61,""batteryLevel"":100,""ip"":""192.168.1.2"",""version"":""2.0"",""source"":""gateway""}"
"2026-08-05T13:16:23.493Z","IN","m360/DF/0000/gateway/status","{""timestamp"":505358,""isConnected"":true,""connectionTime"":409012,""reconnectCount"":3,""lastErrorCode"":0,""uptime"":505358,""source"":""gateway"",""type"":""mqtt_metrics""}"
"2026-08-05T13:16:31.622Z","IN","m360/DF/0000/out/1/1/1/0/37","1012"
"2026-08-05T13:16:31.644Z","IN","m360/DF/0000/out/1/2/1/0/37","935"
"2026-08-05T13:16:31.680Z","IN","m360/DF/0000/out/1/3/1/0/37","185"
"2026-08-05T13:16:31.721Z","IN","m360/DF/0000/out/1/4/1/0/37","943"
"2026-08-05T13:16:31.763Z","IN","m360/DF/0000/out/1/5/1/0/37","463"
"2026-08-05T13:16:31.847Z","IN","m360/DF/0000/out/1/6/1/0/37","695"
"2026-08-05T13:16:46.229Z","IN","m360/DF/0000/out/2/1/1/0/37","88"
"2026-08-05T13:16:46.431Z","IN","m360/DF/0000/out/2/2/1/0/37","1004"
"2026-08-05T13:16:46.431Z","IN","m360/DF/0000/out/2/3/1/0/37","1022"
"2026-08-05T13:16:46.435Z","IN","m360/DF/0000/out/2/4/1/0/37","1022"
"2026-08-05T13:16:46.435Z","IN","m360/DF/0000/out/2/5/1/0/37","1013"
"2026-08-05T13:16:46.435Z","IN","m360/DF/0000/out/2/6/1/0/37","873"
"2026-08-05T13:17:23.396Z","IN","m360/DF/0000/out","{""nodeId"":0,""sensorId"":255,""command"":3,""ack"":0,""type"":22,""payload"":"""",""timestamp"":505418,""description"":""heartbeat"",""event"":""heartbeat"",""uptime"":505418,""rssi"":-61,""wifiRssi"":-61,""batteryLevel"":100,""ip"":""192.168.1.2"",""version"":""2.0"",""source"":""gateway""}"
"2026-08-05T13:17:23.456Z","IN","m360/DF/0000/gateway/status","{""timestamp"":505418,""isConnected"":true,""connectionTime"":409072,""reconnectCount"":3,""lastErrorCode"":0,""uptime"":505418,""source"":""gateway"",""type"":""mqtt_metrics""}"
"2026-08-05T13:17:31.713Z","IN","m360/DF/0000/out/1/1/1/0/37","1008"
"2026-08-05T13:17:31.746Z","IN","m360/DF/0000/out/1/2/1/0/37","940"
"2026-08-05T13:17:31.778Z","IN","m360/DF/0000/out/1/4/1/0/37","936"
"2026-08-05T13:17:31.941Z","IN","m360/DF/0000/out/1/5/1/0/37","435"
"2026-08-05T13:17:31.942Z","IN","m360/DF/0000/out/1/6/1/0/37","687"
"2026-08-05T13:17:46.252Z","IN","m360/DF/0000/out/2/1/1/0/37","62"
"2026-08-05T13:17:46.336Z","IN","m360/DF/0000/out/2/2/1/0/37","1023"
"2026-08-05T13:17:46.336Z","IN","m360/DF/0000/out/2/3/1/0/37","1021"
"2026-08-05T13:17:46.413Z","IN","m360/DF/0000/out/2/4/1/0/37","1023"
"2026-08-05T13:17:46.414Z","IN","m360/DF/0000/out/2/5/1/0/37","1018"
"2026-08-05T13:17:46.460Z","IN","m360/DF/0000/out/2/6/1/0/37","866"
"2026-08-05T13:18:23.401Z","IN","m360/DF/0000/out","{""nodeId"":0,""sensorId"":255,""command"":3,""ack"":0,""type"":22,""payload"":"""",""timestamp"":505478,""description"":""heartbeat"",""event"":""heartbeat"",""uptime"":505478,""rssi"":-61,""wifiRssi"":-61,""batteryLevel"":100,""ip"":""192.168.1.2"",""version"":""2.0"",""source"":""gateway""}"
"2026-08-05T13:18:23.505Z","IN","m360/DF/0000/gateway/status","{""timestamp"":505478,""isConnected"":true,""connectionTime"":409132,""reconnectCount"":3,""lastErrorCode"":0,""uptime"":505478,""source"":""gateway"",""type"":""mqtt_metrics""}"
"2026-08-05T13:18:31.806Z","IN","m360/DF/0000/out/1/1/1/0/37","1012"
"2026-08-05T13:18:31.829Z","IN","m360/DF/0000/out/1/2/1/0/37","942"
"2026-08-05T13:18:31.851Z","IN","m360/DF/0000/out/1/3/1/0/37","210"
"2026-08-05T13:18:31.876Z","IN","m360/DF/0000/out/1/4/1/0/37","945"
"2026-08-05T13:18:31.923Z","IN","m360/DF/0000/out/1/5/1/0/37","453"
"2026-08-05T13:18:32.034Z","IN","m360/DF/0000/out/1/6/1/0/37","690"
"2026-08-05T13:18:46.287Z","IN","m360/DF/0000/out/2/1/1/0/37","102"
"2026-08-05T13:18:46.392Z","IN","m360/DF/0000/out/2/2/1/0/37","1004"
"2026-08-05T13:18:46.392Z","IN","m360/DF/0000/out/2/3/1/0/37","1019"
"2026-08-05T13:18:46.440Z","IN","m360/DF/0000/out/2/5/1/0/37","1013"
"2026-08-05T13:18:46.441Z","IN","m360/DF/0000/out/2/6/1/0/37","880"
"2026-08-05T13:19:23.411Z","IN","m360/DF/0000/out","{""nodeId"":0,""sensorId"":255,""command"":3,""ack"":0,""type"":22,""payload"":"""",""timestamp"":505538,""description"":""heartbeat"",""event"":""heartbeat"",""uptime"":505538,""rssi"":-61,""wifiRssi"":-61,""batteryLevel"":100,""ip"":""192.168.1.2"",""version"":""2.0"",""source"":""gateway""}"
"2026-08-05T13:19:23.473Z","IN","m360/DF/0000/gateway/status","{""timestamp"":505538,""isConnected"":true,""connectionTime"":409192,""reconnectCount"":3,""lastErrorCode"":0,""uptime"":505538,""source"":""gateway"",""type"":""mqtt_metrics""}"
"2026-08-05T13:19:31.916Z","IN","m360/DF/0000/out/1/2/1/0/37","932"
"2026-08-05T13:19:31.963Z","IN","m360/DF/0000/out/1/3/1/0/37","173"
"2026-08-05T13:19:32.020Z","IN","m360/DF/0000/out/1/5/1/0/37","457"
"2026-08-05T13:19:32.062Z","IN","m360/DF/0000/out/1/6/1/0/37","694"
"2026-08-05T13:19:46.305Z","IN","m360/DF/0000/out/2/1/1/0/37","55"
"2026-08-05T13:19:46.361Z","IN","m360/DF/0000/out/2/2/1/0/37","1009"
"2026-08-05T13:19:46.380Z","IN","m360/DF/0000/out/2/5/1/0/37","992"
"2026-08-05T13:19:46.399Z","IN","m360/DF/0000/out/2/6/1/0/37","871"
"2026-08-05T13:20:23.418Z","IN","m360/DF/0000/out/events","{""event"":""node_lost"",""nodeId"":99,""timestamp"":505598,""rssi"":-61,""details"":""Inactivity detected: timeout 300 s""}"
"2026-08-05T13:20:23.476Z","IN","m360/DF/0000/out","{""nodeId"":0,""sensorId"":255,""command"":3,""ack"":0,""type"":22,""payload"":"""",""timestamp"":505598,""description"":""heartbeat"",""event"":""heartbeat"",""uptime"":505598,""rssi"":-61,""wifiRssi"":-61,""batteryLevel"":100,""ip"":""192.168.1.2"",""version"":""2.0"",""source"":""gateway""}"
"2026-08-05T13:20:23.477Z","IN","m360/DF/0000/gateway/status","{""timestamp"":505598,""isConnected"":true,""connectionTime"":409252,""reconnectCount"":3,""lastErrorCode"":0,""uptime"":505598,""source"":""gateway"",""type"":""mqtt_metrics""}"
"2026-08-05T13:20:31.973Z","IN","m360/DF/0000/out/1/1/1/0/37","1004"
"2026-08-05T13:20:31.996Z","IN","m360/DF/0000/out/1/2/1/0/37","938"
"2026-08-05T13:20:32.021Z","IN","m360/DF/0000/out/1/3/1/0/37","159"
"2026-08-05T13:20:32.041Z","IN","m360/DF/0000/out/1/4/1/0/37","934"
"2026-08-05T13:20:32.065Z","IN","m360/DF/0000/out/1/5/1/0/37","435"
"2026-08-05T13:20:32.217Z","IN","m360/DF/0000/out/1/6/1/0/37","674"
"2026-08-05T13:20:46.359Z","IN","m360/DF/0000/out/2/2/1/0/37","1005"
"2026-08-05T13:20:46.422Z","IN","m360/DF/0000/out/2/5/1/0/37","1013"
"2026-08-05T13:20:46.445Z","IN","m360/DF/0000/out/2/6/1/0/37","879"
"2026-08-05T13:21:23.413Z","IN","m360/DF/0000/out","{""nodeId"":0,""sensorId"":255,""command"":3,""ack"":0,""type"":22,""payload"":"""",""timestamp"":505658,""description"":""heartbeat"",""event"":""heartbeat"",""uptime"":505658,""rssi"":-59,""wifiRssi"":-59,""batteryLevel"":100,""ip"":""192.168.1.2"",""version"":""2.0"",""source"":""gateway""}"
"2026-08-05T13:21:23.471Z","IN","m360/DF/0000/gateway/status","{""timestamp"":505658,""isConnected"":true,""connectionTime"":409312,""reconnectCount"":3,""lastErrorCode"":0,""uptime"":505658,""source"":""gateway"",""type"":""mqtt_metrics""}"
"2026-08-05T13:21:32.029Z","IN","m360/DF/0000/out/1/1/1/0/37","1012"
"2026-08-05T13:21:32.065Z","IN","m360/DF/0000/out/1/2/1/0/37","941"
"2026-08-05T13:21:32.090Z","IN","m360/DF/0000/out/1/3/1/0/37","182"
"2026-08-05T13:21:32.113Z","IN","m360/DF/0000/out/1/4/1/0/37","941"
"2026-08-05T13:21:32.317Z","IN","m360/DF/0000/out/1/5/1/0/37","447"
"2026-08-05T13:21:32.317Z","IN","m360/DF/0000/out/1/6/1/0/37","681"
"2026-08-05T13:21:41.494Z","IN","m360/DF/0000/out/events","{""event"":""node_reconnected"",""nodeId"":99,""timestamp"":505676,""rssi"":-62,""details"":""Node back online or discovered""}"
"2026-08-05T13:21:41.557Z","IN","m360/DF/0000/out/99/21/1/0/34","0"
"2026-08-05T13:21:46.320Z","IN","m360/DF/0000/out/2/1/1/0/37","61"
"2026-08-05T13:21:46.362Z","IN","m360/DF/0000/out/2/2/1/0/37","1004"
"2026-08-05T13:21:46.401Z","IN","m360/DF/0000/out/2/3/1/0/37","1023"
"2026-08-05T13:21:46.438Z","IN","m360/DF/0000/out/2/5/1/0/37","1011"
"2026-08-05T13:21:46.486Z","IN","m360/DF/0000/out/2/6/1/0/37","890"
"2026-08-05T13:22:23.417Z","IN","m360/DF/0000/out","{""nodeId"":0,""sensorId"":255,""command"":3,""ack"":0,""type"":22,""payload"":"""",""timestamp"":505718,""description"":""heartbeat"",""event"":""heartbeat"",""uptime"":505718,""rssi"":-62,""wifiRssi"":-62,""batteryLevel"":100,""ip"":""192.168.1.2"",""version"":""2.0"",""source"":""gateway""}"
"2026-08-05T13:22:23.636Z","IN","m360/DF/0000/gateway/status","{""timestamp"":505718,""isConnected"":true,""connectionTime"":409372,""reconnectCount"":3,""lastErrorCode"":0,""uptime"":505718,""source"":""gateway"",""type"":""mqtt_metrics""}"
"2026-08-05T13:22:32.096Z","IN","m360/DF/0000/out/1/1/1/0/37","1013"
"2026-08-05T13:22:32.122Z","IN","m360/DF/0000/out/1/2/1/0/37","938"
"2026-08-05T13:22:32.144Z","IN","m360/DF/0000/out/1/3/1/0/37","184"
"2026-08-05T13:22:32.330Z","IN","m360/DF/0000/out/1/4/1/0/37","940"
"2026-08-05T13:22:32.331Z","IN","m360/DF/0000/out/1/5/1/0/37","430"
"2026-08-05T13:22:32.331Z","IN","m360/DF/0000/out/1/6/1/0/37","657"
"2026-08-05T13:22:46.289Z","IN","m360/DF/0000/out/2/1/1/0/37","55"
"2026-08-05T13:22:46.353Z","IN","m360/DF/0000/out/2/3/1/0/37","1019"
"2026-08-05T13:22:46.353Z","IN","m360/DF/0000/out/2/5/1/0/37","947"
"2026-08-05T13:22:46.402Z","IN","m360/DF/0000/out/2/6/1/0/37","870"
"2026-08-05T13:23:23.424Z","IN","m360/DF/0000/out","{""nodeId"":0,""sensorId"":255,""command"":3,""ack"":0,""type"":22,""payload"":"""",""timestamp"":505778,""description"":""heartbeat"",""event"":""heartbeat"",""uptime"":505778,""rssi"":-62,""wifiRssi"":-62,""batteryLevel"":100,""ip"":""192.168.1.2"",""version"":""2.0"",""source"":""gateway""}"
"2026-08-05T13:23:23.424Z","IN","m360/DF/0000/gateway/status","{""timestamp"":505778,""isConnected"":true,""connectionTime"":409432,""reconnectCount"":3,""lastErrorCode"":0,""uptime"":505778,""source"":""gateway"",""type"":""mqtt_metrics""}"
"2026-08-05T13:23:32.150Z","IN","m360/DF/0000/out/1/1/1/0/37","1012"
"2026-08-05T13:23:32.180Z","IN","m360/DF/0000/out/1/2/1/0/37","933"
"2026-08-05T13:23:32.199Z","IN","m360/DF/0000/out/1/3/1/0/37","155"
"2026-08-05T13:23:32.224Z","IN","m360/DF/0000/out/1/4/1/0/37","935"
"2026-08-05T13:23:32.337Z","IN","m360/DF/0000/out/1/5/1/0/37","421"
"2026-08-05T13:23:32.337Z","IN","m360/DF/0000/out/1/6/1/0/37","672"
"2026-08-05T13:23:46.320Z","IN","m360/DF/0000/out/2/1/1/0/37","57"
"2026-08-05T13:23:46.384Z","IN","m360/DF/0000/out/2/5/1/0/37","1013"
"2026-08-05T13:23:46.406Z","IN","m360/DF/0000/out/2/6/1/0/37","859"
"2026-08-05T13:24:23.428Z","IN","m360/DF/0000/out","{""nodeId"":0,""sensorId"":255,""command"":3,""ack"":0,""type"":22,""payload"":"""",""timestamp"":505838,""description"":""heartbeat"",""event"":""heartbeat"",""uptime"":505838,""rssi"":-61,""wifiRssi"":-61,""batteryLevel"":100,""ip"":""192.168.1.2"",""version"":""2.0"",""source"":""gateway""}"
"2026-08-05T13:24:23.488Z","IN","m360/DF/0000/gateway/status","{""timestamp"":505838,""isConnected"":true,""connectionTime"":409492,""reconnectCount"":3,""lastErrorCode"":0,""uptime"":505838,""source"":""gateway"",""type"":""mqtt_metrics""}"
"2026-08-05T13:24:32.221Z","IN","m360/DF/0000/out/1/3/1/0/37","179"
"2026-08-05T13:24:32.275Z","IN","m360/DF/0000/out/1/4/1/0/37","949"
"2026-08-05T13:24:32.276Z","IN","m360/DF/0000/out/1/5/1/0/37","394"
"2026-08-05T13:24:32.318Z","IN","m360/DF/0000/out/1/6/1/0/37","655"
"2026-08-05T13:24:46.334Z","IN","m360/DF/0000/out/2/1/1/0/37","92"
"2026-08-05T13:24:46.392Z","IN","m360/DF/0000/out/2/2/1/0/37","1009"
"2026-08-05T13:24:46.393Z","IN","m360/DF/0000/out/2/3/1/0/37","965"
"2026-08-05T13:24:46.422Z","IN","m360/DF/0000/out/2/6/1/0/37","872"
"2026-08-05T13:25:23.431Z","IN","m360/DF/0000/out","{""nodeId"":0,""sensorId"":255,""command"":3,""ack"":0,""type"":22,""payload"":"""",""timestamp"":505898,""description"":""heartbeat"",""event"":""heartbeat"",""uptime"":505898,""rssi"":-60,""wifiRssi"":-60,""batteryLevel"":100,""ip"":""192.168.1.2"",""version"":""2.0"",""source"":""gateway""}"
"2026-08-05T13:25:23.489Z","IN","m360/DF/0000/gateway/status","{""timestamp"":505898,""isConnected"":true,""connectionTime"":409552,""reconnectCount"":3,""lastErrorCode"":0,""uptime"":505898,""source"":""gateway"",""type"":""mqtt_metrics""}"
"2026-08-05T13:25:32.302Z","IN","m360/DF/0000/out/1/3/1/0/37","156"
"2026-08-05T13:25:32.363Z","IN","m360/DF/0000/out/1/4/1/0/37","936"
"2026-08-05T13:25:32.364Z","IN","m360/DF/0000/out/1/5/1/0/37","400"
"2026-08-05T13:25:32.426Z","IN","m360/DF/0000/out/1/6/1/0/37","661"
"2026-08-05T13:25:46.364Z","IN","m360/DF/0000/out/2/1/1/0/37","68"
"2026-08-05T13:25:46.420Z","IN","m360/DF/0000/out/2/2/1/0/37","1003"
"2026-08-05T13:25:46.420Z","IN","m360/DF/0000/out/2/3/1/0/37","1019"
"2026-08-05T13:25:46.477Z","IN","m360/DF/0000/out/2/5/1/0/37","1012"
"2026-08-05T13:25:46.480Z","IN","m360/DF/0000/out/2/6/1/0/37","882"
"2026-08-05T13:26:23.439Z","IN","m360/DF/0000/out","{""nodeId"":0,""sensorId"":255,""command"":3,""ack"":0,""type"":22,""payload"":"""",""timestamp"":505958,""description"":""heartbeat"",""event"":""heartbeat"",""uptime"":505958,""rssi"":-61,""wifiRssi"":-61,""batteryLevel"":100,""ip"":""192.168.1.2"",""version"":""2.0"",""source"":""gateway""}"
"2026-08-05T13:26:23.500Z","IN","m360/DF/0000/gateway/status","{""timestamp"":505958,""isConnected"":true,""connectionTime"":409612,""reconnectCount"":3,""lastErrorCode"":0,""uptime"":505958,""source"":""gateway"",""type"":""mqtt_metrics""}"
"2026-08-05T13:26:32.365Z","IN","m360/DF/0000/out/1/1/1/0/37","993"
"2026-08-05T13:26:32.423Z","IN","m360/DF/0000/out/1/2/1/0/37","936"
"2026-08-05T13:26:32.423Z","IN","m360/DF/0000/out/1/3/1/0/37","179"
"2026-08-05T13:26:32.468Z","IN","m360/DF/0000/out/1/4/1/0/37","939"
"2026-08-05T13:26:32.469Z","IN","m360/DF/0000/out/1/5/1/0/37","416"
"2026-08-05T13:26:32.632Z","IN","m360/DF/0000/out/1/6/1/0/37","681"
"2026-08-05T13:26:46.389Z","IN","m360/DF/0000/out/2/1/1/0/37","55"
"2026-08-05T13:26:46.447Z","IN","m360/DF/0000/out/2/3/1/0/37","971"
"2026-08-05T13:26:46.448Z","IN","m360/DF/0000/out/2/5/1/0/37","1014"
"2026-08-05T13:26:46.487Z","IN","m360/DF/0000/out/2/6/1/0/37","877"
"2026-08-05T13:27:23.444Z","IN","m360/DF/0000/out/events","{""event"":""node_lost"",""nodeId"":99,""timestamp"":506018,""rssi"":-61,""details"":""Inactivity detected: timeout 300 s""}"
"2026-08-05T13:27:23.512Z","IN","m360/DF/0000/out","{""nodeId"":0,""sensorId"":255,""command"":3,""ack"":0,""type"":22,""payload"":"""",""timestamp"":506018,""description"":""heartbeat"",""event"":""heartbeat"",""uptime"":506018,""rssi"":-61,""wifiRssi"":-61,""batteryLevel"":100,""ip"":""192.168.1.2"",""version"":""2.0"",""source"":""gateway""}"
"2026-08-05T13:27:23.513Z","IN","m360/DF/0000/gateway/status","{""timestamp"":506018,""isConnected"":true,""connectionTime"":409672,""reconnectCount"":3,""lastErrorCode"":0,""uptime"":506018,""source"":""gateway"",""type"":""mqtt_metrics""}"
"2026-08-05T13:27:32.477Z","IN","m360/DF/0000/out/1/2/1/0/37","944"
"2026-08-05T13:27:32.534Z","IN","m360/DF/0000/out/1/3/1/0/37","178"
"2026-08-05T13:27:32.535Z","IN","m360/DF/0000/out/1/4/1/0/37","942"
"2026-08-05T13:27:32.592Z","IN","m360/DF/0000/out/1/5/1/0/37","459"
"2026-08-05T13:27:32.846Z","IN","m360/DF/0000/out/1/6/1/0/37","691"
"2026-08-05T13:27:46.419Z","IN","m360/DF/0000/out/2/1/1/0/37","17"
"2026-08-05T13:27:46.485Z","IN","m360/DF/0000/out/2/2/1/0/37","1006"
"2026-08-05T13:27:46.512Z","IN","m360/DF/0000/out/2/3/1/0/37","1018"
"2026-08-05T13:27:46.533Z","IN","m360/DF/0000/out/2/4/1/0/37","1022"
"2026-08-05T13:27:46.570Z","IN","m360/DF/0000/out/2/5/1/0/37","1013"
"2026-08-05T13:27:46.610Z","IN","m360/DF/0000/out/2/6/1/0/37","887"
"2026-08-05T13:28:23.447Z","IN","m360/DF/0000/out","{""nodeId"":0,""sensorId"":255,""command"":3,""ack"":0,""type"":22,""payload"":"""",""timestamp"":506078,""description"":""heartbeat"",""event"":""heartbeat"",""uptime"":506078,""rssi"":-62,""wifiRssi"":-62,""batteryLevel"":100,""ip"":""192.168.1.2"",""version"":""2.0"",""source"":""gateway""}"
"2026-08-05T13:28:23.574Z","IN","m360/DF/0000/gateway/status","{""timestamp"":506078,""isConnected"":true,""connectionTime"":409732,""reconnectCount"":3,""lastErrorCode"":0,""uptime"":506078,""source"":""gateway"",""type"":""mqtt_metrics""}"
"2026-08-05T13:28:32.502Z","IN","m360/DF/0000/out/1/1/1/0/37","1013"
"2026-08-05T13:28:32.561Z","IN","m360/DF/0000/out/1/3/1/0/37","261"
"2026-08-05T13:28:32.600Z","IN","m360/DF/0000/out/1/4/1/0/37","944"
"2026-08-05T13:28:32.641Z","IN","m360/DF/0000/out/1/5/1/0/37","466"
"2026-08-05T13:28:32.687Z","IN","m360/DF/0000/out/1/6/1/0/37","696"
"2026-08-05T13:28:46.414Z","IN","m360/DF/0000/out/2/1/1/0/37","57"
"2026-08-05T13:28:46.470Z","IN","m360/DF/0000/out/2/2/1/0/37","1001"
"2026-08-05T13:28:46.503Z","IN","m360/DF/0000/out/2/4/1/0/37","1023"
"2026-08-05T13:28:46.539Z","IN","m360/DF/0000/out/2/5/1/0/37","1010"
"2026-08-05T13:28:46.580Z","IN","m360/DF/0000/out/2/6/1/0/37","874"
"2026-08-05T13:29:23.450Z","IN","m360/DF/0000/out","{""nodeId"":0,""sensorId"":255,""command"":3,""ack"":0,""type"":22,""payload"":"""",""timestamp"":506138,""description"":""heartbeat"",""event"":""heartbeat"",""uptime"":506138,""rssi"":-62,""wifiRssi"":-62,""batteryLevel"":100,""ip"":""192.168.1.2"",""version"":""2.0"",""source"":""gateway""}"
"2026-08-05T13:29:23.582Z","IN","m360/DF/0000/gateway/status","{""timestamp"":506138,""isConnected"":true,""connectionTime"":409792,""reconnectCount"":3,""lastErrorCode"":0,""uptime"":506138,""source"":""gateway"",""type"":""mqtt_metrics""}"
"2026-08-05T13:29:32.549Z","IN","m360/DF/0000/out/1/1/1/0/37","1008"
"2026-08-05T13:29:32.607Z","IN","m360/DF/0000/out/1/2/1/0/37","936"
"2026-08-05T13:29:32.636Z","IN","m360/DF/0000/out/1/3/1/0/37","209"
"2026-08-05T13:29:32.751Z","IN","m360/DF/0000/out/1/5/1/0/37","452"
"2026-08-05T13:29:32.751Z","IN","m360/DF/0000/out/1/6/1/0/37","749"
"2026-08-05T13:29:46.490Z","IN","m360/DF/0000/out/2/2/1/0/37","1006"
"2026-08-05T13:29:46.575Z","IN","m360/DF/0000/out/2/3/1/0/37","1020"
"2026-08-05T13:29:46.575Z","IN","m360/DF/0000/out/2/5/1/0/37","1011"
"2026-08-05T13:29:46.606Z","IN","m360/DF/0000/out/2/6/1/0/37","882"
"2026-08-05T13:30:23.456Z","IN","m360/DF/0000/out","{""nodeId"":0,""sensorId"":255,""command"":3,""ack"":0,""type"":22,""payload"":"""",""timestamp"":506198,""description"":""heartbeat"",""event"":""heartbeat"",""uptime"":506198,""rssi"":-62,""wifiRssi"":-62,""batteryLevel"":100,""ip"":""192.168.1.2"",""version"":""2.0"",""source"":""gateway""}"
"2026-08-05T13:30:23.510Z","IN","m360/DF/0000/gateway/status","{""timestamp"":506198,""isConnected"":true,""connectionTime"":409852,""reconnectCount"":3,""lastErrorCode"":0,""uptime"":506198,""source"":""gateway"",""type"":""mqtt_metrics""}"
"2026-08-05T13:30:32.640Z","IN","m360/DF/0000/out/1/1/1/0/37","1012"
"2026-08-05T13:30:32.701Z","IN","m360/DF/0000/out/1/2/1/0/37","945"
"2026-08-05T13:30:32.701Z","IN","m360/DF/0000/out/1/3/1/0/37","137"
"2026-08-05T13:30:32.738Z","IN","m360/DF/0000/out/1/4/1/0/37","940"
"2026-08-05T13:30:32.919Z","IN","m360/DF/0000/out/1/5/1/0/37","447"
"2026-08-05T13:30:32.919Z","IN","m360/DF/0000/out/1/6/1/0/37","689"
"2026-08-05T13:30:46.449Z","IN","m360/DF/0000/out/2/1/1/0/37","89"
"2026-08-05T13:30:46.506Z","IN","m360/DF/0000/out/2/2/1/0/37","975"
"2026-08-05T13:30:46.527Z","IN","m360/DF/0000/out/2/3/1/0/37","1018"
"2026-08-05T13:30:46.575Z","IN","m360/DF/0000/out/2/5/1/0/37","1010"
"2026-08-05T13:30:46.613Z","IN","m360/DF/0000/out/2/6/1/0/37","878"
"2026-08-05T13:31:23.460Z","IN","m360/DF/0000/out","{""nodeId"":0,""sensorId"":255,""command"":3,""ack"":0,""type"":22,""payload"":"""",""timestamp"":506258,""description"":""heartbeat"",""event"":""heartbeat"",""uptime"":506258,""rssi"":-62,""wifiRssi"":-62,""batteryLevel"":100,""ip"":""192.168.1.2"",""version"":""2.0"",""source"":""gateway""}"
"2026-08-05T13:31:23.534Z","IN","m360/DF/0000/gateway/status","{""timestamp"":506258,""isConnected"":true,""connectionTime"":409912,""reconnectCount"":3,""lastErrorCode"":0,""uptime"":506258,""source"":""gateway"",""type"":""mqtt_metrics""}"
"2026-08-05T13:31:32.739Z","IN","m360/DF/0000/out/1/1/1/0/37","1010"
"2026-08-05T13:31:32.798Z","IN","m360/DF/0000/out/1/2/1/0/37","941"
"2026-08-05T13:31:32.826Z","IN","m360/DF/0000/out/1/3/1/0/37","194"
"2026-08-05T13:31:32.859Z","IN","m360/DF/0000/out/1/4/1/0/37","977"
"2026-08-05T13:31:33.049Z","IN","m360/DF/0000/out/1/5/1/0/37","485"
"2026-08-05T13:31:33.049Z","IN","m360/DF/0000/out/1/6/1/0/37","701"
"2026-08-05T13:31:46.466Z","IN","m360/DF/0000/out/2/1/1/0/37","44"
"2026-08-05T13:31:46.562Z","IN","m360/DF/0000/out/2/2/1/0/37","1003"
"2026-08-05T13:31:46.562Z","IN","m360/DF/0000/out/2/3/1/0/37","1019"
"2026-08-05T13:31:46.563Z","IN","m360/DF/0000/out/2/5/1/0/37","1023"
"2026-08-05T13:31:46.618Z","IN","m360/DF/0000/out/2/6/1/0/37","870"
"2026-08-05T13:32:23.463Z","IN","m360/DF/0000/out","{""nodeId"":0,""sensorId"":255,""command"":3,""ack"":0,""type"":22,""payload"":"""",""timestamp"":506318,""description"":""heartbeat"",""event"":""heartbeat"",""uptime"":506318,""rssi"":-61,""wifiRssi"":-61,""batteryLevel"":100,""ip"":""192.168.1.2"",""version"":""2.0"",""source"":""gateway""}"
"2026-08-05T13:32:23.537Z","IN","m360/DF/0000/gateway/status","{""timestamp"":506318,""isConnected"":true,""connectionTime"":409972,""reconnectCount"":3,""lastErrorCode"":0,""uptime"":506318,""source"":""gateway"",""type"":""mqtt_metrics""}"
"2026-08-05T13:32:32.803Z","IN","m360/DF/0000/out/1/1/1/0/37","1012"
"2026-08-05T13:32:32.864Z","IN","m360/DF/0000/out/1/2/1/0/37","937"
"2026-08-05T13:32:32.866Z","IN","m360/DF/0000/out/1/3/1/0/37","179"
"2026-08-05T13:32:32.928Z","IN","m360/DF/0000/out/1/4/1/0/37","995"
"2026-08-05T13:32:32.930Z","IN","m360/DF/0000/out/1/5/1/0/37","439"
"2026-08-05T13:32:32.937Z","IN","m360/DF/0000/out/1/6/1/0/37","699"
"2026-08-05T13:32:46.501Z","IN","m360/DF/0000/out/2/1/1/0/37","57"
"2026-08-05T13:32:46.563Z","IN","m360/DF/0000/out/2/2/1/0/37","1009"
"2026-08-05T13:32:46.563Z","IN","m360/DF/0000/out/2/4/1/0/37","1020"
"2026-08-05T13:32:46.610Z","IN","m360/DF/0000/out/2/5/1/0/37","1012"
"2026-08-05T13:32:46.640Z","IN","m360/DF/0000/out/2/6/1/0/37","913"
"2026-08-05T13:33:23.469Z","IN","m360/DF/0000/out","{""nodeId"":0,""sensorId"":255,""command"":3,""ack"":0,""type"":22,""payload"":"""",""timestamp"":506378,""description"":""heartbeat"",""event"":""heartbeat"",""uptime"":506378,""rssi"":-61,""wifiRssi"":-61,""batteryLevel"":100,""ip"":""192.168.1.2"",""version"":""2.0"",""source"":""gateway""}"
"2026-08-05T13:33:23.609Z","IN","m360/DF/0000/gateway/status","{""timestamp"":506378,""isConnected"":true,""connectionTime"":410032,""reconnectCount"":3,""lastErrorCode"":0,""uptime"":506378,""source"":""gateway"",""type"":""mqtt_metrics""}"
"2026-08-05T13:33:32.864Z","IN","m360/DF/0000/out/1/1/1/0/37","1009"
"2026-08-05T13:33:32.925Z","IN","m360/DF/0000/out/1/2/1/0/37","939"
"2026-08-05T13:33:32.925Z","IN","m360/DF/0000/out/1/3/1/0/37","177"
"2026-08-05T13:33:32.970Z","IN","m360/DF/0000/out/1/4/1/0/37","948"
"2026-08-05T13:33:32.976Z","IN","m360/DF/0000/out/1/5/1/0/37","443"
"2026-08-05T13:33:33.160Z","IN","m360/DF/0000/out/1/6/1/0/37","680"
"2026-08-05T13:33:46.490Z","IN","m360/DF/0000/out/2/1/1/0/37","80"
"2026-08-05T13:33:46.549Z","IN","m360/DF/0000/out/2/2/1/0/37","1003"
"2026-08-05T13:33:46.570Z","IN","m360/DF/0000/out/2/3/1/0/37","1023"
"2026-08-05T13:33:46.594Z","IN","m360/DF/0000/out/2/4/1/0/37","1023"
"2026-08-05T13:33:46.629Z","IN","m360/DF/0000/out/2/5/1/0/37","1013"
"2026-08-05T13:33:46.669Z","IN","m360/DF/0000/out/2/6/1/0/37","874"
"2026-08-05T13:34:23.473Z","IN","m360/DF/0000/out","{""nodeId"":0,""sensorId"":255,""command"":3,""ack"":0,""type"":22,""payload"":"""",""timestamp"":506438,""description"":""heartbeat"",""event"":""heartbeat"",""uptime"":506438,""rssi"":-62,""wifiRssi"":-62,""batteryLevel"":100,""ip"":""192.168.1.2"",""version"":""2.0"",""source"":""gateway""}"
"2026-08-05T13:34:23.615Z","IN","m360/DF/0000/gateway/status","{""timestamp"":506438,""isConnected"":true,""connectionTime"":410092,""reconnectCount"":3,""lastErrorCode"":0,""uptime"":506438,""source"":""gateway"",""type"":""mqtt_metrics""}"
"2026-08-05T13:34:32.932Z","IN","m360/DF/0000/out/1/1/1/0/37","1014"
"2026-08-05T13:34:32.992Z","IN","m360/DF/0000/out/1/2/1/0/37","923"
"2026-08-05T13:34:32.992Z","IN","m360/DF/0000/out/1/3/1/0/37","167"
"2026-08-05T13:34:33.043Z","IN","m360/DF/0000/out/1/4/1/0/37","933"
"2026-08-05T13:34:33.047Z","IN","m360/DF/0000/out/1/5/1/0/37","423"
"2026-08-05T13:34:33.222Z","IN","m360/DF/0000/out/1/6/1/0/37","689"
"2026-08-05T13:34:46.530Z","IN","m360/DF/0000/out/2/1/1/0/37","98"
"2026-08-05T13:34:46.589Z","IN","m360/DF/0000/out/2/3/1/0/37","1018"
"2026-08-05T13:35:13.701Z","IN","m360/DF/0000/out/events","{""event"":""node_discovered"",""nodeId"":2,""timestamp"":506488,""rssi"":-62,""details"":""Node discovered, parent: 0""}"
"2026-08-05T13:35:13.765Z","IN","m360/DF/0000/out/2/255/3/0/21","0"
"2026-08-05T13:35:14.009Z","IN","m360/DF/0000/out/events","{""event"":""node_discovered"",""nodeId"":1,""timestamp"":506488,""rssi"":-63,""details"":""Node discovered, parent: 0""}"
"2026-08-05T13:35:14.028Z","IN","m360/DF/0000/out/1/255/3/0/21","0"
"2026-08-05T13:35:23.477Z","IN","m360/DF/0000/out","{""nodeId"":0,""sensorId"":255,""command"":3,""ack"":0,""type"":22,""payload"":"""",""timestamp"":506498,""description"":""heartbeat"",""event"":""heartbeat"",""uptime"":506498,""rssi"":-62,""wifiRssi"":-62,""batteryLevel"":100,""ip"":""192.168.1.2"",""version"":""2.0"",""source"":""gateway""}"
"2026-08-05T13:35:23.494Z","IN","m360/DF/0000/gateway/status","{""timestamp"":506498,""isConnected"":true,""connectionTime"":410152,""reconnectCount"":3,""lastErrorCode"":0,""uptime"":506498,""source"":""gateway"",""type"":""mqtt_metrics""}"
"2026-08-05T13:35:33.019Z","IN","m360/DF/0000/out/1/1/1/0/37","1013"
"2026-08-05T13:35:33.079Z","IN","m360/DF/0000/out/1/2/1/0/37","937"
"2026-08-05T13:35:33.115Z","IN","m360/DF/0000/out/1/3/1/0/37","187"
"2026-08-05T13:35:33.145Z","IN","m360/DF/0000/out/1/4/1/0/37","937"
"2026-08-05T13:35:33.334Z","IN","m360/DF/0000/out/1/5/1/0/37","453"
"2026-08-05T13:35:33.334Z","IN","m360/DF/0000/out/1/6/1/0/37","699"
"2026-08-05T13:35:46.580Z","IN","m360/DF/0000/out/2/1/1/0/37","53"
"2026-08-05T13:35:46.652Z","IN","m360/DF/0000/out/2/2/1/0/37","1006"
"2026-08-05T13:35:46.654Z","IN","m360/DF/0000/out/2/3/1/0/37","1019"
"2026-08-05T13:35:46.694Z","IN","m360/DF/0000/out/2/6/1/0/37","874"
"2026-08-05T13:36:23.482Z","IN","m360/DF/0000/out","{""nodeId"":0,""sensorId"":255,""command"":3,""ack"":0,""type"":22,""payload"":"""",""timestamp"":506558,""description"":""heartbeat"",""event"":""heartbeat"",""uptime"":506558,""rssi"":-62,""wifiRssi"":-62,""batteryLevel"":100,""ip"":""192.168.1.2"",""version"":""2.0"",""source"":""gateway""}"
"2026-08-05T13:36:23.556Z","IN","m360/DF/0000/gateway/status","{""timestamp"":506558,""isConnected"":true,""connectionTime"":410212,""reconnectCount"":3,""lastErrorCode"":0,""uptime"":506558,""source"":""gateway"",""type"":""mqtt_metrics""}"
"2026-08-05T13:36:33.085Z","IN","m360/DF/0000/out/1/1/1/0/37","1012"
"2026-08-05T13:36:33.145Z","IN","m360/DF/0000/out/1/2/1/0/37","925"
"2026-08-05T13:36:33.167Z","IN","m360/DF/0000/out/1/3/1/0/37","174"
"2026-08-05T13:36:33.218Z","IN","m360/DF/0000/out/1/4/1/0/37","945"
"2026-08-05T13:36:33.248Z","IN","m360/DF/0000/out/1/5/1/0/37","461"
"2026-08-05T13:36:33.330Z","IN","m360/DF/0000/out/1/6/1/0/37","701"
"2026-08-05T13:36:46.555Z","IN","m360/DF/0000/out/2/1/1/0/37","0"
"2026-08-05T13:36:46.671Z","IN","m360/DF/0000/out/2/2/1/0/37","995"
"2026-08-05T13:36:46.672Z","IN","m360/DF/0000/out/2/3/1/0/37","1022"
"2026-08-05T13:36:46.718Z","IN","m360/DF/0000/out/2/5/1/0/37","1012"
"2026-08-05T13:37:23.487Z","IN","m360/DF/0000/out","{""nodeId"":0,""sensorId"":255,""command"":3,""ack"":0,""type"":22,""payload"":"""",""timestamp"":506618,""description"":""heartbeat"",""event"":""heartbeat"",""uptime"":506618,""rssi"":-62,""wifiRssi"":-62,""batteryLevel"":100,""ip"":""192.168.1.2"",""version"":""2.0"",""source"":""gateway""}"
"2026-08-05T13:37:23.544Z","IN","m360/DF/0000/gateway/status","{""timestamp"":506618,""isConnected"":true,""connectionTime"":410272,""reconnectCount"":3,""lastErrorCode"":0,""uptime"":506618,""source"":""gateway"",""type"":""mqtt_metrics""}"
"2026-08-05T13:37:33.159Z","IN","m360/DF/0000/out/1/2/1/0/37","921"
"2026-08-05T13:37:33.216Z","IN","m360/DF/0000/out/1/3/1/0/37","158"
"2026-08-05T13:37:33.237Z","IN","m360/DF/0000/out/1/4/1/0/37","937"
"2026-08-05T13:37:33.255Z","IN","m360/DF/0000/out/1/5/1/0/37","442"
"2026-08-05T13:37:33.317Z","IN","m360/DF/0000/out/1/6/1/0/37","685"
"2026-08-05T13:37:46.583Z","IN","m360/DF/0000/out/2/1/1/0/37","97"
"2026-08-05T13:37:46.642Z","IN","m360/DF/0000/out/2/2/1/0/37","1006"
"2026-08-05T13:37:46.678Z","IN","m360/DF/0000/out/2/3/1/0/37","1017"
"2026-08-05T13:37:46.730Z","IN","m360/DF/0000/out/2/5/1/0/37","1013"
"2026-08-05T13:37:46.747Z","IN","m360/DF/0000/out/2/6/1/0/37","877"
"2026-08-05T13:38:23.491Z","IN","m360/DF/0000/out","{""nodeId"":0,""sensorId"":255,""command"":3,""ack"":0,""type"":22,""payload"":"""",""timestamp"":506678,""description"":""heartbeat"",""event"":""heartbeat"",""uptime"":506678,""rssi"":-61,""wifiRssi"":-61,""batteryLevel"":100,""ip"":""192.168.1.2"",""version"":""2.0"",""source"":""gateway""}"
"2026-08-05T13:38:23.548Z","IN","m360/DF/0000/gateway/status","{""timestamp"":506678,""isConnected"":true,""connectionTime"":410332,""reconnectCount"":3,""lastErrorCode"":0,""uptime"":506678,""source"":""gateway"",""type"":""mqtt_metrics""}"
"2026-08-05T13:38:33.230Z","IN","m360/DF/0000/out/1/2/1/0/37","933"
"2026-08-05T13:38:33.289Z","IN","m360/DF/0000/out/1/3/1/0/37","149"
"2026-08-05T13:38:33.290Z","IN","m360/DF/0000/out/1/4/1/0/37","931"
"2026-08-05T13:38:33.331Z","IN","m360/DF/0000/out/1/5/1/0/37","403"
"2026-08-05T13:38:33.336Z","IN","m360/DF/0000/out/1/6/1/0/37","655"
"2026-08-05T13:38:46.553Z","IN","m360/DF/0000/out/2/1/1/0/37","53"
"2026-08-05T13:38:46.612Z","IN","m360/DF/0000/out/2/2/1/0/37","1004"
"2026-08-05T13:38:46.614Z","IN","m360/DF/0000/out/2/3/1/0/37","1019"
"2026-08-05T13:38:46.648Z","IN","m360/DF/0000/out/2/5/1/0/37","1016"
"2026-08-05T13:38:46.649Z","IN","m360/DF/0000/out/2/6/1/0/37","912"
"2026-08-05T13:39:23.496Z","IN","m360/DF/0000/out","{""nodeId"":0,""sensorId"":255,""command"":3,""ack"":0,""type"":22,""payload"":"""",""timestamp"":506738,""description"":""heartbeat"",""event"":""heartbeat"",""uptime"":506738,""rssi"":-62,""wifiRssi"":-62,""batteryLevel"":100,""ip"":""192.168.1.2"",""version"":""2.0"",""source"":""gateway""}"
"2026-08-05T13:39:23.555Z","IN","m360/DF/0000/gateway/status","{""timestamp"":506738,""isConnected"":true,""connectionTime"":410392,""reconnectCount"":3,""lastErrorCode"":0,""uptime"":506738,""source"":""gateway"",""type"":""mqtt_metrics""}"
"2026-08-05T13:39:33.309Z","IN","m360/DF/0000/out/1/1/1/0/37","1013"
"2026-08-05T13:39:33.368Z","IN","m360/DF/0000/out/1/2/1/0/37","937"
"2026-08-05T13:39:33.368Z","IN","m360/DF/0000/out/1/3/1/0/37","173"
"2026-08-05T13:39:33.527Z","IN","m360/DF/0000/out/1/4/1/0/37","939"
"2026-08-05T13:39:33.528Z","IN","m360/DF/0000/out/1/5/1/0/37","415"
"2026-08-05T13:39:33.528Z","IN","m360/DF/0000/out/1/6/1/0/37","671"
"2026-08-05T13:39:46.543Z","IN","m360/DF/0000/out/2/1/1/0/37","66"
"2026-08-05T13:39:46.602Z","IN","m360/DF/0000/out/2/2/1/0/37","1015"
"2026-08-05T13:39:46.604Z","IN","m360/DF/0000/out/2/3/1/0/37","1020"
"2026-08-05T13:39:46.641Z","IN","m360/DF/0000/out/2/5/1/0/37","1013"
"2026-08-05T13:39:46.641Z","IN","m360/DF/0000/out/2/6/1/0/37","875"
"2026-08-05T13:40:23.501Z","IN","m360/DF/0000/out","{""nodeId"":0,""sensorId"":255,""command"":3,""ack"":0,""type"":22,""payload"":"""",""timestamp"":506798,""description"":""heartbeat"",""event"":""heartbeat"",""uptime"":506798,""rssi"":-62,""wifiRssi"":-62,""batteryLevel"":100,""ip"":""192.168.1.2"",""version"":""2.0"",""source"":""gateway""}"
"2026-08-05T13:40:23.559Z","IN","m360/DF/0000/gateway/status","{""timestamp"":506798,""isConnected"":true,""connectionTime"":410452,""reconnectCount"":3,""lastErrorCode"":0,""uptime"":506798,""source"":""gateway"",""type"":""mqtt_metrics""}"
"2026-08-05T13:40:33.359Z","IN","m360/DF/0000/out/1/1/1/0/37","1014"
"2026-08-05T13:40:33.417Z","IN","m360/DF/0000/out/1/2/1/0/37","941"
"2026-08-05T13:40:33.443Z","IN","m360/DF/0000/out/1/3/1/0/37","159"
"2026-08-05T13:40:33.466Z","IN","m360/DF/0000/out/1/4/1/0/37","943"
"2026-08-05T13:40:33.634Z","IN","m360/DF/0000/out/1/5/1/0/37","436"
"2026-08-05T13:40:33.634Z","IN","m360/DF/0000/out/1/6/1/0/37","686"
"2026-08-05T13:40:46.578Z","IN","m360/DF/0000/out/2/1/1/0/37","31"
"2026-08-05T13:40:46.638Z","IN","m360/DF/0000/out/2/2/1/0/37","1001"
"2026-08-05T13:40:46.664Z","IN","m360/DF/0000/out/2/3/1/0/37","1023"
"2026-08-05T13:40:46.707Z","IN","m360/DF/0000/out/2/5/1/0/37","967"
"2026-08-05T13:40:46.753Z","IN","m360/DF/0000/out/2/6/1/0/37","867"
"2026-08-05T13:41:23.504Z","IN","m360/DF/0000/out","{""nodeId"":0,""sensorId"":255,""command"":3,""ack"":0,""type"":22,""payload"":"""",""timestamp"":506858,""description"":""heartbeat"",""event"":""heartbeat"",""uptime"":506858,""rssi"":-61,""wifiRssi"":-61,""batteryLevel"":100,""ip"":""192.168.1.2"",""version"":""2.0"",""source"":""gateway""}"
"2026-08-05T13:41:23.563Z","IN","m360/DF/0000/gateway/status","{""timestamp"":506858,""isConnected"":true,""connectionTime"":410512,""reconnectCount"":3,""lastErrorCode"":0,""uptime"":506858,""source"":""gateway"",""type"":""mqtt_metrics""}"
"2026-08-05T13:41:33.451Z","IN","m360/DF/0000/out/1/1/1/0/37","1011"
"2026-08-05T13:41:33.510Z","IN","m360/DF/0000/out/1/2/1/0/37","938"
"2026-08-05T13:41:33.510Z","IN","m360/DF/0000/out/1/3/1/0/37","189"
"2026-08-05T13:41:33.718Z","IN","m360/DF/0000/out/1/4/1/0/37","941"
"2026-08-05T13:41:33.719Z","IN","m360/DF/0000/out/1/5/1/0/37","421"
"2026-08-05T13:41:33.719Z","IN","m360/DF/0000/out/1/6/1/0/37","673"
"2026-08-05T13:41:46.627Z","IN","m360/DF/0000/out/2/1/1/0/37","49"
"2026-08-05T13:41:46.686Z","IN","m360/DF/0000/out/2/2/1/0/37","990"
"2026-08-05T13:41:46.725Z","IN","m360/DF/0000/out/2/3/1/0/37","1021"
"2026-08-05T13:41:46.771Z","IN","m360/DF/0000/out/2/5/1/0/37","1013"
"2026-08-05T13:41:46.817Z","IN","m360/DF/0000/out/2/6/1/0/37","849"
"2026-08-05T13:42:23.509Z","IN","m360/DF/0000/out","{""nodeId"":0,""sensorId"":255,""command"":3,""ack"":0,""type"":22,""payload"":"""",""timestamp"":506918,""description"":""heartbeat"",""event"":""heartbeat"",""uptime"":506918,""rssi"":-62,""wifiRssi"":-62,""batteryLevel"":100,""ip"":""192.168.1.2"",""version"":""2.0"",""source"":""gateway""}"
"2026-08-05T13:42:23.570Z","IN","m360/DF/0000/gateway/status","{""timestamp"":506918,""isConnected"":true,""connectionTime"":410572,""reconnectCount"":3,""lastErrorCode"":0,""uptime"":506918,""source"":""gateway"",""type"":""mqtt_metrics""}"
"2026-08-05T13:42:33.506Z","IN","m360/DF/0000/out/1/1/1/0/37","1013"
"2026-08-05T13:42:33.566Z","IN","m360/DF/0000/out/1/2/1/0/37","975"
"2026-08-05T13:42:33.567Z","IN","m360/DF/0000/out/1/3/1/0/37","173"
"2026-08-05T13:42:33.822Z","IN","m360/DF/0000/out/1/4/1/0/37","939"
"2026-08-05T13:42:46.629Z","IN","m360/DF/0000/out/2/1/1/0/37","98"
"2026-08-05T13:42:46.687Z","IN","m360/DF/0000/out/2/2/1/0/37","1004"
"2026-08-05T13:42:46.711Z","IN","m360/DF/0000/out/2/3/1/0/37","1019"
"2026-08-05T13:42:46.773Z","IN","m360/DF/0000/out/2/6/1/0/37","871"
"2026-08-05T13:43:23.514Z","IN","m360/DF/0000/out","{""nodeId"":0,""sensorId"":255,""command"":3,""ack"":0,""type"":22,""payload"":"""",""timestamp"":506978,""description"":""heartbeat"",""event"":""heartbeat"",""uptime"":506978,""rssi"":-62,""wifiRssi"":-62,""batteryLevel"":100,""ip"":""192.168.1.2"",""version"":""2.0"",""source"":""gateway""}"
"2026-08-05T13:43:23.577Z","IN","m360/DF/0000/gateway/status","{""timestamp"":506978,""isConnected"":true,""connectionTime"":410632,""reconnectCount"":3,""lastErrorCode"":0,""uptime"":506978,""source"":""gateway"",""type"":""mqtt_metrics""}"
"2026-08-05T13:43:33.599Z","IN","m360/DF/0000/out/1/1/1/0/37","1015"
"2026-08-05T13:43:33.662Z","IN","m360/DF/0000/out/1/2/1/0/37","935"
"2026-08-05T13:43:33.662Z","IN","m360/DF/0000/out/1/3/1/0/37","181"
"2026-08-05T13:43:33.718Z","IN","m360/DF/0000/out/1/4/1/0/37","940"
"2026-08-05T13:43:33.723Z","IN","m360/DF/0000/out/1/5/1/0/37","413"
"2026-08-05T13:43:33.723Z","IN","m360/DF/0000/out/1/6/1/0/37","675"
"2026-08-05T13:43:46.635Z","IN","m360/DF/0000/out/2/1/1/0/37","55"
"2026-08-05T13:43:46.694Z","IN","m360/DF/0000/out/2/2/1/0/37","1002"
"2026-08-05T13:43:46.695Z","IN","m360/DF/0000/out/2/3/1/0/37","1018"
"2026-08-05T13:43:46.749Z","IN","m360/DF/0000/out/2/6/1/0/37","873"
"2026-08-05T13:44:23.520Z","IN","m360/DF/0000/out","{""nodeId"":0,""sensorId"":255,""command"":3,""ack"":0,""type"":22,""payload"":"""",""timestamp"":507038,""description"":""heartbeat"",""event"":""heartbeat"",""uptime"":507038,""rssi"":-62,""wifiRssi"":-62,""batteryLevel"":100,""ip"":""192.168.1.2"",""version"":""2.0"",""source"":""gateway""}"
"2026-08-05T13:44:23.577Z","IN","m360/DF/0000/gateway/status","{""timestamp"":507038,""isConnected"":true,""connectionTime"":410692,""reconnectCount"":3,""lastErrorCode"":0,""uptime"":507038,""source"":""gateway"",""type"":""mqtt_metrics""}"
"2026-08-05T13:44:33.657Z","IN","m360/DF/0000/out/1/1/1/0/37","1012"
"2026-08-05T13:44:33.720Z","IN","m360/DF/0000/out/1/3/1/0/37","164"
"2026-08-05T13:44:33.721Z","IN","m360/DF/0000/out/1/4/1/0/37","930"
"2026-08-05T13:44:33.771Z","IN","m360/DF/0000/out/1/5/1/0/37","389"
"2026-08-05T13:44:33.773Z","IN","m360/DF/0000/out/1/6/1/0/37","647"
"2026-08-05T13:44:40.383Z","IN","m360/DF/0000/out/events","{""event"":""node_reconnected"",""nodeId"":99,""timestamp"":507054,""rssi"":-61,""details"":""Node back online or discovered""}"
"2026-08-05T13:44:40.442Z","IN","m360/DF/0000/out/99/12/1/0/1","14"
"2026-08-05T13:44:46.651Z","IN","m360/DF/0000/out/2/1/1/0/37","54"
"2026-08-05T13:44:46.673Z","IN","m360/DF/0000/out/2/2/1/0/37","1001"
"2026-08-05T13:44:46.697Z","IN","m360/DF/0000/out/2/3/1/0/37","1017"
"2026-08-05T13:44:46.719Z","IN","m360/DF/0000/out/2/4/1/0/37","1023"
"2026-08-05T13:44:46.742Z","IN","m360/DF/0000/out/2/5/1/0/37","1014"
"2026-08-05T13:44:46.763Z","IN","m360/DF/0000/out/2/6/1/0/37","875"
"2026-08-05T13:45:23.524Z","IN","m360/DF/0000/out","{""nodeId"":0,""sensorId"":255,""command"":3,""ack"":0,""type"":22,""payload"":"""",""timestamp"":507098,""description"":""heartbeat"",""event"":""heartbeat"",""uptime"":507098,""rssi"":-64,""wifiRssi"":-64,""batteryLevel"":100,""ip"":""192.168.1.2"",""version"":""2.0"",""source"":""gateway""}"
"2026-08-05T13:45:23.593Z","IN","m360/DF/0000/gateway/status","{""timestamp"":507098,""isConnected"":true,""connectionTime"":410752,""reconnectCount"":3,""lastErrorCode"":0,""uptime"":507098,""source"":""gateway"",""type"":""mqtt_metrics""}"
"2026-08-05T13:45:33.766Z","IN","m360/DF/0000/out/1/2/1/0/37","931"
"2026-08-05T13:45:33.824Z","IN","m360/DF/0000/out/1/3/1/0/37","170"
"2026-08-05T13:45:33.824Z","IN","m360/DF/0000/out/1/4/1/0/37","934"
"2026-08-05T13:45:33.919Z","IN","m360/DF/0000/out/1/5/1/0/37","385"
"2026-08-05T13:45:33.919Z","IN","m360/DF/0000/out/1/6/1/0/37","662"
"2026-08-05T13:45:46.652Z","IN","m360/DF/0000/out/2/1/1/0/37","49"
"2026-08-05T13:45:46.711Z","IN","m360/DF/0000/out/2/2/1/0/37","1003"
"2026-08-05T13:45:46.713Z","IN","m360/DF/0000/out/2/3/1/0/37","1019"
"2026-08-05T13:45:46.761Z","IN","m360/DF/0000/out/2/5/1/0/37","1013"
"2026-08-05T13:45:46.763Z","IN","m360/DF/0000/out/2/6/1/0/37","885"
"2026-08-05T13:46:23.528Z","IN","m360/DF/0000/out","{""nodeId"":0,""sensorId"":255,""command"":3,""ack"":0,""type"":22,""payload"":"""",""timestamp"":507158,""description"":""heartbeat"",""event"":""heartbeat"",""uptime"":507158,""rssi"":-63,""wifiRssi"":-63,""batteryLevel"":100,""ip"":""192.168.1.2"",""version"":""2.0"",""source"":""gateway""}"
"2026-08-05T13:46:23.586Z","IN","m360/DF/0000/gateway/status","{""timestamp"":507158,""isConnected"":true,""connectionTime"":410812,""reconnectCount"":3,""lastErrorCode"":0,""uptime"":507158,""source"":""gateway"",""type"":""mqtt_metrics""}"
"2026-08-05T13:46:33.838Z","IN","m360/DF/0000/out/1/2/1/0/37","932"
"2026-08-05T13:46:33.929Z","IN","m360/DF/0000/out/1/3/1/0/37","181"
"2026-08-05T13:46:33.929Z","IN","m360/DF/0000/out/1/4/1/0/37","944"
"2026-08-05T13:46:34.222Z","IN","m360/DF/0000/out/1/5/1/0/37","458"
"2026-08-05T13:46:34.224Z","IN","m360/DF/0000/out/1/6/1/0/37","693"
"2026-08-05T13:46:46.639Z","IN","m360/DF/0000/out/2/1/1/0/37","27"
"2026-08-05T13:46:46.843Z","IN","m360/DF/0000/out/2/2/1/0/37","906"
"2026-08-05T13:46:46.843Z","IN","m360/DF/0000/out/2/5/1/0/37","1012"
"2026-08-05T13:46:46.843Z","IN","m360/DF/0000/out/2/6/1/0/37","871"
"2026-08-05T13:47:23.534Z","IN","m360/DF/0000/out","{""nodeId"":0,""sensorId"":255,""command"":3,""ack"":0,""type"":22,""payload"":"""",""timestamp"":507218,""description"":""heartbeat"",""event"":""heartbeat"",""uptime"":507218,""rssi"":-62,""wifiRssi"":-62,""batteryLevel"":100,""ip"":""192.168.1.2"",""version"":""2.0"",""source"":""gateway""}"
"2026-08-05T13:47:23.592Z","IN","m360/DF/0000/gateway/status","{""timestamp"":507218,""isConnected"":true,""connectionTime"":410872,""reconnectCount"":3,""lastErrorCode"":0,""uptime"":507218,""source"":""gateway"",""type"":""mqtt_metrics""}"
"2026-08-05T13:47:33.883Z","IN","m360/DF/0000/out/1/1/1/0/37","1022"
"2026-08-05T13:47:33.944Z","IN","m360/DF/0000/out/1/2/1/0/37","948"
"2026-08-05T13:47:33.978Z","IN","m360/DF/0000/out/1/3/1/0/37","155"
"2026-08-05T13:47:33.998Z","IN","m360/DF/0000/out/1/4/1/0/37","943"
"2026-08-05T13:47:34.041Z","IN","m360/DF/0000/out/1/5/1/0/37","471"
"2026-08-05T13:47:34.239Z","IN","m360/DF/0000/out/1/6/1/0/37","687"
"2026-08-05T13:47:46.651Z","IN","m360/DF/0000/out/2/1/1/0/37","89"
"2026-08-05T13:47:46.954Z","IN","m360/DF/0000/out/2/2/1/0/37","1002"
"2026-08-05T13:47:46.955Z","IN","m360/DF/0000/out/2/5/1/0/37","1010"
"2026-08-05T13:47:46.956Z","IN","m360/DF/0000/out/2/6/1/0/37","869"
"2026-08-05T13:48:23.540Z","IN","m360/DF/0000/out","{""nodeId"":0,""sensorId"":255,""command"":3,""ack"":0,""type"":22,""payload"":"""",""timestamp"":507278,""description"":""heartbeat"",""event"":""heartbeat"",""uptime"":507278,""rssi"":-62,""wifiRssi"":-62,""batteryLevel"":100,""ip"":""192.168.1.2"",""version"":""2.0"",""source"":""gateway""}"
"2026-08-05T13:48:23.595Z","IN","m360/DF/0000/gateway/status","{""timestamp"":507278,""isConnected"":true,""connectionTime"":410932,""reconnectCount"":3,""lastErrorCode"":0,""uptime"":507278,""source"":""gateway"",""type"":""mqtt_metrics""}"
"2026-08-05T13:48:33.949Z","IN","m360/DF/0000/out/1/1/1/0/37","1012"
"2026-08-05T13:48:34.005Z","IN","m360/DF/0000/out/1/2/1/0/37","935"
"2026-08-05T13:48:34.005Z","IN","m360/DF/0000/out/1/3/1/0/37","165"
"2026-08-05T13:48:34.054Z","IN","m360/DF/0000/out/1/4/1/0/37","939"
"2026-08-05T13:48:34.060Z","IN","m360/DF/0000/out/1/5/1/0/37","416"
"2026-08-05T13:48:34.231Z","IN","m360/DF/0000/out/1/6/1/0/37","668"
"2026-08-05T13:48:46.668Z","IN","m360/DF/0000/out/2/1/1/0/37","46"
"2026-08-05T13:48:46.727Z","IN","m360/DF/0000/out/2/2/1/0/37","1006"
"2026-08-05T13:48:46.794Z","IN","m360/DF/0000/out/2/6/1/0/37","861"
"2026-08-05T13:49:23.541Z","IN","m360/DF/0000/out","{""nodeId"":0,""sensorId"":255,""command"":3,""ack"":0,""type"":22,""payload"":"""",""timestamp"":507338,""description"":""heartbeat"",""event"":""heartbeat"",""uptime"":507338,""rssi"":-63,""wifiRssi"":-63,""batteryLevel"":100,""ip"":""192.168.1.2"",""version"":""2.0"",""source"":""gateway""}"
"2026-08-05T13:49:23.600Z","IN","m360/DF/0000/gateway/status","{""timestamp"":507338,""isConnected"":true,""connectionTime"":410992,""reconnectCount"":3,""lastErrorCode"":0,""uptime"":507338,""source"":""gateway"",""type"":""mqtt_metrics""}"
"2026-08-05T13:49:34.007Z","IN","m360/DF/0000/out/1/2/1/0/37","931"
"2026-08-05T13:49:34.065Z","IN","m360/DF/0000/out/1/3/1/0/37","156"
"2026-08-05T13:49:34.067Z","IN","m360/DF/0000/out/1/4/1/0/37","937"
"2026-08-05T13:49:34.101Z","IN","m360/DF/0000/out/1/5/1/0/37","404"
"2026-08-05T13:49:34.102Z","IN","m360/DF/0000/out/1/6/1/0/37","671"
"2026-08-05T13:49:46.649Z","IN","m360/DF/0000/out/2/1/1/0/37","50"
"2026-08-05T13:49:46.706Z","IN","m360/DF/0000/out/2/2/1/0/37","1002"
"2026-08-05T13:50:23.552Z","IN","m360/DF/0000/out/events","{""event"":""node_lost"",""nodeId"":99,""timestamp"":507398,""rssi"":-63,""details"":""Inactivity detected: timeout 300 s""}"
"2026-08-05T13:50:23.613Z","IN","m360/DF/0000/out","{""nodeId"":0,""sensorId"":255,""command"":3,""ack"":0,""type"":22,""payload"":"""",""timestamp"":507398,""description"":""heartbeat"",""event"":""heartbeat"",""uptime"":507398,""rssi"":-63,""wifiRssi"":-63,""batteryLevel"":100,""ip"":""192.168.1.2"",""version"":""2.0"",""source"":""gateway""}"
"2026-08-05T13:50:23.613Z","IN","m360/DF/0000/gateway/status","{""timestamp"":507398,""isConnected"":true,""connectionTime"":411052,""reconnectCount"":3,""lastErrorCode"":0,""uptime"":507398,""source"":""gateway"",""type"":""mqtt_metrics""}"
"2026-08-05T13:50:34.098Z","IN","m360/DF/0000/out/1/2/1/0/37","932"
"2026-08-05T13:50:34.169Z","IN","m360/DF/0000/out/1/3/1/0/37","161"
"2026-08-05T13:50:34.170Z","IN","m360/DF/0000/out/1/4/1/0/37","935"
"2026-08-05T13:50:34.244Z","IN","m360/DF/0000/out/1/5/1/0/37","401"
"2026-08-05T13:50:34.256Z","IN","m360/DF/0000/out/1/6/1/0/37","691"
"2026-08-05T13:50:46.673Z","IN","m360/DF/0000/out/2/1/1/0/37","72"
"2026-08-05T13:50:46.749Z","IN","m360/DF/0000/out/2/2/1/0/37","1013"
"2026-08-05T13:50:46.749Z","IN","m360/DF/0000/out/2/3/1/0/37","1016"
"2026-08-05T13:50:46.751Z","IN","m360/DF/0000/out/2/6/1/0/37","869"
"2026-08-05T13:51:23.552Z","IN","m360/DF/0000/out","{""nodeId"":0,""sensorId"":255,""command"":3,""ack"":0,""type"":22,""payload"":"""",""timestamp"":507458,""description"":""heartbeat"",""event"":""heartbeat"",""uptime"":507458,""rssi"":-62,""wifiRssi"":-62,""batteryLevel"":100,""ip"":""192.168.1.2"",""version"":""2.0"",""source"":""gateway""}"
"2026-08-05T13:51:23.613Z","IN","m360/DF/0000/gateway/status","{""timestamp"":507458,""isConnected"":true,""connectionTime"":411112,""reconnectCount"":3,""lastErrorCode"":0,""uptime"":507458,""source"":""gateway"",""type"":""mqtt_metrics""}"
"2026-08-05T13:51:34.138Z","IN","m360/DF/0000/out/1/1/1/0/37","1013"
"2026-08-05T13:51:34.194Z","IN","m360/DF/0000/out/1/2/1/0/37","935"
"2026-08-05T13:51:34.195Z","IN","m360/DF/0000/out/1/3/1/0/37","170"
"2026-08-05T13:51:34.234Z","IN","m360/DF/0000/out/1/4/1/0/37","942"
"2026-08-05T13:51:34.235Z","IN","m360/DF/0000/out/1/5/1/0/37","385"
"2026-08-05T13:51:34.437Z","IN","m360/DF/0000/out/1/6/1/0/37","660"
"2026-08-05T13:51:46.694Z","IN","m360/DF/0000/out/2/1/1/0/37","6"
"2026-08-05T13:51:46.755Z","IN","m360/DF/0000/out/2/2/1/0/37","1001"
"2026-08-05T13:51:46.760Z","IN","m360/DF/0000/out/2/3/1/0/37","1023"
"2026-08-05T13:51:46.849Z","IN","m360/DF/0000/out/2/6/1/0/37","873"
"2026-08-05T13:52:23.563Z","IN","m360/DF/0000/out","{""nodeId"":0,""sensorId"":255,""command"":3,""ack"":0,""type"":22,""payload"":"""",""timestamp"":507518,""description"":""heartbeat"",""event"":""heartbeat"",""uptime"":507518,""rssi"":-62,""wifiRssi"":-62,""batteryLevel"":100,""ip"":""192.168.1.2"",""version"":""2.0"",""source"":""gateway""}"
"2026-08-05T13:52:23.622Z","IN","m360/DF/0000/gateway/status","{""timestamp"":507518,""isConnected"":true,""connectionTime"":411172,""reconnectCount"":3,""lastErrorCode"":0,""uptime"":507518,""source"":""gateway"",""type"":""mqtt_metrics""}"
"2026-08-05T13:52:34.188Z","IN","m360/DF/0000/out/1/1/1/0/37","1012"
"2026-08-05T13:52:34.248Z","IN","m360/DF/0000/out/1/2/1/0/37","934"
"2026-08-05T13:52:34.248Z","IN","m360/DF/0000/out/1/3/1/0/37","186"
"2026-08-05T13:52:34.302Z","IN","m360/DF/0000/out/1/4/1/0/37","938"
"2026-08-05T13:52:34.305Z","IN","m360/DF/0000/out/1/5/1/0/37","418"
"2026-08-05T13:52:34.319Z","IN","m360/DF/0000/out/1/6/1/0/37","676"
"2026-08-05T13:52:46.722Z","IN","m360/DF/0000/out/2/1/1/0/37","18"
"2026-08-05T13:52:46.781Z","IN","m360/DF/0000/out/2/2/1/0/37","1002"
"2026-08-05T13:52:46.781Z","IN","m360/DF/0000/out/2/3/1/0/37","1019"
"2026-08-05T13:52:46.825Z","IN","m360/DF/0000/out/2/5/1/0/37","1011"
"2026-08-05T13:52:46.826Z","IN","m360/DF/0000/out/2/6/1/0/37","891"
"2026-08-05T13:53:23.559Z","IN","m360/DF/0000/out","{""nodeId"":0,""sensorId"":255,""command"":3,""ack"":0,""type"":22,""payload"":"""",""timestamp"":507578,""description"":""heartbeat"",""event"":""heartbeat"",""uptime"":507578,""rssi"":-62,""wifiRssi"":-62,""batteryLevel"":100,""ip"":""192.168.1.2"",""version"":""2.0"",""source"":""gateway""}"
"2026-08-05T13:53:23.618Z","IN","m360/DF/0000/gateway/status","{""timestamp"":507578,""isConnected"":true,""connectionTime"":411232,""reconnectCount"":3,""lastErrorCode"":0,""uptime"":507578,""source"":""gateway"",""type"":""mqtt_metrics""}"
"2026-08-05T13:53:34.241Z","IN","m360/DF/0000/out/1/1/1/0/37","993"
"2026-08-05T13:53:34.299Z","IN","m360/DF/0000/out/1/2/1/0/37","935"
"2026-08-05T13:53:34.301Z","IN","m360/DF/0000/out/1/3/1/0/37","168"
"2026-08-05T13:53:34.372Z","IN","m360/DF/0000/out/1/4/1/0/37","953"
"2026-08-05T13:53:34.373Z","IN","m360/DF/0000/out/1/5/1/0/37","403"
"2026-08-05T13:53:34.376Z","IN","m360/DF/0000/out/1/6/1/0/37","673"
"2026-08-05T13:53:46.754Z","IN","m360/DF/0000/out/2/1/1/0/37","53"
"2026-08-05T13:53:46.814Z","IN","m360/DF/0000/out/2/2/1/0/37","999"
"2026-08-05T13:53:46.814Z","IN","m360/DF/0000/out/2/5/1/0/37","1013"
"2026-08-05T13:53:46.848Z","IN","m360/DF/0000/out/2/6/1/0/37","871"
"2026-08-05T13:54:23.564Z","IN","m360/DF/0000/out","{""nodeId"":0,""sensorId"":255,""command"":3,""ack"":0,""type"":22,""payload"":"""",""timestamp"":507638,""description"":""heartbeat"",""event"":""heartbeat"",""uptime"":507638,""rssi"":-63,""wifiRssi"":-63,""batteryLevel"":100,""ip"":""192.168.1.2"",""version"":""2.0"",""source"":""gateway""}"
"2026-08-05T13:54:25.040Z","IN","m360/DF/0000/gateway/status","{""timestamp"":507638,""isConnected"":true,""connectionTime"":411292,""reconnectCount"":3,""lastErrorCode"":0,""uptime"":507638,""source"":""gateway"",""type"":""mqtt_metrics""}"
"2026-08-05T13:54:34.297Z","IN","m360/DF/0000/out/1/1/1/0/37","1011"
"2026-08-05T13:54:34.348Z","IN","m360/DF/0000/out/1/2/1/0/37","934"
"2026-08-05T13:54:34.349Z","IN","m360/DF/0000/out/1/3/1/0/37","187"
"2026-08-05T13:54:34.417Z","IN","m360/DF/0000/out/1/4/1/0/37","939"
"2026-08-05T13:54:34.418Z","IN","m360/DF/0000/out/1/5/1/0/37","415"
"2026-08-05T13:54:34.421Z","IN","m360/DF/0000/out/1/6/1/0/37","675"
"2026-08-05T13:54:46.779Z","IN","m360/DF/0000/out/2/1/1/0/37","20"
"2026-08-05T13:54:46.837Z","IN","m360/DF/0000/out/2/2/1/0/37","995"
"2026-08-05T13:54:46.837Z","IN","m360/DF/0000/out/2/3/1/0/37","1017"
"2026-08-05T13:54:46.868Z","IN","m360/DF/0000/out/2/5/1/0/37","1009"
"2026-08-05T13:55:14.000Z","IN","m360/DF/0000/out/events","{""event"":""node_discovered"",""nodeId"":2,""timestamp"":507688,""rssi"":-62,""details"":""Node discovered, parent: 0""}"
"2026-08-05T13:55:14.067Z","IN","m360/DF/0000/out/2/255/3/0/21","0"
"2026-08-05T13:55:14.181Z","IN","m360/DF/0000/out/events","{""event"":""node_discovered"",""nodeId"":1,""timestamp"":507688,""rssi"":-62,""details"":""Node discovered, parent: 0""}"
"2026-08-05T13:55:14.206Z","IN","m360/DF/0000/out/1/255/3/0/21","0"
"2026-08-05T13:55:23.569Z","IN","m360/DF/0000/out","{""nodeId"":0,""sensorId"":255,""command"":3,""ack"":0,""type"":22,""payload"":"""",""timestamp"":507698,""description"":""heartbeat"",""event"":""heartbeat"",""uptime"":507698,""rssi"":-62,""wifiRssi"":-62,""batteryLevel"":100,""ip"":""192.168.1.2"",""version"":""2.0"",""source"":""gateway""}"
"2026-08-05T13:55:23.587Z","IN","m360/DF/0000/gateway/status","{""timestamp"":507698,""isConnected"":true,""connectionTime"":411352,""reconnectCount"":3,""lastErrorCode"":0,""uptime"":507698,""source"":""gateway"",""type"":""mqtt_metrics""}"
"2026-08-05T13:55:34.341Z","IN","m360/DF/0000/out/1/1/1/0/37","1017"
"2026-08-05T13:55:34.465Z","IN","m360/DF/0000/out/1/3/1/0/37","161"
"2026-08-05T13:55:34.465Z","IN","m360/DF/0000/out/1/4/1/0/37","937"
"2026-08-05T13:55:34.465Z","IN","m360/DF/0000/out/1/5/1/0/37","387"
"2026-08-05T13:55:34.466Z","IN","m360/DF/0000/out/1/6/1/0/37","661"
"2026-08-05T13:55:39.787Z","IN","m360/DF/0000/out/events","{""event"":""node_reconnected"",""nodeId"":99,""timestamp"":507714,""rssi"":-61,""details"":""Node back online or discovered""}"
"2026-08-05T13:55:39.808Z","IN","m360/DF/0000/out/99/12/1/0/1","14"
"2026-08-05T13:55:46.801Z","IN","m360/DF/0000/out/2/1/1/0/37","4"
"2026-08-05T13:55:46.863Z","IN","m360/DF/0000/out/2/2/1/0/37","1002"
"2026-08-05T13:55:46.863Z","IN","m360/DF/0000/out/2/3/1/0/37","1015"
"2026-08-05T13:55:46.913Z","IN","m360/DF/0000/out/2/4/1/0/37","1023"
"2026-08-05T13:55:46.913Z","IN","m360/DF/0000/out/2/5/1/0/37","1023"
"2026-08-05T13:55:46.946Z","IN","m360/DF/0000/out/2/6/1/0/37","869"
"2026-08-05T13:56:23.574Z","IN","m360/DF/0000/out","{""nodeId"":0,""sensorId"":255,""command"":3,""ack"":0,""type"":22,""payload"":"""",""timestamp"":507758,""description"":""heartbeat"",""event"":""heartbeat"",""uptime"":507758,""rssi"":-62,""wifiRssi"":-62,""batteryLevel"":100,""ip"":""192.168.1.2"",""version"":""2.0"",""source"":""gateway""}"
"2026-08-05T13:56:23.633Z","IN","m360/DF/0000/gateway/status","{""timestamp"":507758,""isConnected"":true,""connectionTime"":411412,""reconnectCount"":3,""lastErrorCode"":0,""uptime"":507758,""source"":""gateway"",""type"":""mqtt_metrics""}"
"2026-08-05T13:56:34.432Z","IN","m360/DF/0000/out/1/1/1/0/37","1013"
"2026-08-05T13:56:34.489Z","IN","m360/DF/0000/out/1/2/1/0/37","922"
"2026-08-05T13:56:34.490Z","IN","m360/DF/0000/out/1/3/1/0/37","149"
"2026-08-05T13:56:34.722Z","IN","m360/DF/0000/out/1/4/1/0/37","926"
"2026-08-05T13:56:34.722Z","IN","m360/DF/0000/out/1/5/1/0/37","351"
"2026-08-05T13:56:34.723Z","IN","m360/DF/0000/out/1/6/1/0/37","662"
"2026-08-05T13:56:46.790Z","IN","m360/DF/0000/out/2/1/1/0/37","28"
"2026-08-05T13:56:46.849Z","IN","m360/DF/0000/out/2/2/1/0/37","1004"
"2026-08-05T13:56:46.849Z","IN","m360/DF/0000/out/2/3/1/0/37","1022"
"2026-08-05T13:56:46.891Z","IN","m360/DF/0000/out/2/5/1/0/37","1011"
"2026-08-05T13:56:46.892Z","IN","m360/DF/0000/out/2/6/1/0/37","868"
"2026-08-05T13:57:23.578Z","IN","m360/DF/0000/out","{""nodeId"":0,""sensorId"":255,""command"":3,""ack"":0,""type"":22,""payload"":"""",""timestamp"":507818,""description"":""heartbeat"",""event"":""heartbeat"",""uptime"":507818,""rssi"":-62,""wifiRssi"":-62,""batteryLevel"":100,""ip"":""192.168.1.2"",""version"":""2.0"",""source"":""gateway""}"
"2026-08-05T13:57:23.638Z","IN","m360/DF/0000/gateway/status","{""timestamp"":507818,""isConnected"":true,""connectionTime"":411472,""reconnectCount"":3,""lastErrorCode"":0,""uptime"":507818,""source"":""gateway"",""type"":""mqtt_metrics""}"
"2026-08-05T13:57:34.480Z","IN","m360/DF/0000/out/1/1/1/0/37","1012"
"2026-08-05T13:57:34.538Z","IN","m360/DF/0000/out/1/2/1/0/37","935"
"2026-08-05T13:57:34.538Z","IN","m360/DF/0000/out/1/3/1/0/37","140"
"2026-08-05T13:57:34.741Z","IN","m360/DF/0000/out/1/4/1/0/37","936"
"2026-08-05T13:57:34.743Z","IN","m360/DF/0000/out/1/5/1/0/37","391"
"2026-08-05T13:57:34.743Z","IN","m360/DF/0000/out/1/6/1/0/37","672"
"2026-08-05T13:57:46.822Z","IN","m360/DF/0000/out/2/1/1/0/37","103"
"2026-08-05T13:57:46.884Z","IN","m360/DF/0000/out/2/2/1/0/37","1001"
"2026-08-05T13:57:46.884Z","IN","m360/DF/0000/out/2/3/1/0/37","1019"
"2026-08-05T13:57:46.915Z","IN","m360/DF/0000/out/2/5/1/0/37","1010"
"2026-08-05T13:57:46.930Z","IN","m360/DF/0000/out/2/6/1/0/37","869"
"2026-08-05T13:58:23.582Z","IN","m360/DF/0000/out","{""nodeId"":0,""sensorId"":255,""command"":3,""ack"":0,""type"":22,""payload"":"""",""timestamp"":507878,""description"":""heartbeat"",""event"":""heartbeat"",""uptime"":507878,""rssi"":-59,""wifiRssi"":-59,""batteryLevel"":100,""ip"":""192.168.1.2"",""version"":""2.0"",""source"":""gateway""}"
"2026-08-05T13:58:23.640Z","IN","m360/DF/0000/gateway/status","{""timestamp"":507878,""isConnected"":true,""connectionTime"":411532,""reconnectCount"":3,""lastErrorCode"":0,""uptime"":507878,""source"":""gateway"",""type"":""mqtt_metrics""}"
"2026-08-05T13:58:34.542Z","IN","m360/DF/0000/out/1/2/1/0/37","930"
"2026-08-05T13:58:34.601Z","IN","m360/DF/0000/out/1/3/1/0/37","180"
"2026-08-05T13:58:34.601Z","IN","m360/DF/0000/out/1/4/1/0/37","940"
"2026-08-05T13:58:34.739Z","IN","m360/DF/0000/out/1/5/1/0/37","386"
"2026-08-05T13:58:34.740Z","IN","m360/DF/0000/out/1/6/1/0/37","660"
"2026-08-05T13:58:46.860Z","IN","m360/DF/0000/out/2/1/1/0/37","53"
"2026-08-05T13:58:46.919Z","IN","m360/DF/0000/out/2/2/1/0/37","986"
"2026-08-05T13:58:46.919Z","IN","m360/DF/0000/out/2/3/1/0/37","1018"
"2026-08-05T13:58:46.963Z","IN","m360/DF/0000/out/2/5/1/0/37","1012"
"2026-08-05T13:58:46.964Z","IN","m360/DF/0000/out/2/6/1/0/37","878"
"2026-08-05T13:59:23.589Z","IN","m360/DF/0000/out","{""nodeId"":0,""sensorId"":255,""command"":3,""ack"":0,""type"":22,""payload"":"""",""timestamp"":507938,""description"":""heartbeat"",""event"":""heartbeat"",""uptime"":507938,""rssi"":-59,""wifiRssi"":-59,""batteryLevel"":100,""ip"":""192.168.1.2"",""version"":""2.0"",""source"":""gateway""}"
"2026-08-05T13:59:23.647Z","IN","m360/DF/0000/gateway/status","{""timestamp"":507938,""isConnected"":true,""connectionTime"":411592,""reconnectCount"":3,""lastErrorCode"":0,""uptime"":507938,""source"":""gateway"",""type"":""mqtt_metrics""}"
"2026-08-05T13:59:34.637Z","IN","m360/DF/0000/out/1/3/1/0/37","151"
"2026-08-05T13:59:34.697Z","IN","m360/DF/0000/out/1/4/1/0/37","930"
"2026-08-05T13:59:34.698Z","IN","m360/DF/0000/out/1/5/1/0/37","369"
"2026-08-05T13:59:34.754Z","IN","m360/DF/0000/out/1/6/1/0/37","610"
"2026-08-05T13:59:46.894Z","IN","m360/DF/0000/out/2/1/1/0/37","64"
"2026-08-05T13:59:46.952Z","IN","m360/DF/0000/out/2/2/1/0/37","1006"
"2026-08-05T13:59:46.954Z","IN","m360/DF/0000/out/2/3/1/0/37","1019"
"2026-08-05T13:59:46.996Z","IN","m360/DF/0000/out/2/5/1/0/37","1011"
"2026-08-05T13:59:46.997Z","IN","m360/DF/0000/out/2/6/1/0/37","871"
"2026-08-05T14:00:23.593Z","IN","m360/DF/0000/out","{""nodeId"":0,""sensorId"":255,""command"":3,""ack"":0,""type"":22,""payload"":"""",""timestamp"":507998,""description"":""heartbeat"",""event"":""heartbeat"",""uptime"":507998,""rssi"":-58,""wifiRssi"":-58,""batteryLevel"":100,""ip"":""192.168.1.2"",""version"":""2.0"",""source"":""gateway""}"
"2026-08-05T14:00:23.653Z","IN","m360/DF/0000/gateway/status","{""timestamp"":507998,""isConnected"":true,""connectionTime"":411652,""reconnectCount"":3,""lastErrorCode"":0,""uptime"":507998,""source"":""gateway"",""type"":""mqtt_metrics""}"
"2026-08-05T14:00:34.702Z","IN","m360/DF/0000/out/1/1/1/0/37","1010"
"2026-08-05T14:00:34.762Z","IN","m360/DF/0000/out/1/2/1/0/37","934"
"2026-08-05T14:00:34.762Z","IN","m360/DF/0000/out/1/3/1/0/37","146"
"2026-08-05T14:00:34.816Z","IN","m360/DF/0000/out/1/4/1/0/37","935"
"2026-08-05T14:00:34.817Z","IN","m360/DF/0000/out/1/5/1/0/37","377"
"2026-08-05T14:00:34.824Z","IN","m360/DF/0000/out/1/6/1/0/37","659"
"2026-08-05T14:00:46.925Z","IN","m360/DF/0000/out/2/1/1/0/37","47"
"2026-08-05T14:00:46.985Z","IN","m360/DF/0000/out/2/2/1/0/37","1002"
"2026-08-05T14:00:46.986Z","IN","m360/DF/0000/out/2/4/1/0/37","1022"
"2026-08-05T14:00:47.026Z","IN","m360/DF/0000/out/2/5/1/0/37","1012"
"2026-08-05T14:00:47.027Z","IN","m360/DF/0000/out/2/6/1/0/37","872"
"2026-08-05T14:01:23.602Z","IN","m360/DF/0000/out/events","{""event"":""node_lost"",""nodeId"":99,""timestamp"":508058,""rssi"":-58,""details"":""Inactivity detected: timeout 300 s""}"
"2026-08-05T14:01:23.660Z","IN","m360/DF/0000/out","{""nodeId"":0,""sensorId"":255,""command"":3,""ack"":0,""type"":22,""payload"":"""",""timestamp"":508058,""description"":""heartbeat"",""event"":""heartbeat"",""uptime"":508058,""rssi"":-58,""wifiRssi"":-58,""batteryLevel"":100,""ip"":""192.168.1.2"",""version"":""2.0"",""source"":""gateway""}"
"2026-08-05T14:01:23.661Z","IN","m360/DF/0000/gateway/status","{""timestamp"":508058,""isConnected"":true,""connectionTime"":411712,""reconnectCount"":3,""lastErrorCode"":0,""uptime"":508058,""source"":""gateway"",""type"":""mqtt_metrics""}"
"2026-08-05T14:01:34.759Z","IN","m360/DF/0000/out/1/1/1/0/37","1011"
"2026-08-05T14:01:34.817Z","IN","m360/DF/0000/out/1/2/1/0/37","935"
"2026-08-05T14:01:34.817Z","IN","m360/DF/0000/out/1/3/1/0/37","169"
"2026-08-05T14:01:34.855Z","IN","m360/DF/0000/out/1/4/1/0/37","932"
"2026-08-05T14:01:34.858Z","IN","m360/DF/0000/out/1/5/1/0/37","382"
"2026-08-05T14:01:35.054Z","IN","m360/DF/0000/out/1/6/1/0/37","657"
"2026-08-05T14:01:46.962Z","IN","m360/DF/0000/out/2/1/1/0/37","234"
"2026-08-05T14:01:47.020Z","IN","m360/DF/0000/out/2/2/1/0/37","1015"
"2026-08-05T14:01:47.022Z","IN","m360/DF/0000/out/2/3/1/0/37","1017"
"2026-08-05T14:01:47.078Z","IN","m360/DF/0000/out/2/4/1/0/37","1023"
"2026-08-05T14:01:47.078Z","IN","m360/DF/0000/out/2/5/1/0/37","1011"
"2026-08-05T14:01:47.079Z","IN","m360/DF/0000/out/2/6/1/0/37","868"
"2026-08-05T14:02:23.604Z","IN","m360/DF/0000/out","{""nodeId"":0,""sensorId"":255,""command"":3,""ack"":0,""type"":22,""payload"":"""",""timestamp"":508118,""description"":""heartbeat"",""event"":""heartbeat"",""uptime"":508118,""rssi"":-58,""wifiRssi"":-58,""batteryLevel"":100,""ip"":""192.168.1.2"",""version"":""2.0"",""source"":""gateway""}"
"2026-08-05T14:02:23.664Z","IN","m360/DF/0000/gateway/status","{""timestamp"":508118,""isConnected"":true,""connectionTime"":411772,""reconnectCount"":3,""lastErrorCode"":0,""uptime"":508118,""source"":""gateway"",""type"":""mqtt_metrics""}"
"2026-08-05T14:02:34.804Z","IN","m360/DF/0000/out/1/1/1/0/37","1012"
"2026-08-05T14:02:34.862Z","IN","m360/DF/0000/out/1/2/1/0/37","933"
"2026-08-05T14:02:34.862Z","IN","m360/DF/0000/out/1/3/1/0/37","192"
"2026-08-05T14:02:34.947Z","IN","m360/DF/0000/out/1/4/1/0/37","937"
"2026-08-05T14:02:34.948Z","IN","m360/DF/0000/out/1/5/1/0/37","394"
"2026-08-05T14:02:34.949Z","IN","m360/DF/0000/out/1/6/1/0/37","645"
"2026-08-05T14:02:46.952Z","IN","m360/DF/0000/out/2/1/1/0/37","44"
"2026-08-05T14:02:47.012Z","IN","m360/DF/0000/out/2/2/1/0/37","1002"
"2026-08-05T14:02:47.012Z","IN","m360/DF/0000/out/2/3/1/0/37","1019"
"2026-08-05T14:02:47.064Z","IN","m360/DF/0000/out/2/6/1/0/37","886"
"2026-08-05T14:03:23.605Z","IN","m360/DF/0000/out","{""nodeId"":0,""sensorId"":255,""command"":3,""ack"":0,""type"":22,""payload"":"""",""timestamp"":508178,""description"":""heartbeat"",""event"":""heartbeat"",""uptime"":508178,""rssi"":-59,""wifiRssi"":-59,""batteryLevel"":100,""ip"":""192.168.1.2"",""version"":""2.0"",""source"":""gateway""}"
"2026-08-05T14:03:23.663Z","IN","m360/DF/0000/gateway/status","{""timestamp"":508178,""isConnected"":true,""connectionTime"":411832,""reconnectCount"":3,""lastErrorCode"":0,""uptime"":508178,""source"":""gateway"",""type"":""mqtt_metrics""}"
"2026-08-05T14:03:34.866Z","IN","m360/DF/0000/out/1/1/1/0/37","1011"
"2026-08-05T14:03:34.925Z","IN","m360/DF/0000/out/1/2/1/0/37","936"
"2026-08-05T14:03:34.925Z","IN","m360/DF/0000/out/1/3/1/0/37","172"
"2026-08-05T14:03:34.965Z","IN","m360/DF/0000/out/1/4/1/0/37","976"
"2026-08-05T14:03:34.966Z","IN","m360/DF/0000/out/1/5/1/0/37","380"
"2026-08-05T14:03:35.135Z","IN","m360/DF/0000/out/1/6/1/0/37","652"
"2026-08-05T14:03:46.974Z","IN","m360/DF/0000/out/2/1/1/0/37","32"
"2026-08-05T14:03:47.034Z","IN","m360/DF/0000/out/2/3/1/0/37","1018"
"2026-08-05T14:03:47.063Z","IN","m360/DF/0000/out/2/6/1/0/37","866"
"2026-08-05T14:04:23.609Z","IN","m360/DF/0000/out","{""nodeId"":0,""sensorId"":255,""command"":3,""ack"":0,""type"":22,""payload"":"""",""timestamp"":508238,""description"":""heartbeat"",""event"":""heartbeat"",""uptime"":508238,""rssi"":-58,""wifiRssi"":-58,""batteryLevel"":100,""ip"":""192.168.1.2"",""version"":""2.0"",""source"":""gateway""}"
"2026-08-05T14:04:23.669Z","IN","m360/DF/0000/gateway/status","{""timestamp"":508238,""isConnected"":true,""connectionTime"":411892,""reconnectCount"":3,""lastErrorCode"":0,""uptime"":508238,""source"":""gateway"",""type"":""mqtt_metrics""}"
"2026-08-05T14:04:34.924Z","IN","m360/DF/0000/out/1/2/1/0/37","940"
"2026-08-05T14:04:34.988Z","IN","m360/DF/0000/out/1/3/1/0/37","176"
"2026-08-05T14:04:34.989Z","IN","m360/DF/0000/out/1/4/1/0/37","941"
"2026-08-05T14:04:35.062Z","IN","m360/DF/0000/out/1/5/1/0/37","390"
"2026-08-05T14:04:35.062Z","IN","m360/DF/0000/out/1/6/1/0/37","647"
"2026-08-05T14:04:46.995Z","IN","m360/DF/0000/out/2/1/1/0/37","46"
"2026-08-05T14:04:47.050Z","IN","m360/DF/0000/out/2/4/1/0/37","1022"
"2026-08-05T14:04:47.070Z","IN","m360/DF/0000/out/2/6/1/0/37","848"
"2026-08-05T14:05:23.620Z","IN","m360/DF/0000/out","{""nodeId"":0,""sensorId"":255,""command"":3,""ack"":0,""type"":22,""payload"":"""",""timestamp"":508298,""description"":""heartbeat"",""event"":""heartbeat"",""uptime"":508298,""rssi"":-58,""wifiRssi"":-58,""batteryLevel"":100,""ip"":""192.168.1.2"",""version"":""2.0"",""source"":""gateway""}"
"2026-08-05T14:05:23.674Z","IN","m360/DF/0000/gateway/status","{""timestamp"":508298,""isConnected"":true,""connectionTime"":411952,""reconnectCount"":3,""lastErrorCode"":0,""uptime"":508298,""source"":""gateway"",""type"":""mqtt_metrics""}"
"2026-08-05T14:05:34.970Z","IN","m360/DF/0000/out/1/2/1/0/37","930"
"2026-08-05T14:05:35.031Z","IN","m360/DF/0000/out/1/3/1/0/37","159"
"2026-08-05T14:05:35.034Z","IN","m360/DF/0000/out/1/4/1/0/37","936"
"2026-08-05T14:05:35.083Z","IN","m360/DF/0000/out/1/5/1/0/37","385"
"2026-08-05T14:05:35.086Z","IN","m360/DF/0000/out/1/6/1/0/37","655"
"2026-08-05T14:05:47.011Z","IN","m360/DF/0000/out/2/1/1/0/37","22"
"2026-08-05T14:05:47.070Z","IN","m360/DF/0000/out/2/2/1/0/37","999"
"2026-08-05T14:05:47.070Z","IN","m360/DF/0000/out/2/3/1/0/37","1016"
"2026-08-05T14:05:47.098Z","IN","m360/DF/0000/out/2/4/1/0/37","1023"
"2026-08-05T14:05:47.117Z","IN","m360/DF/0000/out/2/5/1/0/37","1004"
"2026-08-05T14:05:47.135Z","IN","m360/DF/0000/out/2/6/1/0/37","869"
"2026-08-05T14:06:23.621Z","IN","m360/DF/0000/out","{""nodeId"":0,""sensorId"":255,""command"":3,""ack"":0,""type"":22,""payload"":"""",""timestamp"":508358,""description"":""heartbeat"",""event"":""heartbeat"",""uptime"":508358,""rssi"":-58,""wifiRssi"":-58,""batteryLevel"":100,""ip"":""192.168.1.2"",""version"":""2.0"",""source"":""gateway""}"
"2026-08-05T14:06:23.677Z","IN","m360/DF/0000/gateway/status","{""timestamp"":508358,""isConnected"":true,""connectionTime"":412012,""reconnectCount"":3,""lastErrorCode"":0,""uptime"":508358,""source"":""gateway"",""type"":""mqtt_metrics""}"
"2026-08-05T14:06:35.057Z","IN","m360/DF/0000/out/1/1/1/0/37","1012"
"2026-08-05T14:06:35.112Z","IN","m360/DF/0000/out/1/2/1/0/37","934"
"2026-08-05T14:06:35.115Z","IN","m360/DF/0000/out/1/3/1/0/37","165"
"2026-08-05T14:06:35.181Z","IN","m360/DF/0000/out/1/4/1/0/37","937"
"2026-08-05T14:06:35.181Z","IN","m360/DF/0000/out/1/5/1/0/37","403"
"2026-08-05T14:06:35.182Z","IN","m360/DF/0000/out/1/6/1/0/37","633"
"2026-08-05T14:06:47.003Z","IN","m360/DF/0000/out/2/1/1/0/37","55"
"2026-08-05T14:06:47.064Z","IN","m360/DF/0000/out/2/2/1/0/37","1002"
"2026-08-05T14:06:47.064Z","IN","m360/DF/0000/out/2/3/1/0/37","1018"
"2026-08-05T14:06:47.120Z","IN","m360/DF/0000/out/2/5/1/0/37","1023"
"2026-08-05T14:06:47.121Z","IN","m360/DF/0000/out/2/6/1/0/37","875"
"2026-08-05T14:07:23.624Z","IN","m360/DF/0000/out","{""nodeId"":0,""sensorId"":255,""command"":3,""ack"":0,""type"":22,""payload"":"""",""timestamp"":508418,""description"":""heartbeat"",""event"":""heartbeat"",""uptime"":508418,""rssi"":-58,""wifiRssi"":-58,""batteryLevel"":100,""ip"":""192.168.1.2"",""version"":""2.0"",""source"":""gateway""}"
"2026-08-05T14:07:23.682Z","IN","m360/DF/0000/gateway/status","{""timestamp"":508418,""isConnected"":true,""connectionTime"":412072,""reconnectCount"":3,""lastErrorCode"":0,""uptime"":508418,""source"":""gateway"",""type"":""mqtt_metrics""}"
"2026-08-05T14:07:35.111Z","IN","m360/DF/0000/out/1/1/1/0/37","1011"
"2026-08-05T14:07:35.171Z","IN","m360/DF/0000/out/1/2/1/0/37","933"
"2026-08-05T14:07:35.173Z","IN","m360/DF/0000/out/1/3/1/0/37","176"
"2026-08-05T14:07:35.541Z","IN","m360/DF/0000/out/1/4/1/0/37","920"
"2026-08-05T14:07:35.543Z","IN","m360/DF/0000/out/1/5/1/0/37","395"
"2026-08-05T14:07:35.545Z","IN","m360/DF/0000/out/1/6/1/0/37","660"
"2026-08-05T14:07:47.034Z","IN","m360/DF/0000/out/2/1/1/0/37","23"
"2026-08-05T14:07:47.093Z","IN","m360/DF/0000/out/2/2/1/0/37","998"
"2026-08-05T14:07:47.093Z","IN","m360/DF/0000/out/2/3/1/0/37","1014"
"2026-08-05T14:07:47.151Z","IN","m360/DF/0000/out/2/5/1/0/37","1009"
"2026-08-05T14:07:47.152Z","IN","m360/DF/0000/out/2/6/1/0/37","867"
"2026-08-05T14:08:23.627Z","IN","m360/DF/0000/out","{""nodeId"":0,""sensorId"":255,""command"":3,""ack"":0,""type"":22,""payload"":"""",""timestamp"":508478,""description"":""heartbeat"",""event"":""heartbeat"",""uptime"":508478,""rssi"":-58,""wifiRssi"":-58,""batteryLevel"":100,""ip"":""192.168.1.2"",""version"":""2.0"",""source"":""gateway""}"
"2026-08-05T14:08:23.685Z","IN","m360/DF/0000/gateway/status","{""timestamp"":508478,""isConnected"":true,""connectionTime"":412132,""reconnectCount"":3,""lastErrorCode"":0,""uptime"":508478,""source"":""gateway"",""type"":""mqtt_metrics""}"
"2026-08-05T14:08:35.174Z","IN","m360/DF/0000/out/1/2/1/0/37","937"
"2026-08-05T14:08:35.233Z","IN","m360/DF/0000/out/1/3/1/0/37","166"
"2026-08-05T14:08:35.233Z","IN","m360/DF/0000/out/1/4/1/0/37","941"
"2026-08-05T14:08:35.235Z","IN","m360/DF/0000/out/1/5/1/0/37","387"
"2026-08-05T14:08:35.420Z","IN","m360/DF/0000/out/1/6/1/0/37","656"
"2026-08-05T14:08:47.070Z","IN","m360/DF/0000/out/2/1/1/0/37","26"
"2026-08-05T14:08:47.130Z","IN","m360/DF/0000/out/2/2/1/0/37","1002"
"2026-08-05T14:08:47.130Z","IN","m360/DF/0000/out/2/3/1/0/37","958"
"2026-08-05T14:08:47.174Z","IN","m360/DF/0000/out/2/6/1/0/37","870"
"2026-08-05T14:09:23.632Z","IN","m360/DF/0000/out","{""nodeId"":0,""sensorId"":255,""command"":3,""ack"":0,""type"":22,""payload"":"""",""timestamp"":508538,""description"":""heartbeat"",""event"":""heartbeat"",""uptime"":508538,""rssi"":-58,""wifiRssi"":-58,""batteryLevel"":100,""ip"":""192.168.1.2"",""version"":""2.0"",""source"":""gateway""}"
"2026-08-05T14:09:23.691Z","IN","m360/DF/0000/gateway/status","{""timestamp"":508538,""isConnected"":true,""connectionTime"":412192,""reconnectCount"":3,""lastErrorCode"":0,""uptime"":508538,""source"":""gateway"",""type"":""mqtt_metrics""}"
"2026-08-05T14:09:35.246Z","IN","m360/DF/0000/out/1/1/1/0/37","1014"
"2026-08-05T14:09:35.304Z","IN","m360/DF/0000/out/1/2/1/0/37","934"
"2026-08-05T14:09:35.305Z","IN","m360/DF/0000/out/1/4/1/0/37","935"
"2026-08-05T14:09:35.366Z","IN","m360/DF/0000/out/1/5/1/0/37","393"
"2026-08-05T14:09:35.368Z","IN","m360/DF/0000/out/1/6/1/0/37","741"
"2026-08-05T14:09:47.094Z","IN","m360/DF/0000/out/2/1/1/0/37","47"
"2026-08-05T14:09:47.153Z","IN","m360/DF/0000/out/2/2/1/0/37","1006"
"2026-08-05T14:09:47.154Z","IN","m360/DF/0000/out/2/3/1/0/37","1023"
"2026-08-05T14:09:47.189Z","IN","m360/DF/0000/out/2/5/1/0/37","1005"
"2026-08-05T14:09:47.191Z","IN","m360/DF/0000/out/2/6/1/0/37","869"
"2026-08-05T14:10:23.637Z","IN","m360/DF/0000/out","{""nodeId"":0,""sensorId"":255,""command"":3,""ack"":0,""type"":22,""payload"":"""",""timestamp"":508598,""description"":""heartbeat"",""event"":""heartbeat"",""uptime"":508598,""rssi"":-58,""wifiRssi"":-58,""batteryLevel"":100,""ip"":""192.168.1.2"",""version"":""2.0"",""source"":""gateway""}"
"2026-08-05T14:10:23.699Z","IN","m360/DF/0000/gateway/status","{""timestamp"":508598,""isConnected"":true,""connectionTime"":412252,""reconnectCount"":3,""lastErrorCode"":0,""uptime"":508598,""source"":""gateway"",""type"":""mqtt_metrics""}"
"2026-08-05T14:10:35.337Z","IN","m360/DF/0000/out/1/1/1/0/37","1011"
"2026-08-05T14:10:35.397Z","IN","m360/DF/0000/out/1/2/1/0/37","932"
"2026-08-05T14:10:35.399Z","IN","m360/DF/0000/out/1/3/1/0/37","160"
"2026-08-05T14:10:35.439Z","IN","m360/DF/0000/out/1/4/1/0/37","936"
"2026-08-05T14:10:35.441Z","IN","m360/DF/0000/out/1/5/1/0/37","399"
"2026-08-05T14:10:35.641Z","IN","m360/DF/0000/out/1/6/1/0/37","667"
"2026-08-05T14:10:47.130Z","IN","m360/DF/0000/out/2/1/1/0/37","53"
"2026-08-05T14:10:47.193Z","IN","m360/DF/0000/out/2/2/1/0/37","1001"
"2026-08-05T14:10:47.230Z","IN","m360/DF/0000/out/2/3/1/0/37","1018"
"2026-08-05T14:10:47.233Z","IN","m360/DF/0000/out/2/5/1/0/37","1008"
"2026-08-05T14:10:47.283Z","IN","m360/DF/0000/out/2/6/1/0/37","885"
"2026-08-05T14:11:23.643Z","IN","m360/DF/0000/out","{""nodeId"":0,""sensorId"":255,""command"":3,""ack"":0,""type"":22,""payload"":"""",""timestamp"":508658,""description"":""heartbeat"",""event"":""heartbeat"",""uptime"":508658,""rssi"":-59,""wifiRssi"":-59,""batteryLevel"":100,""ip"":""192.168.1.2"",""version"":""2.0"",""source"":""gateway""}"
"2026-08-05T14:11:23.704Z","IN","m360/DF/0000/gateway/status","{""timestamp"":508658,""isConnected"":true,""connectionTime"":412312,""reconnectCount"":3,""lastErrorCode"":0,""uptime"":508658,""source"":""gateway"",""type"":""mqtt_metrics""}"
"2026-08-05T14:11:35.393Z","IN","m360/DF/0000/out/1/2/1/0/37","930"
"2026-08-05T14:11:35.453Z","IN","m360/DF/0000/out/1/3/1/0/37","156"
"2026-08-05T14:11:35.454Z","IN","m360/DF/0000/out/1/4/1/0/37","935"
"2026-08-05T14:11:35.500Z","IN","m360/DF/0000/out/1/5/1/0/37","372"
"2026-08-05T14:11:35.501Z","IN","m360/DF/0000/out/1/6/1/0/37","649"
"2026-08-05T14:11:47.165Z","IN","m360/DF/0000/out/2/1/1/0/37","46"
"2026-08-05T14:11:47.224Z","IN","m360/DF/0000/out/2/2/1/0/37","1002"
"2026-08-05T14:11:47.224Z","IN","m360/DF/0000/out/2/6/1/0/37","866"
"2026-08-05T14:12:23.647Z","IN","m360/DF/0000/out","{""nodeId"":0,""sensorId"":255,""command"":3,""ack"":0,""type"":22,""payload"":"""",""timestamp"":508718,""description"":""heartbeat"",""event"":""heartbeat"",""uptime"":508718,""rssi"":-59,""wifiRssi"":-59,""batteryLevel"":100,""ip"":""192.168.1.2"",""version"":""2.0"",""source"":""gateway""}"
"2026-08-05T14:12:23.705Z","IN","m360/DF/0000/gateway/status","{""timestamp"":508718,""isConnected"":true,""connectionTime"":412372,""reconnectCount"":3,""lastErrorCode"":0,""uptime"":508718,""source"":""gateway"",""type"":""mqtt_metrics""}"
"2026-08-05T14:12:35.490Z","IN","m360/DF/0000/out/1/2/1/0/37","929"
"2026-08-05T14:12:35.552Z","IN","m360/DF/0000/out/1/3/1/0/37","147"
"2026-08-05T14:12:35.553Z","IN","m360/DF/0000/out/1/4/1/0/37","934"
"2026-08-05T14:12:35.618Z","IN","m360/DF/0000/out/1/5/1/0/37","382"
"2026-08-05T14:12:35.619Z","IN","m360/DF/0000/out/1/6/1/0/37","652"
"2026-08-05T14:12:47.174Z","IN","m360/DF/0000/out/2/1/1/0/37","21"
"2026-08-05T14:12:47.233Z","IN","m360/DF/0000/out/2/2/1/0/37","1001"
"2026-08-05T14:12:47.233Z","IN","m360/DF/0000/out/2/5/1/0/37","1007"
"2026-08-05T14:12:47.265Z","IN","m360/DF/0000/out/2/6/1/0/37","871"
"2026-08-05T14:13:23.654Z","IN","m360/DF/0000/out","{""nodeId"":0,""sensorId"":255,""command"":3,""ack"":0,""type"":22,""payload"":"""",""timestamp"":508778,""description"":""heartbeat"",""event"":""heartbeat"",""uptime"":508778,""rssi"":-59,""wifiRssi"":-59,""batteryLevel"":100,""ip"":""192.168.1.2"",""version"":""2.0"",""source"":""gateway""}"
"2026-08-05T14:13:23.710Z","IN","m360/DF/0000/gateway/status","{""timestamp"":508778,""isConnected"":true,""connectionTime"":412432,""reconnectCount"":3,""lastErrorCode"":0,""uptime"":508778,""source"":""gateway"",""type"":""mqtt_metrics""}"
"2026-08-05T14:13:35.588Z","IN","m360/DF/0000/out/1/3/1/0/37","148"
"2026-08-05T14:13:35.646Z","IN","m360/DF/0000/out/1/5/1/0/37","363"
"2026-08-05T14:13:35.647Z","IN","m360/DF/0000/out/1/6/1/0/37","635"
"2026-08-05T14:13:47.198Z","IN","m360/DF/0000/out/2/1/1/0/37","2"
"2026-08-05T14:13:47.258Z","IN","m360/DF/0000/out/2/2/1/0/37","998"
"2026-08-05T14:13:47.258Z","IN","m360/DF/0000/out/2/3/1/0/37","1017"
"2026-08-05T14:13:47.312Z","IN","m360/DF/0000/out/2/6/1/0/37","870"
"2026-08-05T14:14:23.655Z","IN","m360/DF/0000/out","{""nodeId"":0,""sensorId"":255,""command"":3,""ack"":0,""type"":22,""payload"":"""",""timestamp"":508838,""description"":""heartbeat"",""event"":""heartbeat"",""uptime"":508838,""rssi"":-59,""wifiRssi"":-59,""batteryLevel"":100,""ip"":""192.168.1.2"",""version"":""2.0"",""source"":""gateway""}"
"2026-08-05T14:14:23.716Z","IN","m360/DF/0000/gateway/status","{""timestamp"":508838,""isConnected"":true,""connectionTime"":412492,""reconnectCount"":3,""lastErrorCode"":0,""uptime"":508838,""source"":""gateway"",""type"":""mqtt_metrics""}"
"2026-08-05T14:14:35.647Z","IN","m360/DF/0000/out/1/1/1/0/37","1010"
"2026-08-05T14:14:35.705Z","IN","m360/DF/0000/out/1/3/1/0/37","150"
"2026-08-05T14:14:35.705Z","IN","m360/DF/0000/out/1/5/1/0/37","373"
"2026-08-05T14:14:35.756Z","IN","m360/DF/0000/out/1/6/1/0/37","631"
"2026-08-05T14:14:47.223Z","IN","m360/DF/0000/out/2/1/1/0/37","7"
"2026-08-05T14:14:47.282Z","IN","m360/DF/0000/out/2/2/1/0/37","999"
"2026-08-05T14:14:47.282Z","IN","m360/DF/0000/out/2/3/1/0/37","1016"
"2026-08-05T14:14:47.325Z","IN","m360/DF/0000/out/2/4/1/0/37","1018"
"2026-08-05T14:14:47.326Z","IN","m360/DF/0000/out/2/5/1/0/37","1008"
"2026-08-05T14:14:47.354Z","IN","m360/DF/0000/out/2/6/1/0/37","871"
"2026-08-05T14:15:14.295Z","IN","m360/DF/0000/out/events","{""event"":""node_discovered"",""nodeId"":2,""timestamp"":508888,""rssi"":-58,""details"":""Node discovered, parent: 0""}"
"2026-08-05T14:15:14.353Z","IN","m360/DF/0000/out/2/255/3/0/21","0"
"2026-08-05T14:15:14.354Z","IN","m360/DF/0000/out/events","{""event"":""node_discovered"",""nodeId"":1,""timestamp"":508888,""rssi"":-58,""details"":""Node discovered, parent: 0""}"
"2026-08-05T14:15:14.354Z","IN","m360/DF/0000/out/1/255/3/0/21","0"
"2026-08-05T14:15:23.666Z","IN","m360/DF/0000/out","{""nodeId"":0,""sensorId"":255,""command"":3,""ack"":0,""type"":22,""payload"":"""",""timestamp"":508898,""description"":""heartbeat"",""event"":""heartbeat"",""uptime"":508898,""rssi"":-58,""wifiRssi"":-58,""batteryLevel"":100,""ip"":""192.168.1.2"",""version"":""2.0"",""source"":""gateway""}"
"2026-08-05T14:15:23.686Z","IN","m360/DF/0000/gateway/status","{""timestamp"":508898,""isConnected"":true,""connectionTime"":412552,""reconnectCount"":3,""lastErrorCode"":0,""uptime"":508898,""source"":""gateway"",""type"":""mqtt_metrics""}"
"2026-08-05T14:15:35.718Z","IN","m360/DF/0000/out/1/1/1/0/37","1016"
"2026-08-05T14:15:35.779Z","IN","m360/DF/0000/out/1/2/1/0/37","927"
"2026-08-05T14:15:35.779Z","IN","m360/DF/0000/out/1/3/1/0/37","130"
"2026-08-05T14:15:35.933Z","IN","m360/DF/0000/out/1/4/1/0/37","935"
"2026-08-05T14:15:35.935Z","IN","m360/DF/0000/out/1/5/1/0/37","376"
"2026-08-05T14:15:35.935Z","IN","m360/DF/0000/out/1/6/1/0/37","653"
"2026-08-05T14:15:47.256Z","IN","m360/DF/0000/out/2/1/1/0/37","53"
"2026-08-05T14:15:47.317Z","IN","m360/DF/0000/out/2/2/1/0/37","1001"
"2026-08-05T14:15:47.319Z","IN","m360/DF/0000/out/2/3/1/0/37","1018"
"2026-08-05T14:15:47.359Z","IN","m360/DF/0000/out/2/4/1/0/37","1023"
"2026-08-05T14:15:47.360Z","IN","m360/DF/0000/out/2/6/1/0/37","866"
"2026-08-05T14:16:23.666Z","IN","m360/DF/0000/out","{""nodeId"":0,""sensorId"":255,""command"":3,""ack"":0,""type"":22,""payload"":"""",""timestamp"":508958,""description"":""heartbeat"",""event"":""heartbeat"",""uptime"":508958,""rssi"":-58,""wifiRssi"":-58,""batteryLevel"":100,""ip"":""192.168.1.2"",""version"":""2.0"",""source"":""gateway""}"
"2026-08-05T14:16:23.725Z","IN","m360/DF/0000/gateway/status","{""timestamp"":508958,""isConnected"":true,""connectionTime"":412612,""reconnectCount"":3,""lastErrorCode"":0,""uptime"":508958,""source"":""gateway"",""type"":""mqtt_metrics""}"
"2026-08-05T14:16:35.768Z","IN","m360/DF/0000/out/1/1/1/0/37","1009"
"2026-08-05T14:16:35.826Z","IN","m360/DF/0000/out/1/2/1/0/37","948"
"2026-08-05T14:16:35.828Z","IN","m360/DF/0000/out/1/3/1/0/37","163"
"2026-08-05T14:16:35.877Z","IN","m360/DF/0000/out/1/4/1/0/37","943"
"2026-08-05T14:16:35.878Z","IN","m360/DF/0000/out/1/5/1/0/37","395"
"2026-08-05T14:16:36.052Z","IN","m360/DF/0000/out/1/6/1/0/37","665"
"2026-08-05T14:16:47.259Z","IN","m360/DF/0000/out/2/1/1/0/37","50"
"2026-08-05T14:16:47.318Z","IN","m360/DF/0000/out/2/5/1/0/37","1006"
"2026-08-05T14:16:47.342Z","IN","m360/DF/0000/out/2/6/1/0/37","841"
"2026-08-05T14:17:23.673Z","IN","m360/DF/0000/out","{""nodeId"":0,""sensorId"":255,""command"":3,""ack"":0,""type"":22,""payload"":"""",""timestamp"":509018,""description"":""heartbeat"",""event"":""heartbeat"",""uptime"":509018,""rssi"":-59,""wifiRssi"":-59,""batteryLevel"":100,""ip"":""192.168.1.2"",""version"":""2.0"",""source"":""gateway""}"
"2026-08-05T14:17:23.729Z","IN","m360/DF/0000/gateway/status","{""timestamp"":509018,""isConnected"":true,""connectionTime"":412672,""reconnectCount"":3,""lastErrorCode"":0,""uptime"":509018,""source"":""gateway"",""type"":""mqtt_metrics""}"
"2026-08-05T14:17:35.833Z","IN","m360/DF/0000/out/1/1/1/0/37","1011"
"2026-08-05T14:17:35.931Z","IN","m360/DF/0000/out/1/2/1/0/37","932"
"2026-08-05T14:17:35.931Z","IN","m360/DF/0000/out/1/3/1/0/37","160"
"2026-08-05T14:17:35.931Z","IN","m360/DF/0000/out/1/4/1/0/37","936"
"2026-08-05T14:17:35.974Z","IN","m360/DF/0000/out/1/5/1/0/37","318"
"2026-08-05T14:17:36.052Z","IN","m360/DF/0000/out/1/6/1/0/37","628"
"2026-08-05T14:17:47.285Z","IN","m360/DF/0000/out/2/2/1/0/37","1002"
"2026-08-05T14:17:47.343Z","IN","m360/DF/0000/out/2/5/1/0/37","1010"
"2026-08-05T14:17:47.361Z","IN","m360/DF/0000/out/2/6/1/0/37","866"
"2026-08-05T14:18:23.674Z","IN","m360/DF/0000/out","{""nodeId"":0,""sensorId"":255,""command"":3,""ack"":0,""type"":22,""payload"":"""",""timestamp"":509078,""description"":""heartbeat"",""event"":""heartbeat"",""uptime"":509078,""rssi"":-59,""wifiRssi"":-59,""batteryLevel"":100,""ip"":""192.168.1.2"",""version"":""2.0"",""source"":""gateway""}"
"2026-08-05T14:18:23.734Z","IN","m360/DF/0000/gateway/status","{""timestamp"":509078,""isConnected"":true,""connectionTime"":412732,""reconnectCount"":3,""lastErrorCode"":0,""uptime"":509078,""source"":""gateway"",""type"":""mqtt_metrics""}"
"2026-08-05T14:18:35.883Z","IN","m360/DF/0000/out/1/1/1/0/37","1003"
"2026-08-05T14:18:35.943Z","IN","m360/DF/0000/out/1/2/1/0/37","936"
"2026-08-05T14:18:35.944Z","IN","m360/DF/0000/out/1/3/1/0/37","157"
"2026-08-05T14:18:36.036Z","IN","m360/DF/0000/out/1/4/1/0/37","937"
"2026-08-05T14:18:36.037Z","IN","m360/DF/0000/out/1/5/1/0/37","392"
"2026-08-05T14:18:36.041Z","IN","m360/DF/0000/out/1/6/1/0/37","654"
"2026-08-05T14:18:47.292Z","IN","m360/DF/0000/out/2/1/1/0/37","49"
"2026-08-05T14:18:47.358Z","IN","m360/DF/0000/out/2/2/1/0/37","1001"
"2026-08-05T14:18:47.361Z","IN","m360/DF/0000/out/2/3/1/0/37","1023"
"2026-08-05T14:18:47.403Z","IN","m360/DF/0000/out/2/5/1/0/37","1008"
"2026-08-05T14:18:47.404Z","IN","m360/DF/0000/out/2/6/1/0/37","871"
"2026-08-05T14:19:23.680Z","IN","m360/DF/0000/out","{""nodeId"":0,""sensorId"":255,""command"":3,""ack"":0,""type"":22,""payload"":"""",""timestamp"":509138,""description"":""heartbeat"",""event"":""heartbeat"",""uptime"":509138,""rssi"":-59,""wifiRssi"":-59,""batteryLevel"":100,""ip"":""192.168.1.2"",""version"":""2.0"",""source"":""gateway""}"
"2026-08-05T14:19:23.741Z","IN","m360/DF/0000/gateway/status","{""timestamp"":509138,""isConnected"":true,""connectionTime"":412792,""reconnectCount"":3,""lastErrorCode"":0,""uptime"":509138,""source"":""gateway"",""type"":""mqtt_metrics""}"
"2026-08-05T14:19:35.933Z","IN","m360/DF/0000/out/1/1/1/0/37","1023"
"2026-08-05T14:19:35.994Z","IN","m360/DF/0000/out/1/2/1/0/37","933"
"2026-08-05T14:19:35.994Z","IN","m360/DF/0000/out/1/3/1/0/37","153"
"2026-08-05T14:19:36.054Z","IN","m360/DF/0000/out/1/4/1/0/37","936"
"2026-08-05T14:19:36.056Z","IN","m360/DF/0000/out/1/6/1/0/37","649"
"2026-08-05T14:19:47.335Z","IN","m360/DF/0000/out/2/1/1/0/37","85"
"2026-08-05T14:19:47.441Z","IN","m360/DF/0000/out/2/2/1/0/37","1000"
"2026-08-05T14:19:47.441Z","IN","m360/DF/0000/out/2/3/1/0/37","1019"
"2026-08-05T14:19:47.441Z","IN","m360/DF/0000/out/2/5/1/0/37","1006"
"2026-08-05T14:19:47.453Z","IN","m360/DF/0000/out/2/6/1/0/37","870"
"2026-08-05T14:20:23.684Z","IN","m360/DF/0000/out","{""nodeId"":0,""sensorId"":255,""command"":3,""ack"":0,""type"":22,""payload"":"""",""timestamp"":509198,""description"":""heartbeat"",""event"":""heartbeat"",""uptime"":509198,""rssi"":-59,""wifiRssi"":-59,""batteryLevel"":100,""ip"":""192.168.1.2"",""version"":""2.0"",""source"":""gateway""}"
"2026-08-05T14:20:23.741Z","IN","m360/DF/0000/gateway/status","{""timestamp"":509198,""isConnected"":true,""connectionTime"":412852,""reconnectCount"":3,""lastErrorCode"":0,""uptime"":509198,""source"":""gateway"",""type"":""mqtt_metrics""}"
"2026-08-05T14:20:36.025Z","IN","m360/DF/0000/out/1/1/1/0/37","1021"
"2026-08-05T14:20:36.086Z","IN","m360/DF/0000/out/1/2/1/0/37","930"
"2026-08-05T14:20:36.088Z","IN","m360/DF/0000/out/1/3/1/0/37","162"
"2026-08-05T14:20:36.139Z","IN","m360/DF/0000/out/1/4/1/0/37","935"
"2026-08-05T14:20:36.141Z","IN","m360/DF/0000/out/1/5/1/0/37","388"
"2026-08-05T14:20:36.141Z","IN","m360/DF/0000/out/1/6/1/0/37","652"
"2026-08-05T14:20:47.323Z","IN","m360/DF/0000/out/2/1/1/0/37","56"
"2026-08-05T14:20:47.385Z","IN","m360/DF/0000/out/2/2/1/0/37","1001"
"2026-08-05T14:20:47.385Z","IN","m360/DF/0000/out/2/3/1/0/37","1018"
"2026-08-05T14:20:47.432Z","IN","m360/DF/0000/out/2/6/1/0/37","857"
"2026-08-05T14:21:23.687Z","IN","m360/DF/0000/out","{""nodeId"":0,""sensorId"":255,""command"":3,""ack"":0,""type"":22,""payload"":"""",""timestamp"":509258,""description"":""heartbeat"",""event"":""heartbeat"",""uptime"":509258,""rssi"":-58,""wifiRssi"":-58,""batteryLevel"":100,""ip"":""192.168.1.2"",""version"":""2.0"",""source"":""gateway""}"
"2026-08-05T14:21:23.745Z","IN","m360/DF/0000/gateway/status","{""timestamp"":509258,""isConnected"":true,""connectionTime"":412912,""reconnectCount"":3,""lastErrorCode"":0,""uptime"":509258,""source"":""gateway"",""type"":""mqtt_metrics""}"
"2026-08-05T14:21:36.075Z","IN","m360/DF/0000/out/1/1/1/0/37","1022"
"2026-08-05T14:21:36.133Z","IN","m360/DF/0000/out/1/2/1/0/37","933"
"2026-08-05T14:21:36.134Z","IN","m360/DF/0000/out/1/3/1/0/37","160"
"2026-08-05T14:21:36.191Z","IN","m360/DF/0000/out/1/4/1/0/37","930"
"2026-08-05T14:21:36.221Z","IN","m360/DF/0000/out/1/5/1/0/37","384"
"2026-08-05T14:21:36.234Z","IN","m360/DF/0000/out/1/6/1/0/37","647"
"2026-08-05T14:21:47.347Z","IN","m360/DF/0000/out/2/1/1/0/37","103"
"2026-08-05T14:21:47.405Z","IN","m360/DF/0000/out/2/6/1/0/37","863"
"2026-08-05T14:22:23.692Z","IN","m360/DF/0000/out","{""nodeId"":0,""sensorId"":255,""command"":3,""ack"":0,""type"":22,""payload"":"""",""timestamp"":509318,""description"":""heartbeat"",""event"":""heartbeat"",""uptime"":509318,""rssi"":-59,""wifiRssi"":-59,""batteryLevel"":100,""ip"":""192.168.1.2"",""version"":""2.0"",""source"":""gateway""}"
"2026-08-05T14:22:23.750Z","IN","m360/DF/0000/gateway/status","{""timestamp"":509318,""isConnected"":true,""connectionTime"":412972,""reconnectCount"":3,""lastErrorCode"":0,""uptime"":509318,""source"":""gateway"",""type"":""mqtt_metrics""}"
"2026-08-05T14:22:36.130Z","IN","m360/DF/0000/out/1/1/1/0/37","1011"
"2026-08-05T14:22:36.187Z","IN","m360/DF/0000/out/1/2/1/0/37","931"
"2026-08-05T14:22:36.187Z","IN","m360/DF/0000/out/1/3/1/0/37","170"
"2026-08-05T14:22:36.242Z","IN","m360/DF/0000/out/1/4/1/0/37","924"
"2026-08-05T14:22:36.244Z","IN","m360/DF/0000/out/1/5/1/0/37","396"
"2026-08-05T14:22:36.460Z","IN","m360/DF/0000/out/1/6/1/0/37","655"
"2026-08-05T14:22:47.354Z","IN","m360/DF/0000/out/2/1/1/0/37","82"
"2026-08-05T14:22:47.416Z","IN","m360/DF/0000/out/2/2/1/0/37","1004"
"2026-08-05T14:22:47.416Z","IN","m360/DF/0000/out/2/5/1/0/37","1005"
"2026-08-05T14:22:47.457Z","IN","m360/DF/0000/out/2/6/1/0/37","866"
"2026-08-05T14:23:23.698Z","IN","m360/DF/0000/out","{""nodeId"":0,""sensorId"":255,""command"":3,""ack"":0,""type"":22,""payload"":"""",""timestamp"":509378,""description"":""heartbeat"",""event"":""heartbeat"",""uptime"":509378,""rssi"":-59,""wifiRssi"":-59,""batteryLevel"":100,""ip"":""192.168.1.2"",""version"":""2.0"",""source"":""gateway""}"
"2026-08-05T14:23:23.758Z","IN","m360/DF/0000/gateway/status","{""timestamp"":509378,""isConnected"":true,""connectionTime"":413032,""reconnectCount"":3,""lastErrorCode"":0,""uptime"":509378,""source"":""gateway"",""type"":""mqtt_metrics""}"
"2026-08-05T14:23:36.187Z","IN","m360/DF/0000/out/1/1/1/0/37","1009"
"2026-08-05T14:23:36.247Z","IN","m360/DF/0000/out/1/3/1/0/37","151"
"2026-08-05T14:23:36.247Z","IN","m360/DF/0000/out/1/4/1/0/37","935"
"2026-08-05T14:23:36.285Z","IN","m360/DF/0000/out/1/5/1/0/37","384"
"2026-08-05T14:23:36.288Z","IN","m360/DF/0000/out/1/6/1/0/37","630"
"2026-08-05T14:23:47.379Z","IN","m360/DF/0000/out/2/1/1/0/37","51"
"2026-08-05T14:23:47.438Z","IN","m360/DF/0000/out/2/2/1/0/37","1000"
"2026-08-05T14:23:47.438Z","IN","m360/DF/0000/out/2/3/1/0/37","1019"
"2026-08-05T14:23:47.495Z","IN","m360/DF/0000/out/2/4/1/0/37","1022"
"2026-08-05T14:23:47.496Z","IN","m360/DF/0000/out/2/5/1/0/37","1003"
"2026-08-05T14:23:47.497Z","IN","m360/DF/0000/out/2/6/1/0/37","865"
"2026-08-05T14:24:23.701Z","IN","m360/DF/0000/out","{""nodeId"":0,""sensorId"":255,""command"":3,""ack"":0,""type"":22,""payload"":"""",""timestamp"":509438,""description"":""heartbeat"",""event"":""heartbeat"",""uptime"":509438,""rssi"":-59,""wifiRssi"":-59,""batteryLevel"":100,""ip"":""192.168.1.2"",""version"":""2.0"",""source"":""gateway""}"
"2026-08-05T14:24:23.760Z","IN","m360/DF/0000/gateway/status","{""timestamp"":509438,""isConnected"":true,""connectionTime"":413092,""reconnectCount"":3,""lastErrorCode"":0,""uptime"":509438,""source"":""gateway"",""type"":""mqtt_metrics""}"
"2026-08-05T14:24:36.281Z","IN","m360/DF/0000/out/1/1/1/0/37","1013"
"2026-08-05T14:24:36.338Z","IN","m360/DF/0000/out/1/2/1/0/37","927"
"2026-08-05T14:24:36.338Z","IN","m360/DF/0000/out/1/3/1/0/37","131"
"2026-08-05T14:24:36.389Z","IN","m360/DF/0000/out/1/5/1/0/37","385"
"2026-08-05T14:24:36.390Z","IN","m360/DF/0000/out/1/6/1/0/37","650"
"2026-08-05T14:24:47.383Z","IN","m360/DF/0000/out/2/1/1/0/37","57"
"2026-08-05T14:24:47.440Z","IN","m360/DF/0000/out/2/3/1/0/37","1018"
"2026-08-05T14:24:47.441Z","IN","m360/DF/0000/out/2/4/1/0/37","1023"
"2026-08-05T14:24:47.486Z","IN","m360/DF/0000/out/2/5/1/0/37","1006"
"2026-08-05T14:24:47.487Z","IN","m360/DF/0000/out/2/6/1/0/37","874"
"2026-08-05T14:25:23.708Z","IN","m360/DF/0000/out","{""nodeId"":0,""sensorId"":255,""command"":3,""ack"":0,""type"":22,""payload"":"""",""timestamp"":509498,""description"":""heartbeat"",""event"":""heartbeat"",""uptime"":509498,""rssi"":-60,""wifiRssi"":-60,""batteryLevel"":100,""ip"":""192.168.1.2"",""version"":""2.0"",""source"":""gateway""}"
"2026-08-05T14:25:23.766Z","IN","m360/DF/0000/gateway/status","{""timestamp"":509498,""isConnected"":true,""connectionTime"":413152,""reconnectCount"":3,""lastErrorCode"":0,""uptime"":509498,""source"":""gateway"",""type"":""mqtt_metrics""}"
"2026-08-05T14:25:36.337Z","IN","m360/DF/0000/out/1/1/1/0/37","1011"
"2026-08-05T14:25:36.394Z","IN","m360/DF/0000/out/1/2/1/0/37","923"
"2026-08-05T14:25:36.394Z","IN","m360/DF/0000/out/1/3/1/0/37","179"
"2026-08-05T14:25:36.632Z","IN","m360/DF/0000/out/1/4/1/0/37","858"
"2026-08-05T14:25:36.633Z","IN","m360/DF/0000/out/1/5/1/0/37","395"
"2026-08-05T14:25:36.633Z","IN","m360/DF/0000/out/1/6/1/0/37","655"
"2026-08-05T14:25:47.374Z","IN","m360/DF/0000/out/2/1/1/0/37","52"
"2026-08-05T14:25:47.434Z","IN","m360/DF/0000/out/2/2/1/0/37","1001"
"2026-08-05T14:25:47.434Z","IN","m360/DF/0000/out/2/3/1/0/37","1017"
"2026-08-05T14:25:47.482Z","IN","m360/DF/0000/out/2/6/1/0/37","864"
"2026-08-05T14:26:23.711Z","IN","m360/DF/0000/out","{""nodeId"":0,""sensorId"":255,""command"":3,""ack"":0,""type"":22,""payload"":"""",""timestamp"":509558,""description"":""heartbeat"",""event"":""heartbeat"",""uptime"":509558,""rssi"":-58,""wifiRssi"":-58,""batteryLevel"":100,""ip"":""192.168.1.2"",""version"":""2.0"",""source"":""gateway""}"
"2026-08-05T14:26:23.773Z","IN","m360/DF/0000/gateway/status","{""timestamp"":509558,""isConnected"":true,""connectionTime"":413212,""reconnectCount"":3,""lastErrorCode"":0,""uptime"":509558,""source"":""gateway"",""type"":""mqtt_metrics""}"
"2026-08-05T14:26:36.390Z","IN","m360/DF/0000/out/1/1/1/0/37","1009"
"2026-08-05T14:26:36.449Z","IN","m360/DF/0000/out/1/2/1/0/37","938"
"2026-08-05T14:26:36.451Z","IN","m360/DF/0000/out/1/3/1/0/37","175"
"2026-08-05T14:26:36.638Z","IN","m360/DF/0000/out/1/4/1/0/37","929"
"2026-08-05T14:26:36.638Z","IN","m360/DF/0000/out/1/5/1/0/37","390"
"2026-08-05T14:26:36.639Z","IN","m360/DF/0000/out/1/6/1/0/37","653"
"2026-08-05T14:26:47.402Z","IN","m360/DF/0000/out/2/1/1/0/37","59"
"2026-08-05T14:26:47.468Z","IN","m360/DF/0000/out/2/2/1/0/37","997"
"2026-08-05T14:26:47.470Z","IN","m360/DF/0000/out/2/3/1/0/37","1015"
"2026-08-05T14:26:47.524Z","IN","m360/DF/0000/out/2/5/1/0/37","1000"
"2026-08-05T14:26:47.524Z","IN","m360/DF/0000/out/2/6/1/0/37","866"
"2026-08-05T14:27:23.716Z","IN","m360/DF/0000/out","{""nodeId"":0,""sensorId"":255,""command"":3,""ack"":0,""type"":22,""payload"":"""",""timestamp"":509618,""description"":""heartbeat"",""event"":""heartbeat"",""uptime"":509618,""rssi"":-58,""wifiRssi"":-58,""batteryLevel"":100,""ip"":""192.168.1.2"",""version"":""2.0"",""source"":""gateway""}"
"2026-08-05T14:27:23.772Z","IN","m360/DF/0000/gateway/status","{""timestamp"":509618,""isConnected"":true,""connectionTime"":413272,""reconnectCount"":3,""lastErrorCode"":0,""uptime"":509618,""source"":""gateway"",""type"":""mqtt_metrics""}"
"2026-08-05T14:27:36.448Z","IN","m360/DF/0000/out/1/1/1/0/37","1023"
"2026-08-05T14:27:36.506Z","IN","m360/DF/0000/out/1/2/1/0/37","931"
"2026-08-05T14:27:36.506Z","IN","m360/DF/0000/out/1/3/1/0/37","153"
"2026-08-05T14:27:36.546Z","IN","m360/DF/0000/out/1/4/1/0/37","951"
"2026-08-05T14:27:36.547Z","IN","m360/DF/0000/out/1/5/1/0/37","620"
"2026-08-05T14:27:36.755Z","IN","m360/DF/0000/out/1/6/1/0/37","659"
"2026-08-05T14:27:47.392Z","IN","m360/DF/0000/out/2/1/1/0/37","51"
"2026-08-05T14:27:47.452Z","IN","m360/DF/0000/out/2/3/1/0/37","1019"
"2026-08-05T14:27:47.452Z","IN","m360/DF/0000/out/2/5/1/0/37","1016"
"2026-08-05T14:27:47.486Z","IN","m360/DF/0000/out/2/6/1/0/37","864"
"2026-08-05T14:28:23.722Z","IN","m360/DF/0000/out","{""nodeId"":0,""sensorId"":255,""command"":3,""ack"":0,""type"":22,""payload"":"""",""timestamp"":509678,""description"":""heartbeat"",""event"":""heartbeat"",""uptime"":509678,""rssi"":-58,""wifiRssi"":-58,""batteryLevel"":100,""ip"":""192.168.1.2"",""version"":""2.0"",""source"":""gateway""}"
"2026-08-05T14:28:23.777Z","IN","m360/DF/0000/gateway/status","{""timestamp"":509678,""isConnected"":true,""connectionTime"":413332,""reconnectCount"":3,""lastErrorCode"":0,""uptime"":509678,""source"":""gateway"",""type"":""mqtt_metrics""}"
"2026-08-05T14:28:36.498Z","IN","m360/DF/0000/out/1/1/1/0/37","1011"
"2026-08-05T14:28:36.559Z","IN","m360/DF/0000/out/1/2/1/0/37","924"
"2026-08-05T14:28:36.560Z","IN","m360/DF/0000/out/1/3/1/0/37","181"
"2026-08-05T14:28:36.638Z","IN","m360/DF/0000/out/1/4/1/0/37","932"
"2026-08-05T14:28:36.639Z","IN","m360/DF/0000/out/1/5/1/0/37","397"
"2026-08-05T14:28:47.418Z","IN","m360/DF/0000/out/2/1/1/0/37","78"
"2026-08-05T14:28:47.480Z","IN","m360/DF/0000/out/2/2/1/0/37","1002"
"2026-08-05T14:28:47.480Z","IN","m360/DF/0000/out/2/3/1/0/37","1018"
"2026-08-05T14:28:47.518Z","IN","m360/DF/0000/out/2/5/1/0/37","1002"
"2026-08-05T14:28:47.519Z","IN","m360/DF/0000/out/2/6/1/0/37","866"
"2026-08-05T14:29:23.724Z","IN","m360/DF/0000/out","{""nodeId"":0,""sensorId"":255,""command"":3,""ack"":0,""type"":22,""payload"":"""",""timestamp"":509738,""description"":""heartbeat"",""event"":""heartbeat"",""uptime"":509738,""rssi"":-58,""wifiRssi"":-58,""batteryLevel"":100,""ip"":""192.168.1.2"",""version"":""2.0"",""source"":""gateway""}"
"2026-08-05T14:29:23.782Z","IN","m360/DF/0000/gateway/status","{""timestamp"":509738,""isConnected"":true,""connectionTime"":413392,""reconnectCount"":3,""lastErrorCode"":0,""uptime"":509738,""source"":""gateway"",""type"":""mqtt_metrics""}"
"2026-08-05T14:29:36.602Z","IN","m360/DF/0000/out/1/2/1/0/37","929"
"2026-08-05T14:29:36.659Z","IN","m360/DF/0000/out/1/3/1/0/37","148"
"2026-08-05T14:29:36.661Z","IN","m360/DF/0000/out/1/5/1/0/37","396"
"2026-08-05T14:29:36.947Z","IN","m360/DF/0000/out/1/6/1/0/37","636"
"2026-08-05T14:29:47.450Z","IN","m360/DF/0000/out/2/1/1/0/37","61"
"2026-08-05T14:29:47.510Z","IN","m360/DF/0000/out/2/5/1/0/37","1001"
"2026-08-05T14:29:47.539Z","IN","m360/DF/0000/out/2/6/1/0/37","869"
"2026-08-05T14:30:23.731Z","IN","m360/DF/0000/out","{""nodeId"":0,""sensorId"":255,""command"":3,""ack"":0,""type"":22,""payload"":"""",""timestamp"":509798,""description"":""heartbeat"",""event"":""heartbeat"",""uptime"":509798,""rssi"":-58,""wifiRssi"":-58,""batteryLevel"":100,""ip"":""192.168.1.2"",""version"":""2.0"",""source"":""gateway""}"
"2026-08-05T14:30:23.790Z","IN","m360/DF/0000/gateway/status","{""timestamp"":509798,""isConnected"":true,""connectionTime"":413452,""reconnectCount"":3,""lastErrorCode"":0,""uptime"":509798,""source"":""gateway"",""type"":""mqtt_metrics""}"
"2026-08-05T14:30:36.675Z","IN","m360/DF/0000/out/1/1/1/0/37","1010"
"2026-08-05T14:30:36.737Z","IN","m360/DF/0000/out/1/2/1/0/37","931"
"2026-08-05T14:30:36.737Z","IN","m360/DF/0000/out/1/3/1/0/37","158"
"2026-08-05T14:30:36.796Z","IN","m360/DF/0000/out/1/4/1/0/37","936"
"2026-08-05T14:30:36.797Z","IN","m360/DF/0000/out/1/5/1/0/37","384"
"2026-08-05T14:30:36.799Z","IN","m360/DF/0000/out/1/6/1/0/37","647"
"2026-08-05T14:30:47.480Z","IN","m360/DF/0000/out/2/1/1/0/37","53"
"2026-08-05T14:30:47.538Z","IN","m360/DF/0000/out/2/2/1/0/37","996"
"2026-08-05T14:30:47.538Z","IN","m360/DF/0000/out/2/3/1/0/37","1016"
"2026-08-05T14:30:47.573Z","IN","m360/DF/0000/out/2/5/1/0/37","976"
"2026-08-05T14:30:47.592Z","IN","m360/DF/0000/out/2/6/1/0/37","868"
"2026-08-05T14:31:23.734Z","IN","m360/DF/0000/out","{""nodeId"":0,""sensorId"":255,""command"":3,""ack"":0,""type"":22,""payload"":"""",""timestamp"":509858,""description"":""heartbeat"",""event"":""heartbeat"",""uptime"":509858,""rssi"":-58,""wifiRssi"":-58,""batteryLevel"":100,""ip"":""192.168.1.2"",""version"":""2.0"",""source"":""gateway""}"
"2026-08-05T14:31:23.790Z","IN","m360/DF/0000/gateway/status","{""timestamp"":509858,""isConnected"":true,""connectionTime"":413512,""reconnectCount"":3,""lastErrorCode"":0,""uptime"":509858,""source"":""gateway"",""type"":""mqtt_metrics""}"
"2026-08-05T14:31:36.729Z","IN","m360/DF/0000/out/1/1/1/0/37","1018"
"2026-08-05T14:31:36.788Z","IN","m360/DF/0000/out/1/2/1/0/37","932"
"2026-08-05T14:31:36.788Z","IN","m360/DF/0000/out/1/3/1/0/37","156"
"2026-08-05T14:31:36.945Z","IN","m360/DF/0000/out/1/4/1/0/37","933"
"2026-08-05T14:31:36.946Z","IN","m360/DF/0000/out/1/5/1/0/37","378"
"2026-08-05T14:31:36.946Z","IN","m360/DF/0000/out/1/6/1/0/37","651"
"2026-08-05T14:31:47.514Z","IN","m360/DF/0000/out/2/1/1/0/37","0"
"2026-08-05T14:31:47.570Z","IN","m360/DF/0000/out/2/2/1/0/37","998"
"2026-08-05T14:31:47.570Z","IN","m360/DF/0000/out/2/3/1/0/37","1023"
"2026-08-05T14:31:47.639Z","IN","m360/DF/0000/out/2/5/1/0/37","1001"
"2026-08-05T14:31:47.640Z","IN","m360/DF/0000/out/2/6/1/0/37","866"
"2026-08-05T14:32:23.737Z","IN","m360/DF/0000/out","{""nodeId"":0,""sensorId"":255,""command"":3,""ack"":0,""type"":22,""payload"":"""",""timestamp"":509918,""description"":""heartbeat"",""event"":""heartbeat"",""uptime"":509918,""rssi"":-58,""wifiRssi"":-58,""batteryLevel"":100,""ip"":""192.168.1.2"",""version"":""2.0"",""source"":""gateway""}"
"2026-08-05T14:32:23.795Z","IN","m360/DF/0000/gateway/status","{""timestamp"":509918,""isConnected"":true,""connectionTime"":413572,""reconnectCount"":3,""lastErrorCode"":0,""uptime"":509918,""source"":""gateway"",""type"":""mqtt_metrics""}"
"2026-08-05T14:32:36.785Z","IN","m360/DF/0000/out/1/1/1/0/37","1023"
"2026-08-05T14:32:36.842Z","IN","m360/DF/0000/out/1/2/1/0/37","924"
"2026-08-05T14:32:36.842Z","IN","m360/DF/0000/out/1/3/1/0/37","119"
"2026-08-05T14:32:36.903Z","IN","m360/DF/0000/out/1/4/1/0/37","936"
"2026-08-05T14:32:36.904Z","IN","m360/DF/0000/out/1/5/1/0/37","389"
"2026-08-05T14:32:47.544Z","IN","m360/DF/0000/out/2/1/1/0/37","56"
"2026-08-05T14:32:47.603Z","IN","m360/DF/0000/out/2/2/1/0/37","1000"
"2026-08-05T14:32:47.603Z","IN","m360/DF/0000/out/2/5/1/0/37","1000"
"2026-08-05T14:32:47.638Z","IN","m360/DF/0000/out/2/6/1/0/37","875"
"2026-08-05T14:33:23.746Z","IN","m360/DF/0000/out","{""nodeId"":0,""sensorId"":255,""command"":3,""ack"":0,""type"":22,""payload"":"""",""timestamp"":509978,""description"":""heartbeat"",""event"":""heartbeat"",""uptime"":509978,""rssi"":-58,""wifiRssi"":-58,""batteryLevel"":100,""ip"":""192.168.1.2"",""version"":""2.0"",""source"":""gateway""}"
"2026-08-05T14:33:23.804Z","IN","m360/DF/0000/gateway/status","{""timestamp"":509978,""isConnected"":true,""connectionTime"":413632,""reconnectCount"":3,""lastErrorCode"":0,""uptime"":509978,""source"":""gateway"",""type"":""mqtt_metrics""}"
"2026-08-05T14:33:36.876Z","IN","m360/DF/0000/out/1/1/1/0/37","1010"
"2026-08-05T14:33:36.936Z","IN","m360/DF/0000/out/1/2/1/0/37","931"
"2026-08-05T14:33:36.937Z","IN","m360/DF/0000/out/1/3/1/0/37","184"
"2026-08-05T14:33:36.994Z","IN","m360/DF/0000/out/1/4/1/0/37","938"
"2026-08-05T14:33:36.994Z","IN","m360/DF/0000/out/1/5/1/0/37","401"
"2026-08-05T14:33:36.995Z","IN","m360/DF/0000/out/1/6/1/0/37","598"
"2026-08-05T14:33:47.571Z","IN","m360/DF/0000/out/2/1/1/0/37","68"
"2026-08-05T14:33:47.631Z","IN","m360/DF/0000/out/2/3/1/0/37","1018"
"2026-08-05T14:33:47.656Z","IN","m360/DF/0000/out/2/5/1/0/37","999"
"2026-08-05T14:33:47.656Z","IN","m360/DF/0000/out/2/6/1/0/37","864"
"2026-08-05T14:34:23.749Z","IN","m360/DF/0000/out","{""nodeId"":0,""sensorId"":255,""command"":3,""ack"":0,""type"":22,""payload"":"""",""timestamp"":510038,""description"":""heartbeat"",""event"":""heartbeat"",""uptime"":510038,""rssi"":-58,""wifiRssi"":-58,""batteryLevel"":100,""ip"":""192.168.1.2"",""version"":""2.0"",""source"":""gateway""}"
"2026-08-05T14:34:23.806Z","IN","m360/DF/0000/gateway/status","{""timestamp"":510038,""isConnected"":true,""connectionTime"":413692,""reconnectCount"":3,""lastErrorCode"":0,""uptime"":510038,""source"":""gateway"",""type"":""mqtt_metrics""}"
"2026-08-05T14:34:36.943Z","IN","m360/DF/0000/out/1/1/1/0/37","1012"
"2026-08-05T14:34:37.001Z","IN","m360/DF/0000/out/1/2/1/0/37","927"
"2026-08-05T14:34:37.002Z","IN","m360/DF/0000/out/1/3/1/0/37","129"
"2026-08-05T14:34:37.069Z","IN","m360/DF/0000/out/1/4/1/0/37","934"
"2026-08-05T14:34:37.070Z","IN","m360/DF/0000/out/1/5/1/0/37","572"
"2026-08-05T14:34:37.070Z","IN","m360/DF/0000/out/1/6/1/0/37","664"
"2026-08-05T14:34:47.603Z","IN","m360/DF/0000/out/2/1/1/0/37","11"
"2026-08-05T14:34:47.659Z","IN","m360/DF/0000/out/2/2/1/0/37","1003"
"2026-08-05T14:34:47.661Z","IN","m360/DF/0000/out/2/3/1/0/37","1023"
"2026-08-05T14:34:47.725Z","IN","m360/DF/0000/out/2/6/1/0/37","871"
"2026-08-05T14:35:14.486Z","IN","m360/DF/0000/out/events","{""event"":""node_discovered"",""nodeId"":1,""timestamp"":510088,""rssi"":-59,""details"":""Node discovered, parent: 0""}"
"2026-08-05T14:35:14.549Z","IN","m360/DF/0000/out/1/255/3/0/21","0"
"2026-08-05T14:35:14.581Z","IN","m360/DF/0000/out/events","{""event"":""node_discovered"",""nodeId"":2,""timestamp"":510088,""rssi"":-59,""details"":""Node discovered, parent: 0""}"
"2026-08-05T14:35:14.598Z","IN","m360/DF/0000/out/2/255/3/0/21","0"
"2026-08-05T14:35:23.752Z","IN","m360/DF/0000/out","{""nodeId"":0,""sensorId"":255,""command"":3,""ack"":0,""type"":22,""payload"":"""",""timestamp"":510098,""description"":""heartbeat"",""event"":""heartbeat"",""uptime"":510098,""rssi"":-59,""wifiRssi"":-59,""batteryLevel"":100,""ip"":""192.168.1.2"",""version"":""2.0"",""source"":""gateway""}"
"2026-08-05T14:35:23.770Z","IN","m360/DF/0000/gateway/status","{""timestamp"":510098,""isConnected"":true,""connectionTime"":413752,""reconnectCount"":3,""lastErrorCode"":0,""uptime"":510098,""source"":""gateway"",""type"":""mqtt_metrics""}"
"2026-08-05T14:35:37.008Z","IN","m360/DF/0000/out/1/1/1/0/37","1011"
"2026-08-05T14:35:37.075Z","IN","m360/DF/0000/out/1/2/1/0/37","925"
"2026-08-05T14:35:37.075Z","IN","m360/DF/0000/out/1/3/1/0/37","122"
"2026-08-05T14:35:37.142Z","IN","m360/DF/0000/out/1/4/1/0/37","933"
"2026-08-05T14:35:37.143Z","IN","m360/DF/0000/out/1/5/1/0/37","392"
"2026-08-05T14:35:37.144Z","IN","m360/DF/0000/out/1/6/1/0/37","650"
"2026-08-05T14:35:47.634Z","IN","m360/DF/0000/out/2/1/1/0/37","63"
"2026-08-05T14:35:47.697Z","IN","m360/DF/0000/out/2/2/1/0/37","1000"
"2026-08-05T14:35:47.698Z","IN","m360/DF/0000/out/2/3/1/0/37","1018"
"2026-08-05T14:35:47.745Z","IN","m360/DF/0000/out/2/4/1/0/37","1023"
"2026-08-05T14:35:47.747Z","IN","m360/DF/0000/out/2/5/1/0/37","1002"
"2026-08-05T14:35:47.786Z","IN","m360/DF/0000/out/2/6/1/0/37","872"
"2026-08-05T14:36:23.759Z","IN","m360/DF/0000/out","{""nodeId"":0,""sensorId"":255,""command"":3,""ack"":0,""type"":22,""payload"":"""",""timestamp"":510158,""description"":""heartbeat"",""event"":""heartbeat"",""uptime"":510158,""rssi"":-59,""wifiRssi"":-59,""batteryLevel"":100,""ip"":""192.168.1.2"",""version"":""2.0"",""source"":""gateway""}"
"2026-08-05T14:36:23.818Z","IN","m360/DF/0000/gateway/status","{""timestamp"":510158,""isConnected"":true,""connectionTime"":413812,""reconnectCount"":3,""lastErrorCode"":0,""uptime"":510158,""source"":""gateway"",""type"":""mqtt_metrics""}"
"2026-08-05T14:36:37.060Z","IN","m360/DF/0000/out/1/1/1/0/37","1014"
"2026-08-05T14:36:37.119Z","IN","m360/DF/0000/out/1/2/1/0/37","926"
"2026-08-05T14:36:37.119Z","IN","m360/DF/0000/out/1/3/1/0/37","149"
"2026-08-05T14:36:37.323Z","IN","m360/DF/0000/out/1/4/1/0/37","941"
"2026-08-05T14:36:37.325Z","IN","m360/DF/0000/out/1/6/1/0/37","649"
"2026-08-05T14:36:47.628Z","IN","m360/DF/0000/out/2/1/1/0/37","53"
"2026-08-05T14:36:47.687Z","IN","m360/DF/0000/out/2/5/1/0/37","998"
"2026-08-05T14:36:47.707Z","IN","m360/DF/0000/out/2/6/1/0/37","886"
"2026-08-05T14:37:23.763Z","IN","m360/DF/0000/out","{""nodeId"":0,""sensorId"":255,""command"":3,""ack"":0,""type"":22,""payload"":"""",""timestamp"":510218,""description"":""heartbeat"",""event"":""heartbeat"",""uptime"":510218,""rssi"":-58,""wifiRssi"":-58,""batteryLevel"":100,""ip"":""192.168.1.2"",""version"":""2.0"",""source"":""gateway""}"
"2026-08-05T14:37:23.824Z","IN","m360/DF/0000/gateway/status","{""timestamp"":510218,""isConnected"":true,""connectionTime"":413872,""reconnectCount"":3,""lastErrorCode"":0,""uptime"":510218,""source"":""gateway"",""type"":""mqtt_metrics""}"
"2026-08-05T14:37:37.151Z","IN","m360/DF/0000/out/1/1/1/0/37","1011"
"2026-08-05T14:37:37.211Z","IN","m360/DF/0000/out/1/2/1/0/37","932"
"2026-08-05T14:37:37.211Z","IN","m360/DF/0000/out/1/3/1/0/37","154"
"2026-08-05T14:37:37.261Z","IN","m360/DF/0000/out/1/4/1/0/37","933"
"2026-08-05T14:37:37.262Z","IN","m360/DF/0000/out/1/5/1/0/37","358"
"2026-08-05T14:37:37.462Z","IN","m360/DF/0000/out/1/6/1/0/37","641"
"2026-08-05T14:37:47.642Z","IN","m360/DF/0000/out/2/1/1/0/37","13"
"2026-08-05T14:37:47.701Z","IN","m360/DF/0000/out/2/2/1/0/37","998"
"2026-08-05T14:37:47.701Z","IN","m360/DF/0000/out/2/3/1/0/37","1016"
"2026-08-05T14:37:47.743Z","IN","m360/DF/0000/out/2/4/1/0/37","1021"
"2026-08-05T14:37:47.744Z","IN","m360/DF/0000/out/2/5/1/0/37","999"
"2026-08-05T14:37:47.769Z","IN","m360/DF/0000/out/2/6/1/0/37","869"
"2026-08-05T14:38:23.765Z","IN","m360/DF/0000/out","{""nodeId"":0,""sensorId"":255,""command"":3,""ack"":0,""type"":22,""payload"":"""",""timestamp"":510278,""description"":""heartbeat"",""event"":""heartbeat"",""uptime"":510278,""rssi"":-58,""wifiRssi"":-58,""batteryLevel"":100,""ip"":""192.168.1.2"",""version"":""2.0"",""source"":""gateway""}"
"2026-08-05T14:38:23.823Z","IN","m360/DF/0000/gateway/status","{""timestamp"":510278,""isConnected"":true,""connectionTime"":413932,""reconnectCount"":3,""lastErrorCode"":0,""uptime"":510278,""source"":""gateway"",""type"":""mqtt_metrics""}"
"2026-08-05T14:38:37.199Z","IN","m360/DF/0000/out/1/1/1/0/37","1014"
"2026-08-05T14:38:37.262Z","IN","m360/DF/0000/out/1/3/1/0/37","144"
"2026-08-05T14:38:37.262Z","IN","m360/DF/0000/out/1/4/1/0/37","935"
"2026-08-05T14:38:37.426Z","IN","m360/DF/0000/out/1/5/1/0/37","393"
"2026-08-05T14:38:37.429Z","IN","m360/DF/0000/out/1/6/1/0/37","650"
"2026-08-05T14:38:47.635Z","IN","m360/DF/0000/out/2/1/1/0/37","83"
"2026-08-05T14:38:47.695Z","IN","m360/DF/0000/out/2/2/1/0/37","1000"
"2026-08-05T14:38:47.695Z","IN","m360/DF/0000/out/2/3/1/0/37","1017"
"2026-08-05T14:38:47.736Z","IN","m360/DF/0000/out/2/4/1/0/37","1023"
"2026-08-05T14:38:47.740Z","IN","m360/DF/0000/out/2/5/1/0/37","981"
"2026-08-05T14:38:47.778Z","IN","m360/DF/0000/out/2/6/1/0/37","872"
"2026-08-05T14:39:23.771Z","IN","m360/DF/0000/out","{""nodeId"":0,""sensorId"":255,""command"":3,""ack"":0,""type"":22,""payload"":"""",""timestamp"":510338,""description"":""heartbeat"",""event"":""heartbeat"",""uptime"":510338,""rssi"":-59,""wifiRssi"":-59,""batteryLevel"":100,""ip"":""192.168.1.2"",""version"":""2.0"",""source"":""gateway""}"
"2026-08-05T14:39:23.827Z","IN","m360/DF/0000/gateway/status","{""timestamp"":510338,""isConnected"":true,""connectionTime"":413992,""reconnectCount"":3,""lastErrorCode"":0,""uptime"":510338,""source"":""gateway"",""type"":""mqtt_metrics""}"
"2026-08-05T14:39:37.296Z","IN","m360/DF/0000/out/1/1/1/0/37","1011"
"2026-08-05T14:39:37.370Z","IN","m360/DF/0000/out/1/2/1/0/37","916"
"2026-08-05T14:39:37.370Z","IN","m360/DF/0000/out/1/3/1/0/37","136"
"2026-08-05T14:39:37.433Z","IN","m360/DF/0000/out/1/4/1/0/37","934"
"2026-08-05T14:39:37.458Z","IN","m360/DF/0000/out/1/5/1/0/37","392"
"2026-08-05T14:39:37.458Z","IN","m360/DF/0000/out/1/6/1/0/37","652"
"2026-08-05T14:39:47.633Z","IN","m360/DF/0000/out/2/1/1/0/37","63"
"2026-08-05T14:39:47.690Z","IN","m360/DF/0000/out/2/3/1/0/37","1018"
"2026-08-05T14:39:47.722Z","IN","m360/DF/0000/out/2/5/1/0/37","999"
"2026-08-05T14:39:47.724Z","IN","m360/DF/0000/out/2/6/1/0/37","875"
"2026-08-05T14:40:23.774Z","IN","m360/DF/0000/out","{""nodeId"":0,""sensorId"":255,""command"":3,""ack"":0,""type"":22,""payload"":"""",""timestamp"":510398,""description"":""heartbeat"",""event"":""heartbeat"",""uptime"":510398,""rssi"":-58,""wifiRssi"":-58,""batteryLevel"":100,""ip"":""192.168.1.2"",""version"":""2.0"",""source"":""gateway""}"
"2026-08-05T14:40:23.835Z","IN","m360/DF/0000/gateway/status","{""timestamp"":510398,""isConnected"":true,""connectionTime"":414052,""reconnectCount"":3,""lastErrorCode"":0,""uptime"":510398,""source"":""gateway"",""type"":""mqtt_metrics""}"
"2026-08-05T14:40:37.354Z","IN","m360/DF/0000/out/1/2/1/0/37","928"
"2026-08-05T14:40:37.416Z","IN","m360/DF/0000/out/1/3/1/0/37","141"
"2026-08-05T14:40:37.416Z","IN","m360/DF/0000/out/1/5/1/0/37","379"
"2026-08-05T14:40:37.476Z","IN","m360/DF/0000/out/1/6/1/0/37","644"
"2026-08-05T14:40:47.661Z","IN","m360/DF/0000/out/2/1/1/0/37","59"
"2026-08-05T14:40:47.717Z","IN","m360/DF/0000/out/2/2/1/0/37","1003"
"2026-08-05T14:40:47.718Z","IN","m360/DF/0000/out/2/3/1/0/37","1021"
"2026-08-05T14:40:47.753Z","IN","m360/DF/0000/out/2/5/1/0/37","998"
"2026-08-05T14:40:47.754Z","IN","m360/DF/0000/out/2/6/1/0/37","870"
"2026-08-05T14:41:23.779Z","IN","m360/DF/0000/out","{""nodeId"":0,""sensorId"":255,""command"":3,""ack"":0,""type"":22,""payload"":"""",""timestamp"":510458,""description"":""heartbeat"",""event"":""heartbeat"",""uptime"":510458,""rssi"":-59,""wifiRssi"":-59,""batteryLevel"":100,""ip"":""192.168.1.2"",""version"":""2.0"",""source"":""gateway""}"
"2026-08-05T14:41:23.838Z","IN","m360/DF/0000/gateway/status","{""timestamp"":510458,""isConnected"":true,""connectionTime"":414112,""reconnectCount"":3,""lastErrorCode"":0,""uptime"":510458,""source"":""gateway"",""type"":""mqtt_metrics""}"
"2026-08-05T14:41:37.426Z","IN","m360/DF/0000/out/1/1/1/0/37","1023"
"2026-08-05T14:41:37.486Z","IN","m360/DF/0000/out/1/2/1/0/37","931"
"2026-08-05T14:41:37.489Z","IN","m360/DF/0000/out/1/3/1/0/37","151"
"2026-08-05T14:41:37.547Z","IN","m360/DF/0000/out/1/4/1/0/37","938"
"2026-08-05T14:41:37.547Z","IN","m360/DF/0000/out/1/5/1/0/37","395"
"2026-08-05T14:41:37.549Z","IN","m360/DF/0000/out/1/6/1/0/37","656"
"2026-08-05T14:41:47.651Z","IN","m360/DF/0000/out/2/1/1/0/37","19"
"2026-08-05T14:41:47.705Z","IN","m360/DF/0000/out/2/2/1/0/37","999"
"2026-08-05T14:41:47.705Z","IN","m360/DF/0000/out/2/3/1/0/37","1019"
"2026-08-05T14:41:47.767Z","IN","m360/DF/0000/out/2/5/1/0/37","992"
"2026-08-05T14:41:47.767Z","IN","m360/DF/0000/out/2/6/1/0/37","866"
"2026-08-05T14:42:23.787Z","IN","m360/DF/0000/out","{""nodeId"":0,""sensorId"":255,""command"":3,""ack"":0,""type"":22,""payload"":"""",""timestamp"":510518,""description"":""heartbeat"",""event"":""heartbeat"",""uptime"":510518,""rssi"":-59,""wifiRssi"":-59,""batteryLevel"":100,""ip"":""192.168.1.2"",""version"":""2.0"",""source"":""gateway""}"
"2026-08-05T14:42:23.843Z","IN","m360/DF/0000/gateway/status","{""timestamp"":510518,""isConnected"":true,""connectionTime"":414172,""reconnectCount"":3,""lastErrorCode"":0,""uptime"":510518,""source"":""gateway"",""type"":""mqtt_metrics""}"
"2026-08-05T14:42:37.477Z","IN","m360/DF/0000/out/1/1/1/0/37","1016"
"2026-08-05T14:42:37.546Z","IN","m360/DF/0000/out/1/2/1/0/37","932"
"2026-08-05T14:42:37.546Z","IN","m360/DF/0000/out/1/3/1/0/37","156"
"2026-08-05T14:42:37.583Z","IN","m360/DF/0000/out/1/4/1/0/37","936"
"2026-08-05T14:42:37.583Z","IN","m360/DF/0000/out/1/5/1/0/37","396"
"2026-08-05T14:42:37.834Z","IN","m360/DF/0000/out/1/6/1/0/37","643"
"2026-08-05T14:42:47.676Z","IN","m360/DF/0000/out/2/1/1/0/37","60"
"2026-08-05T14:42:47.738Z","IN","m360/DF/0000/out/2/2/1/0/37","1000"
"2026-08-05T14:42:47.738Z","IN","m360/DF/0000/out/2/3/1/0/37","1018"
"2026-08-05T14:42:47.790Z","IN","m360/DF/0000/out/2/5/1/0/37","996"
"2026-08-05T14:42:47.791Z","IN","m360/DF/0000/out/2/6/1/0/37","858"
"2026-08-05T14:43:23.789Z","IN","m360/DF/0000/out","{""nodeId"":0,""sensorId"":255,""command"":3,""ack"":0,""type"":22,""payload"":"""",""timestamp"":510578,""description"":""heartbeat"",""event"":""heartbeat"",""uptime"":510578,""rssi"":-58,""wifiRssi"":-58,""batteryLevel"":100,""ip"":""192.168.1.2"",""version"":""2.0"",""source"":""gateway""}"
"2026-08-05T14:43:23.848Z","IN","m360/DF/0000/gateway/status","{""timestamp"":510578,""isConnected"":true,""connectionTime"":414232,""reconnectCount"":3,""lastErrorCode"":0,""uptime"":510578,""source"":""gateway"",""type"":""mqtt_metrics""}"
"2026-08-05T14:43:37.531Z","IN","m360/DF/0000/out/1/1/1/0/37","1017"
"2026-08-05T14:43:37.591Z","IN","m360/DF/0000/out/1/3/1/0/37","258"
"2026-08-05T14:43:37.591Z","IN","m360/DF/0000/out/1/4/1/0/37","934"
"2026-08-05T14:43:37.649Z","IN","m360/DF/0000/out/1/5/1/0/37","372"
"2026-08-05T14:43:37.650Z","IN","m360/DF/0000/out/1/6/1/0/37","648"
"2026-08-05T14:43:47.719Z","IN","m360/DF/0000/out/2/1/1/0/37","59"
"2026-08-05T14:43:47.778Z","IN","m360/DF/0000/out/2/5/1/0/37","992"
"2026-08-05T14:43:47.807Z","IN","m360/DF/0000/out/2/6/1/0/37","843"
"2026-08-05T14:44:23.797Z","IN","m360/DF/0000/out","{""nodeId"":0,""sensorId"":255,""command"":3,""ack"":0,""type"":22,""payload"":"""",""timestamp"":510638,""description"":""heartbeat"",""event"":""heartbeat"",""uptime"":510638,""rssi"":-59,""wifiRssi"":-59,""batteryLevel"":100,""ip"":""192.168.1.2"",""version"":""2.0"",""source"":""gateway""}"
"2026-08-05T14:44:23.853Z","IN","m360/DF/0000/gateway/status","{""timestamp"":510638,""isConnected"":true,""connectionTime"":414292,""reconnectCount"":3,""lastErrorCode"":0,""uptime"":510638,""source"":""gateway"",""type"":""mqtt_metrics""}"
"2026-08-05T14:44:37.620Z","IN","m360/DF/0000/out/1/1/1/0/37","986"
"2026-08-05T14:44:37.679Z","IN","m360/DF/0000/out/1/3/1/0/37","142"
"2026-08-05T14:44:37.679Z","IN","m360/DF/0000/out/1/4/1/0/37","933"
"2026-08-05T14:44:37.714Z","IN","m360/DF/0000/out/1/5/1/0/37","386"
"2026-08-05T14:44:37.718Z","IN","m360/DF/0000/out/1/6/1/0/37","653"
"2026-08-05T14:44:47.745Z","IN","m360/DF/0000/out/2/3/1/0/37","1017"
"2026-08-05T14:44:47.804Z","IN","m360/DF/0000/out/2/5/1/0/37","996"
"2026-08-05T14:44:47.804Z","IN","m360/DF/0000/out/2/6/1/0/37","869"
"2026-08-05T14:45:23.801Z","IN","m360/DF/0000/out","{""nodeId"":0,""sensorId"":255,""command"":3,""ack"":0,""type"":22,""payload"":"""",""timestamp"":510698,""description"":""heartbeat"",""event"":""heartbeat"",""uptime"":510698,""rssi"":-59,""wifiRssi"":-59,""batteryLevel"":100,""ip"":""192.168.1.2"",""version"":""2.0"",""source"":""gateway""}"
"2026-08-05T14:45:23.860Z","IN","m360/DF/0000/gateway/status","{""timestamp"":510698,""isConnected"":true,""connectionTime"":414352,""reconnectCount"":3,""lastErrorCode"":0,""uptime"":510698,""source"":""gateway"",""type"":""mqtt_metrics""}"
"2026-08-05T14:45:37.713Z","IN","m360/DF/0000/out/1/1/1/0/37","1011"
"2026-08-05T14:45:37.775Z","IN","m360/DF/0000/out/1/3/1/0/37","143"
"2026-08-05T14:45:37.778Z","IN","m360/DF/0000/out/1/4/1/0/37","942"
"2026-08-05T14:45:37.870Z","IN","m360/DF/0000/out/1/5/1/0/37","396"
"2026-08-05T14:45:37.871Z","IN","m360/DF/0000/out/1/6/1/0/37","655"
"2026-08-05T14:45:47.754Z","IN","m360/DF/0000/out/2/1/1/0/37","28"
"2026-08-05T14:45:47.814Z","IN","m360/DF/0000/out/2/3/1/0/37","1016"
"2026-08-05T14:45:47.835Z","IN","m360/DF/0000/out/2/6/1/0/37","867"
"2026-08-05T14:46:23.802Z","IN","m360/DF/0000/out","{""nodeId"":0,""sensorId"":255,""command"":3,""ack"":0,""type"":22,""payload"":"""",""timestamp"":510758,""description"":""heartbeat"",""event"":""heartbeat"",""uptime"":510758,""rssi"":-58,""wifiRssi"":-58,""batteryLevel"":100,""ip"":""192.168.1.2"",""version"":""2.0"",""source"":""gateway""}"
"2026-08-05T14:46:23.861Z","IN","m360/DF/0000/gateway/status","{""timestamp"":510758,""isConnected"":true,""connectionTime"":414412,""reconnectCount"":3,""lastErrorCode"":0,""uptime"":510758,""source"":""gateway"",""type"":""mqtt_metrics""}"
"2026-08-05T14:46:37.806Z","IN","m360/DF/0000/out/1/1/1/0/37","1009"
"2026-08-05T14:46:37.867Z","IN","m360/DF/0000/out/1/2/1/0/37","929"
"2026-08-05T14:46:37.867Z","IN","m360/DF/0000/out/1/3/1/0/37","151"
"2026-08-05T14:46:37.928Z","IN","m360/DF/0000/out/1/4/1/0/37","935"
"2026-08-05T14:46:37.930Z","IN","m360/DF/0000/out/1/5/1/0/37","392"
"2026-08-05T14:46:37.935Z","IN","m360/DF/0000/out/1/6/1/0/37","650"
"2026-08-05T14:46:47.773Z","IN","m360/DF/0000/out/2/1/1/0/37","69"
"2026-08-05T14:46:47.833Z","IN","m360/DF/0000/out/2/2/1/0/37","998"
"2026-08-05T14:46:47.833Z","IN","m360/DF/0000/out/2/3/1/0/37","1017"
"2026-08-05T14:46:47.876Z","IN","m360/DF/0000/out/2/5/1/0/37","994"
"2026-08-05T14:46:47.879Z","IN","m360/DF/0000/out/2/6/1/0/37","903"
"2026-08-05T14:47:23.807Z","IN","m360/DF/0000/out","{""nodeId"":0,""sensorId"":255,""command"":3,""ack"":0,""type"":22,""payload"":"""",""timestamp"":510818,""description"":""heartbeat"",""event"":""heartbeat"",""uptime"":510818,""rssi"":-58,""wifiRssi"":-58,""batteryLevel"":100,""ip"":""192.168.1.2"",""version"":""2.0"",""source"":""gateway""}"
"2026-08-05T14:47:23.864Z","IN","m360/DF/0000/gateway/status","{""timestamp"":510818,""isConnected"":true,""connectionTime"":414472,""reconnectCount"":3,""lastErrorCode"":0,""uptime"":510818,""source"":""gateway"",""type"":""mqtt_metrics""}"
"2026-08-05T14:47:37.854Z","IN","m360/DF/0000/out/1/1/1/0/37","1008"
"2026-08-05T14:47:37.912Z","IN","m360/DF/0000/out/1/2/1/0/37","932"
"2026-08-05T14:47:37.912Z","IN","m360/DF/0000/out/1/3/1/0/37","156"
"2026-08-05T14:47:37.960Z","IN","m360/DF/0000/out/1/4/1/0/37","931"
"2026-08-05T14:47:37.965Z","IN","m360/DF/0000/out/1/5/1/0/37","399"
"2026-08-05T14:47:38.249Z","IN","m360/DF/0000/out/1/6/1/0/37","653"
"2026-08-05T14:47:47.761Z","IN","m360/DF/0000/out/2/1/1/0/37","61"
"2026-08-05T14:47:47.820Z","IN","m360/DF/0000/out/2/2/1/0/37","1007"
"2026-08-05T14:47:47.820Z","IN","m360/DF/0000/out/2/3/1/0/37","1019"
"2026-08-05T14:47:47.861Z","IN","m360/DF/0000/out/2/5/1/0/37","993"
"2026-08-05T14:47:47.862Z","IN","m360/DF/0000/out/2/6/1/0/37","869"
"2026-08-05T14:48:23.811Z","IN","m360/DF/0000/out","{""nodeId"":0,""sensorId"":255,""command"":3,""ack"":0,""type"":22,""payload"":"""",""timestamp"":510878,""description"":""heartbeat"",""event"":""heartbeat"",""uptime"":510878,""rssi"":-59,""wifiRssi"":-59,""batteryLevel"":100,""ip"":""192.168.1.2"",""version"":""2.0"",""source"":""gateway""}"
"2026-08-05T14:48:23.870Z","IN","m360/DF/0000/gateway/status","{""timestamp"":510878,""isConnected"":true,""connectionTime"":414532,""reconnectCount"":3,""lastErrorCode"":0,""uptime"":510878,""source"":""gateway"",""type"":""mqtt_metrics""}"
"2026-08-05T14:48:37.916Z","IN","m360/DF/0000/out/1/1/1/0/37","1009"
"2026-08-05T14:48:37.974Z","IN","m360/DF/0000/out/1/2/1/0/37","939"
"2026-08-05T14:48:37.974Z","IN","m360/DF/0000/out/1/3/1/0/37","188"
"2026-08-05T14:48:38.030Z","IN","m360/DF/0000/out/1/4/1/0/37","937"
"2026-08-05T14:48:38.037Z","IN","m360/DF/0000/out/1/6/1/0/37","638"
"2026-08-05T14:48:47.796Z","IN","m360/DF/0000/out/2/1/1/0/37","63"
"2026-08-05T14:48:47.857Z","IN","m360/DF/0000/out/2/2/1/0/37","999"
"2026-08-05T14:48:47.858Z","IN","m360/DF/0000/out/2/3/1/0/37","1020"
"2026-08-05T14:48:47.896Z","IN","m360/DF/0000/out/2/5/1/0/37","996"
"2026-08-05T14:48:47.897Z","IN","m360/DF/0000/out/2/6/1/0/37","867"
"2026-08-05T14:49:23.815Z","IN","m360/DF/0000/out","{""nodeId"":0,""sensorId"":255,""command"":3,""ack"":0,""type"":22,""payload"":"""",""timestamp"":510938,""description"":""heartbeat"",""event"":""heartbeat"",""uptime"":510938,""rssi"":-58,""wifiRssi"":-58,""batteryLevel"":100,""ip"":""192.168.1.2"",""version"":""2.0"",""source"":""gateway""}"
"2026-08-05T14:49:23.877Z","IN","m360/DF/0000/gateway/status","{""timestamp"":510938,""isConnected"":true,""connectionTime"":414592,""reconnectCount"":3,""lastErrorCode"":0,""uptime"":510938,""source"":""gateway"",""type"":""mqtt_metrics""}"
"2026-08-05T14:49:38.010Z","IN","m360/DF/0000/out/1/1/1/0/37","1011"
"2026-08-05T14:49:38.071Z","IN","m360/DF/0000/out/1/2/1/0/37","931"
"2026-08-05T14:49:38.072Z","IN","m360/DF/0000/out/1/3/1/0/37","139"
"2026-08-05T14:49:38.327Z","IN","m360/DF/0000/out/1/4/1/0/37","933"
"2026-08-05T14:49:38.328Z","IN","m360/DF/0000/out/1/5/1/0/37","373"
"2026-08-05T14:49:38.328Z","IN","m360/DF/0000/out/1/6/1/0/37","644"
"2026-08-05T14:49:47.829Z","IN","m360/DF/0000/out/2/1/1/0/37","36"
"2026-08-05T14:49:47.889Z","IN","m360/DF/0000/out/2/2/1/0/37","998"
"2026-08-05T14:49:47.889Z","IN","m360/DF/0000/out/2/3/1/0/37","1018"
"2026-08-05T14:49:47.937Z","IN","m360/DF/0000/out/2/4/1/0/37","1023"
"2026-08-05T14:49:47.937Z","IN","m360/DF/0000/out/2/5/1/0/37","993"
"2026-08-05T14:49:47.971Z","IN","m360/DF/0000/out/2/6/1/0/37","876"
"2026-08-05T14:50:23.821Z","IN","m360/DF/0000/out","{""nodeId"":0,""sensorId"":255,""command"":3,""ack"":0,""type"":22,""payload"":"""",""timestamp"":510998,""description"":""heartbeat"",""event"":""heartbeat"",""uptime"":510998,""rssi"":-59,""wifiRssi"":-59,""batteryLevel"":100,""ip"":""192.168.1.2"",""version"":""2.0"",""source"":""gateway""}"
"2026-08-05T14:50:23.878Z","IN","m360/DF/0000/gateway/status","{""timestamp"":510998,""isConnected"":true,""connectionTime"":414652,""reconnectCount"":3,""lastErrorCode"":0,""uptime"":510998,""source"":""gateway"",""type"":""mqtt_metrics""}"
"2026-08-05T14:50:38.071Z","IN","m360/DF/0000/out/1/2/1/0/37","935"
"2026-08-05T14:50:38.130Z","IN","m360/DF/0000/out/1/3/1/0/37","168"
"2026-08-05T14:50:38.130Z","IN","m360/DF/0000/out/1/4/1/0/37","939"
"2026-08-05T14:50:38.326Z","IN","m360/DF/0000/out/1/5/1/0/37","391"
"2026-08-05T14:50:38.327Z","IN","m360/DF/0000/out/1/6/1/0/37","649"
"2026-08-05T14:50:47.825Z","IN","m360/DF/0000/out/2/1/1/0/37","65"
"2026-08-05T14:50:47.883Z","IN","m360/DF/0000/out/2/2/1/0/37","999"
"2026-08-05T14:50:47.883Z","IN","m360/DF/0000/out/2/3/1/0/37","1014"
"2026-08-05T14:50:47.921Z","IN","m360/DF/0000/out/2/5/1/0/37","990"
"2026-08-05T14:50:47.922Z","IN","m360/DF/0000/out/2/6/1/0/37","868"
"2026-08-05T14:51:23.828Z","IN","m360/DF/0000/out","{""nodeId"":0,""sensorId"":255,""command"":3,""ack"":0,""type"":22,""payload"":"""",""timestamp"":511058,""description"":""heartbeat"",""event"":""heartbeat"",""uptime"":511058,""rssi"":-58,""wifiRssi"":-58,""batteryLevel"":100,""ip"":""192.168.1.2"",""version"":""2.0"",""source"":""gateway""}"
"2026-08-05T14:51:23.882Z","IN","m360/DF/0000/gateway/status","{""timestamp"":511058,""isConnected"":true,""connectionTime"":414712,""reconnectCount"":3,""lastErrorCode"":0,""uptime"":511058,""source"":""gateway"",""type"":""mqtt_metrics""}"
"2026-08-05T14:51:38.173Z","IN","m360/DF/0000/out/1/2/1/0/37","929"
"2026-08-05T14:51:38.227Z","IN","m360/DF/0000/out/1/3/1/0/37","150"
"2026-08-05T14:51:38.227Z","IN","m360/DF/0000/out/1/4/1/0/37","934"
"2026-08-05T14:51:38.344Z","IN","m360/DF/0000/out/1/5/1/0/37","387"
"2026-08-05T14:51:38.344Z","IN","m360/DF/0000/out/1/6/1/0/37","637"
"2026-08-05T14:51:47.812Z","IN","m360/DF/0000/out/2/1/1/0/37","61"
"2026-08-05T14:51:47.872Z","IN","m360/DF/0000/out/2/2/1/0/37","996"
"2026-08-05T14:51:47.874Z","IN","m360/DF/0000/out/2/3/1/0/37","1023"
"2026-08-05T14:51:47.928Z","IN","m360/DF/0000/out/2/5/1/0/37","992"
"2026-08-05T14:51:47.929Z","IN","m360/DF/0000/out/2/6/1/0/37","861"
"2026-08-05T14:52:23.830Z","IN","m360/DF/0000/out","{""nodeId"":0,""sensorId"":255,""command"":3,""ack"":0,""type"":22,""payload"":"""",""timestamp"":511118,""description"":""heartbeat"",""event"":""heartbeat"",""uptime"":511118,""rssi"":-58,""wifiRssi"":-58,""batteryLevel"":100,""ip"":""192.168.1.2"",""version"":""2.0"",""source"":""gateway""}"
"2026-08-05T14:52:23.889Z","IN","m360/DF/0000/gateway/status","{""timestamp"":511118,""isConnected"":true,""connectionTime"":414772,""reconnectCount"":3,""lastErrorCode"":0,""uptime"":511118,""source"":""gateway"",""type"":""mqtt_metrics""}"
"2026-08-05T14:52:38.254Z","IN","m360/DF/0000/out/1/2/1/0/37","927"
"2026-08-05T14:52:38.311Z","IN","m360/DF/0000/out/1/3/1/0/37","141"
"2026-08-05T14:52:38.312Z","IN","m360/DF/0000/out/1/4/1/0/37","933"
"2026-08-05T14:52:38.363Z","IN","m360/DF/0000/out/1/5/1/0/37","384"
"2026-08-05T14:52:38.365Z","IN","m360/DF/0000/out/1/6/1/0/37","657"
"2026-08-05T14:52:47.842Z","IN","m360/DF/0000/out/2/1/1/0/37","65"
"2026-08-05T14:52:47.904Z","IN","m360/DF/0000/out/2/2/1/0/37","998"
"2026-08-05T14:52:47.906Z","IN","m360/DF/0000/out/2/3/1/0/37","1017"
"2026-08-05T14:52:47.954Z","IN","m360/DF/0000/out/2/5/1/0/37","994"
"2026-08-05T14:52:47.955Z","IN","m360/DF/0000/out/2/6/1/0/37","864"
"2026-08-05T14:53:23.836Z","IN","m360/DF/0000/out","{""nodeId"":0,""sensorId"":255,""command"":3,""ack"":0,""type"":22,""payload"":"""",""timestamp"":511178,""description"":""heartbeat"",""event"":""heartbeat"",""uptime"":511178,""rssi"":-58,""wifiRssi"":-58,""batteryLevel"":100,""ip"":""192.168.1.2"",""version"":""2.0"",""source"":""gateway""}"
"2026-08-05T14:53:23.893Z","IN","m360/DF/0000/gateway/status","{""timestamp"":511178,""isConnected"":true,""connectionTime"":414832,""reconnectCount"":3,""lastErrorCode"":0,""uptime"":511178,""source"":""gateway"",""type"":""mqtt_metrics""}"
"2026-08-05T14:53:38.307Z","IN","m360/DF/0000/out/1/2/1/0/37","922"
"2026-08-05T14:53:38.363Z","IN","m360/DF/0000/out/1/3/1/0/37","143"
"2026-08-05T14:53:38.364Z","IN","m360/DF/0000/out/1/5/1/0/37","380"
"2026-08-05T14:53:38.408Z","IN","m360/DF/0000/out/1/6/1/0/37","644"
"2026-08-05T14:53:47.877Z","IN","m360/DF/0000/out/2/1/1/0/37","67"
"2026-08-05T14:53:47.936Z","IN","m360/DF/0000/out/2/3/1/0/37","1016"
"2026-08-05T14:53:47.937Z","IN","m360/DF/0000/out/2/5/1/0/37","990"
"2026-08-05T14:54:23.845Z","IN","m360/DF/0000/out","{""nodeId"":0,""sensorId"":255,""command"":3,""ack"":0,""type"":22,""payload"":"""",""timestamp"":511238,""description"":""heartbeat"",""event"":""heartbeat"",""uptime"":511238,""rssi"":-59,""wifiRssi"":-59,""batteryLevel"":100,""ip"":""192.168.1.2"",""version"":""2.0"",""source"":""gateway""}"
"2026-08-05T14:54:23.903Z","IN","m360/DF/0000/gateway/status","{""timestamp"":511238,""isConnected"":true,""connectionTime"":414892,""reconnectCount"":3,""lastErrorCode"":0,""uptime"":511238,""source"":""gateway"",""type"":""mqtt_metrics""}"
"2026-08-05T14:54:38.377Z","IN","m360/DF/0000/out/1/1/1/0/37","1010"
"2026-08-05T14:54:38.437Z","IN","m360/DF/0000/out/1/2/1/0/37","935"
"2026-08-05T14:54:38.437Z","IN","m360/DF/0000/out/1/3/1/0/37","165"
"2026-08-05T14:54:38.478Z","IN","m360/DF/0000/out/1/4/1/0/37","947"
"2026-08-05T14:54:38.480Z","IN","m360/DF/0000/out/1/5/1/0/37","397"
"2026-08-05T14:54:38.636Z","IN","m360/DF/0000/out/1/6/1/0/37","664"
"2026-08-05T14:54:47.893Z","IN","m360/DF/0000/out/2/1/1/0/37","68"
"2026-08-05T14:54:47.952Z","IN","m360/DF/0000/out/2/3/1/0/37","1017"
"2026-08-05T14:54:47.953Z","IN","m360/DF/0000/out/2/5/1/0/37","984"
"2026-08-05T14:54:47.979Z","IN","m360/DF/0000/out/2/6/1/0/37","843"
"2026-08-05T14:55:14.651Z","IN","m360/DF/0000/out/events","{""event"":""node_discovered"",""nodeId"":1,""timestamp"":511288,""rssi"":-59,""details"":""Node discovered, parent: 0""}"
"2026-08-05T14:55:14.708Z","IN","m360/DF/0000/out/1/255/3/0/21","0"
"2026-08-05T14:55:14.864Z","IN","m360/DF/0000/out/events","{""event"":""node_discovered"",""nodeId"":2,""timestamp"":511289,""rssi"":-59,""details"":""Node discovered, parent: 0""}"
"2026-08-05T14:55:14.883Z","IN","m360/DF/0000/out/2/255/3/0/21","0"
"2026-08-05T14:55:23.848Z","IN","m360/DF/0000/out","{""nodeId"":0,""sensorId"":255,""command"":3,""ack"":0,""type"":22,""payload"":"""",""timestamp"":511298,""description"":""heartbeat"",""event"":""heartbeat"",""uptime"":511298,""rssi"":-58,""wifiRssi"":-58,""batteryLevel"":100,""ip"":""192.168.1.2"",""version"":""2.0"",""source"":""gateway""}"
"2026-08-05T14:55:23.862Z","IN","m360/DF/0000/gateway/status","{""timestamp"":511298,""isConnected"":true,""connectionTime"":414952,""reconnectCount"":3,""lastErrorCode"":0,""uptime"":511298,""source"":""gateway"",""type"":""mqtt_metrics""}"
"2026-08-05T14:55:38.473Z","IN","m360/DF/0000/out/1/2/1/0/37","928"
"2026-08-05T14:55:38.539Z","IN","m360/DF/0000/out/1/3/1/0/37","147"
"2026-08-05T14:55:38.539Z","IN","m360/DF/0000/out/1/4/1/0/37","934"
"2026-08-05T14:55:38.603Z","IN","m360/DF/0000/out/1/5/1/0/37","378"
"2026-08-05T14:55:38.603Z","IN","m360/DF/0000/out/1/6/1/0/37","631"
"2026-08-05T14:55:47.910Z","IN","m360/DF/0000/out/2/1/1/0/37","70"
"2026-08-05T14:55:47.968Z","IN","m360/DF/0000/out/2/5/1/0/37","991"
"2026-08-05T14:55:47.987Z","IN","m360/DF/0000/out/2/6/1/0/37","870"
"2026-08-05T14:56:23.850Z","IN","m360/DF/0000/out","{""nodeId"":0,""sensorId"":255,""command"":3,""ack"":0,""type"":22,""payload"":"""",""timestamp"":511358,""description"":""heartbeat"",""event"":""heartbeat"",""uptime"":511358,""rssi"":-58,""wifiRssi"":-58,""batteryLevel"":100,""ip"":""192.168.1.2"",""version"":""2.0"",""source"":""gateway""}"
"2026-08-05T14:56:23.906Z","IN","m360/DF/0000/gateway/status","{""timestamp"":511358,""isConnected"":true,""connectionTime"":415012,""reconnectCount"":3,""lastErrorCode"":0,""uptime"":511358,""source"":""gateway"",""type"":""mqtt_metrics""}"
"2026-08-05T14:56:38.553Z","IN","m360/DF/0000/out/1/1/1/0/37","1007"
"2026-08-05T14:56:38.610Z","IN","m360/DF/0000/out/1/2/1/0/37","913"
"2026-08-05T14:56:38.610Z","IN","m360/DF/0000/out/1/3/1/0/37","150"
"2026-08-05T14:56:38.657Z","IN","m360/DF/0000/out/1/4/1/0/37","935"
"2026-08-05T14:56:38.661Z","IN","m360/DF/0000/out/1/5/1/0/37","393"
"2026-08-05T14:56:38.922Z","IN","m360/DF/0000/out/1/6/1/0/37","650"
"2026-08-05T14:56:47.927Z","IN","m360/DF/0000/out/2/1/1/0/37","56"
"2026-08-05T14:56:47.988Z","IN","m360/DF/0000/out/2/2/1/0/37","990"
"2026-08-05T14:56:47.988Z","IN","m360/DF/0000/out/2/3/1/0/37","1016"
"2026-08-05T14:56:48.014Z","IN","m360/DF/0000/out/2/6/1/0/37","868"
"2026-08-05T14:57:23.851Z","IN","m360/DF/0000/out","{""nodeId"":0,""sensorId"":255,""command"":3,""ack"":0,""type"":22,""payload"":"""",""timestamp"":511418,""description"":""heartbeat"",""event"":""heartbeat"",""uptime"":511418,""rssi"":-58,""wifiRssi"":-58,""batteryLevel"":100,""ip"":""192.168.1.2"",""version"":""2.0"",""source"":""gateway""}"
"2026-08-05T14:57:23.909Z","IN","m360/DF/0000/gateway/status","{""timestamp"":511418,""isConnected"":true,""connectionTime"":415072,""reconnectCount"":3,""lastErrorCode"":0,""uptime"":511418,""source"":""gateway"",""type"":""mqtt_metrics""}"
"2026-08-05T14:57:38.604Z","IN","m360/DF/0000/out/1/1/1/0/37","1010"
"2026-08-05T14:57:38.663Z","IN","m360/DF/0000/out/1/2/1/0/37","930"
"2026-08-05T14:57:38.663Z","IN","m360/DF/0000/out/1/3/1/0/37","148"
"2026-08-05T14:57:38.707Z","IN","m360/DF/0000/out/1/4/1/0/37","934"
"2026-08-05T14:57:38.708Z","IN","m360/DF/0000/out/1/5/1/0/37","392"
"2026-08-05T14:57:38.829Z","IN","m360/DF/0000/out/1/6/1/0/37","649"
"2026-08-05T14:57:47.953Z","IN","m360/DF/0000/out/2/1/1/0/37","78"
"2026-08-05T14:57:48.012Z","IN","m360/DF/0000/out/2/2/1/0/37","998"
"2026-08-05T14:57:48.012Z","IN","m360/DF/0000/out/2/3/1/0/37","1017"
"2026-08-05T14:57:48.039Z","IN","m360/DF/0000/out/2/6/1/0/37","865"
"2026-08-05T14:58:23.857Z","IN","m360/DF/0000/out","{""nodeId"":0,""sensorId"":255,""command"":3,""ack"":0,""type"":22,""payload"":"""",""timestamp"":511478,""description"":""heartbeat"",""event"":""heartbeat"",""uptime"":511478,""rssi"":-58,""wifiRssi"":-58,""batteryLevel"":100,""ip"":""192.168.1.2"",""version"":""2.0"",""source"":""gateway""}"
"2026-08-05T14:58:23.916Z","IN","m360/DF/0000/gateway/status","{""timestamp"":511478,""isConnected"":true,""connectionTime"":415132,""reconnectCount"":3,""lastErrorCode"":0,""uptime"":511478,""source"":""gateway"",""type"":""mqtt_metrics""}"
"2026-08-05T14:58:38.655Z","IN","m360/DF/0000/out/1/1/1/0/37","1011"
"2026-08-05T14:58:38.713Z","IN","m360/DF/0000/out/1/2/1/0/37","932"
"2026-08-05T14:58:38.714Z","IN","m360/DF/0000/out/1/3/1/0/37","138"
"2026-08-05T14:58:38.779Z","IN","m360/DF/0000/out/1/4/1/0/37","927"
"2026-08-05T14:58:38.779Z","IN","m360/DF/0000/out/1/5/1/0/37","382"
"2026-08-05T14:58:38.781Z","IN","m360/DF/0000/out/1/6/1/0/37","646"
"2026-08-05T14:58:47.978Z","IN","m360/DF/0000/out/2/1/1/0/37","67"
"2026-08-05T14:58:48.037Z","IN","m360/DF/0000/out/2/2/1/0/37","1000"
"2026-08-05T14:58:48.038Z","IN","m360/DF/0000/out/2/3/1/0/37","1023"
"2026-08-05T14:58:48.080Z","IN","m360/DF/0000/out/2/5/1/0/37","989"
"2026-08-05T14:59:23.865Z","IN","m360/DF/0000/out","{""nodeId"":0,""sensorId"":255,""command"":3,""ack"":0,""type"":22,""payload"":"""",""timestamp"":511538,""description"":""heartbeat"",""event"":""heartbeat"",""uptime"":511538,""rssi"":-58,""wifiRssi"":-58,""batteryLevel"":100,""ip"":""192.168.1.2"",""version"":""2.0"",""source"":""gateway""}"
"2026-08-05T14:59:23.923Z","IN","m360/DF/0000/gateway/status","{""timestamp"":511538,""isConnected"":true,""connectionTime"":415192,""reconnectCount"":3,""lastErrorCode"":0,""uptime"":511538,""source"":""gateway"",""type"":""mqtt_metrics""}"
"2026-08-05T14:59:38.708Z","IN","m360/DF/0000/out/1/1/1/0/37","1017"
"2026-08-05T14:59:38.767Z","IN","m360/DF/0000/out/1/3/1/0/37","114"
"2026-08-05T14:59:38.767Z","IN","m360/DF/0000/out/1/4/1/0/37","921"
"2026-08-05T14:59:38.802Z","IN","m360/DF/0000/out/1/5/1/0/37","381"
"2026-08-05T14:59:38.823Z","IN","m360/DF/0000/out/1/6/1/0/37","610"
"2026-08-05T14:59:48.011Z","IN","m360/DF/0000/out/2/1/1/0/37","15"
"2026-08-05T14:59:48.074Z","IN","m360/DF/0000/out/2/2/1/0/37","982"
"2026-08-05T14:59:48.079Z","IN","m360/DF/0000/out/2/3/1/0/37","1018"
"2026-08-05T14:59:48.149Z","IN","m360/DF/0000/out/2/5/1/0/37","988"
"2026-08-05T15:00:23.866Z","IN","m360/DF/0000/out","{""nodeId"":0,""sensorId"":255,""command"":3,""ack"":0,""type"":22,""payload"":"""",""timestamp"":511598,""description"":""heartbeat"",""event"":""heartbeat"",""uptime"":511598,""rssi"":-58,""wifiRssi"":-58,""batteryLevel"":100,""ip"":""192.168.1.2"",""version"":""2.0"",""source"":""gateway""}"
"2026-08-05T15:00:23.927Z","IN","m360/DF/0000/gateway/status","{""timestamp"":511598,""isConnected"":true,""connectionTime"":415252,""reconnectCount"":3,""lastErrorCode"":0,""uptime"":511598,""source"":""gateway"",""type"":""mqtt_metrics""}"
"2026-08-05T15:00:38.801Z","IN","m360/DF/0000/out/1/1/1/0/37","1022"
"2026-08-05T15:00:38.860Z","IN","m360/DF/0000/out/1/2/1/0/37","931"
"2026-08-05T15:00:38.860Z","IN","m360/DF/0000/out/1/3/1/0/37","152"
"2026-08-05T15:00:38.901Z","IN","m360/DF/0000/out/1/4/1/0/37","935"
"2026-08-05T15:00:38.902Z","IN","m360/DF/0000/out/1/5/1/0/37","394"
"2026-08-05T15:00:39.134Z","IN","m360/DF/0000/out/1/6/1/0/37","649"
"2026-08-05T15:00:48.042Z","IN","m360/DF/0000/out/2/1/1/0/37","78"
"2026-08-05T15:00:48.105Z","IN","m360/DF/0000/out/2/2/1/0/37","997"
"2026-08-05T15:00:48.105Z","IN","m360/DF/0000/out/2/3/1/0/37","1017"
"2026-08-05T15:00:48.135Z","IN","m360/DF/0000/out/2/4/1/0/37","1023"
"2026-08-05T15:00:48.148Z","IN","m360/DF/0000/out/2/5/1/0/37","985"
"2026-08-05T15:00:48.165Z","IN","m360/DF/0000/out/2/6/1/0/37","868"
"2026-08-05T15:01:23.871Z","IN","m360/DF/0000/out","{""nodeId"":0,""sensorId"":255,""command"":3,""ack"":0,""type"":22,""payload"":"""",""timestamp"":511658,""description"":""heartbeat"",""event"":""heartbeat"",""uptime"":511658,""rssi"":-59,""wifiRssi"":-59,""batteryLevel"":100,""ip"":""192.168.1.2"",""version"":""2.0"",""source"":""gateway""}"
"2026-08-05T15:01:23.929Z","IN","m360/DF/0000/gateway/status","{""timestamp"":511658,""isConnected"":true,""connectionTime"":415312,""reconnectCount"":3,""lastErrorCode"":0,""uptime"":511658,""source"":""gateway"",""type"":""mqtt_metrics""}"
"2026-08-05T15:01:38.851Z","IN","m360/DF/0000/out/1/1/1/0/37","1011"
"2026-08-05T15:01:38.909Z","IN","m360/DF/0000/out/1/3/1/0/37","140"
"2026-08-05T15:01:38.910Z","IN","m360/DF/0000/out/1/4/1/0/37","942"
"2026-08-05T15:01:38.972Z","IN","m360/DF/0000/out/1/5/1/0/37","390"
"2026-08-05T15:01:38.972Z","IN","m360/DF/0000/out/1/6/1/0/37","645"
"2026-08-05T15:01:48.032Z","IN","m360/DF/0000/out/2/1/1/0/37","63"
"2026-08-05T15:01:48.093Z","IN","m360/DF/0000/out/2/3/1/0/37","1018"
"2026-08-05T15:01:48.127Z","IN","m360/DF/0000/out/2/6/1/0/37","853"
"2026-08-05T15:02:23.877Z","IN","m360/DF/0000/out","{""nodeId"":0,""sensorId"":255,""command"":3,""ack"":0,""type"":22,""payload"":"""",""timestamp"":511718,""description"":""heartbeat"",""event"":""heartbeat"",""uptime"":511718,""rssi"":-57,""wifiRssi"":-57,""batteryLevel"":100,""ip"":""192.168.1.2"",""version"":""2.0"",""source"":""gateway""}"
"2026-08-05T15:02:23.940Z","IN","m360/DF/0000/gateway/status","{""timestamp"":511718,""isConnected"":true,""connectionTime"":415372,""reconnectCount"":3,""lastErrorCode"":0,""uptime"":511718,""source"":""gateway"",""type"":""mqtt_metrics""}"
"2026-08-05T15:02:38.900Z","IN","m360/DF/0000/out/1/1/1/0/37","1007"
"2026-08-05T15:02:38.975Z","IN","m360/DF/0000/out/1/2/1/0/37","930"
"2026-08-05T15:02:38.975Z","IN","m360/DF/0000/out/1/3/1/0/37","145"
"2026-08-05T15:02:39.019Z","IN","m360/DF/0000/out/1/4/1/0/37","934"
"2026-08-05T15:02:39.128Z","IN","m360/DF/0000/out/1/5/1/0/37","391"
"2026-08-05T15:02:39.131Z","IN","m360/DF/0000/out/1/6/1/0/37","630"
"2026-08-05T15:02:48.049Z","IN","m360/DF/0000/out/2/1/1/0/37","73"
"2026-08-05T15:02:48.107Z","IN","m360/DF/0000/out/2/2/1/0/37","996"
"2026-08-05T15:02:48.107Z","IN","m360/DF/0000/out/2/3/1/0/37","1017"
"2026-08-05T15:02:48.149Z","IN","m360/DF/0000/out/2/5/1/0/37","989"
"2026-08-05T15:02:48.150Z","IN","m360/DF/0000/out/2/6/1/0/37","921"
"2026-08-05T15:03:23.880Z","IN","m360/DF/0000/out","{""nodeId"":0,""sensorId"":255,""command"":3,""ack"":0,""type"":22,""payload"":"""",""timestamp"":511778,""description"":""heartbeat"",""event"":""heartbeat"",""uptime"":511778,""rssi"":-58,""wifiRssi"":-58,""batteryLevel"":100,""ip"":""192.168.1.2"",""version"":""2.0"",""source"":""gateway""}"
"2026-08-05T15:03:23.939Z","IN","m360/DF/0000/gateway/status","{""timestamp"":511778,""isConnected"":true,""connectionTime"":415432,""reconnectCount"":3,""lastErrorCode"":0,""uptime"":511778,""source"":""gateway"",""type"":""mqtt_metrics""}"
"2026-08-05T15:03:38.952Z","IN","m360/DF/0000/out/1/1/1/0/37","1011"
"2026-08-05T15:03:39.011Z","IN","m360/DF/0000/out/1/2/1/0/37","931"
"2026-08-05T15:03:39.012Z","IN","m360/DF/0000/out/1/3/1/0/37","150"
"2026-08-05T15:03:39.068Z","IN","m360/DF/0000/out/1/4/1/0/37","935"
"2026-08-05T15:03:39.069Z","IN","m360/DF/0000/out/1/5/1/0/37","378"
"2026-08-05T15:03:39.069Z","IN","m360/DF/0000/out/1/6/1/0/37","575"
"2026-08-05T15:03:48.041Z","IN","m360/DF/0000/out/2/1/1/0/37","74"
"2026-08-05T15:03:48.099Z","IN","m360/DF/0000/out/2/3/1/0/37","1023"
"2026-08-05T15:03:48.102Z","IN","m360/DF/0000/out/2/5/1/0/37","986"
"2026-08-05T15:03:48.148Z","IN","m360/DF/0000/out/2/6/1/0/37","864"
"2026-08-05T15:04:23.890Z","IN","m360/DF/0000/out","{""nodeId"":0,""sensorId"":255,""command"":3,""ack"":0,""type"":22,""payload"":"""",""timestamp"":511838,""description"":""heartbeat"",""event"":""heartbeat"",""uptime"":511838,""rssi"":-59,""wifiRssi"":-59,""batteryLevel"":100,""ip"":""192.168.1.2"",""version"":""2.0"",""source"":""gateway""}"
"2026-08-05T15:04:23.947Z","IN","m360/DF/0000/gateway/status","{""timestamp"":511838,""isConnected"":true,""connectionTime"":415492,""reconnectCount"":3,""lastErrorCode"":0,""uptime"":511838,""source"":""gateway"",""type"":""mqtt_metrics""}"
"2026-08-05T15:04:39.002Z","IN","m360/DF/0000/out/1/1/1/0/37","1008"
"2026-08-05T15:04:39.060Z","IN","m360/DF/0000/out/1/2/1/0/37","936"
"2026-08-05T15:04:39.061Z","IN","m360/DF/0000/out/1/3/1/0/37","156"
"2026-08-05T15:04:39.138Z","IN","m360/DF/0000/out/1/5/1/0/37","381"
"2026-08-05T15:04:39.138Z","IN","m360/DF/0000/out/1/6/1/0/37","646"
"2026-08-05T15:04:48.077Z","IN","m360/DF/0000/out/2/2/1/0/37","997"
"2026-08-05T15:04:48.134Z","IN","m360/DF/0000/out/2/3/1/0/37","1018"
"2026-08-05T15:04:48.134Z","IN","m360/DF/0000/out/2/5/1/0/37","995"
"2026-08-05T15:04:48.173Z","IN","m360/DF/0000/out/2/6/1/0/37","842"
"2026-08-05T15:05:23.892Z","IN","m360/DF/0000/out","{""nodeId"":0,""sensorId"":255,""command"":3,""ack"":0,""type"":22,""payload"":"""",""timestamp"":511898,""description"":""heartbeat"",""event"":""heartbeat"",""uptime"":511898,""rssi"":-58,""wifiRssi"":-58,""batteryLevel"":100,""ip"":""192.168.1.2"",""version"":""2.0"",""source"":""gateway""}"
"2026-08-05T15:05:23.948Z","IN","m360/DF/0000/gateway/status","{""timestamp"":511898,""isConnected"":true,""connectionTime"":415552,""reconnectCount"":3,""lastErrorCode"":0,""uptime"":511898,""source"":""gateway"",""type"":""mqtt_metrics""}"
"2026-08-05T15:05:39.051Z","IN","m360/DF/0000/out/1/1/1/0/37","1005"
"2026-08-05T15:05:39.111Z","IN","m360/DF/0000/out/1/2/1/0/37","929"
"2026-08-05T15:05:39.111Z","IN","m360/DF/0000/out/1/3/1/0/37","152"
"2026-08-05T15:05:39.153Z","IN","m360/DF/0000/out/1/5/1/0/37","385"
"2026-08-05T15:05:39.154Z","IN","m360/DF/0000/out/1/6/1/0/37","660"
"2026-08-05T15:05:48.097Z","IN","m360/DF/0000/out/2/1/1/0/37","64"
"2026-08-05T15:05:48.158Z","IN","m360/DF/0000/out/2/2/1/0/37","1002"
"2026-08-05T15:05:48.158Z","IN","m360/DF/0000/out/2/3/1/0/37","1015"
"2026-08-05T15:05:48.190Z","IN","m360/DF/0000/out/2/5/1/0/37","986"
"2026-08-05T15:05:48.204Z","IN","m360/DF/0000/out/2/6/1/0/37","869"
"2026-08-05T15:06:23.893Z","IN","m360/DF/0000/out","{""nodeId"":0,""sensorId"":255,""command"":3,""ack"":0,""type"":22,""payload"":"""",""timestamp"":511958,""description"":""heartbeat"",""event"":""heartbeat"",""uptime"":511958,""rssi"":-58,""wifiRssi"":-58,""batteryLevel"":100,""ip"":""192.168.1.2"",""version"":""2.0"",""source"":""gateway""}"
"2026-08-05T15:06:23.952Z","IN","m360/DF/0000/gateway/status","{""timestamp"":511958,""isConnected"":true,""connectionTime"":415612,""reconnectCount"":3,""lastErrorCode"":0,""uptime"":511958,""source"":""gateway"",""type"":""mqtt_metrics""}"
"2026-08-05T15:06:39.109Z","IN","m360/DF/0000/out/1/1/1/0/37","1011"
"2026-08-05T15:06:39.170Z","IN","m360/DF/0000/out/1/2/1/0/37","931"
"2026-08-05T15:06:39.170Z","IN","m360/DF/0000/out/1/3/1/0/37","141"
"2026-08-05T15:06:39.233Z","IN","m360/DF/0000/out/1/4/1/0/37","934"
"2026-08-05T15:06:39.237Z","IN","m360/DF/0000/out/1/5/1/0/37","384"
"2026-08-05T15:06:39.237Z","IN","m360/DF/0000/out/1/6/1/0/37","629"
"2026-08-05T15:06:48.084Z","IN","m360/DF/0000/out/2/1/1/0/37","108"
"2026-08-05T15:06:48.142Z","IN","m360/DF/0000/out/2/2/1/0/37","995"
"2026-08-05T15:06:48.142Z","IN","m360/DF/0000/out/2/3/1/0/37","1014"
"2026-08-05T15:06:48.175Z","IN","m360/DF/0000/out/2/6/1/0/37","864"
"2026-08-05T15:07:23.901Z","IN","m360/DF/0000/out","{""nodeId"":0,""sensorId"":255,""command"":3,""ack"":0,""type"":22,""payload"":"""",""timestamp"":512018,""description"":""heartbeat"",""event"":""heartbeat"",""uptime"":512018,""rssi"":-59,""wifiRssi"":-59,""batteryLevel"":100,""ip"":""192.168.1.2"",""version"":""2.0"",""source"":""gateway""}"
"2026-08-05T15:07:23.959Z","IN","m360/DF/0000/gateway/status","{""timestamp"":512018,""isConnected"":true,""connectionTime"":415672,""reconnectCount"":3,""lastErrorCode"":0,""uptime"":512018,""source"":""gateway"",""type"":""mqtt_metrics""}"
"2026-08-05T15:07:39.166Z","IN","m360/DF/0000/out/1/2/1/0/37","927"
"2026-08-05T15:07:39.226Z","IN","m360/DF/0000/out/1/3/1/0/37","165"
"2026-08-05T15:07:39.226Z","IN","m360/DF/0000/out/1/4/1/0/37","940"
"2026-08-05T15:07:39.280Z","IN","m360/DF/0000/out/1/5/1/0/37","395"
"2026-08-05T15:07:39.281Z","IN","m360/DF/0000/out/1/6/1/0/37","646"
"2026-08-05T15:07:48.109Z","IN","m360/DF/0000/out/2/1/1/0/37","31"
"2026-08-05T15:07:48.168Z","IN","m360/DF/0000/out/2/2/1/0/37","1005"
"2026-08-05T15:07:48.168Z","IN","m360/DF/0000/out/2/3/1/0/37","1013"
"2026-08-05T15:07:48.207Z","IN","m360/DF/0000/out/2/5/1/0/37","989"
"2026-08-05T15:08:23.903Z","IN","m360/DF/0000/out","{""nodeId"":0,""sensorId"":255,""command"":3,""ack"":0,""type"":22,""payload"":"""",""timestamp"":512078,""description"":""heartbeat"",""event"":""heartbeat"",""uptime"":512078,""rssi"":-58,""wifiRssi"":-58,""batteryLevel"":100,""ip"":""192.168.1.2"",""version"":""2.0"",""source"":""gateway""}"
"2026-08-05T15:08:23.963Z","IN","m360/DF/0000/gateway/status","{""timestamp"":512078,""isConnected"":true,""connectionTime"":415732,""reconnectCount"":3,""lastErrorCode"":0,""uptime"":512078,""source"":""gateway"",""type"":""mqtt_metrics""}"
"2026-08-05T15:08:39.251Z","IN","m360/DF/0000/out/1/1/1/0/37","1009"
"2026-08-05T15:08:39.312Z","IN","m360/DF/0000/out/1/2/1/0/37","929"
"2026-08-05T15:08:39.313Z","IN","m360/DF/0000/out/1/3/1/0/37","145"
"2026-08-05T15:08:39.358Z","IN","m360/DF/0000/out/1/4/1/0/37","933"
"2026-08-05T15:08:39.360Z","IN","m360/DF/0000/out/1/5/1/0/37","390"
"2026-08-05T15:08:39.530Z","IN","m360/DF/0000/out/1/6/1/0/37","648"
"2026-08-05T15:08:48.134Z","IN","m360/DF/0000/out/2/1/1/0/37","99"
"2026-08-05T15:08:48.193Z","IN","m360/DF/0000/out/2/2/1/0/37","997"
"2026-08-05T15:08:48.193Z","IN","m360/DF/0000/out/2/3/1/0/37","1017"
"2026-08-05T15:08:48.228Z","IN","m360/DF/0000/out/2/5/1/0/37","987"
"2026-08-05T15:08:48.246Z","IN","m360/DF/0000/out/2/6/1/0/37","869"
"2026-08-05T15:09:23.909Z","IN","m360/DF/0000/out","{""nodeId"":0,""sensorId"":255,""command"":3,""ack"":0,""type"":22,""payload"":"""",""timestamp"":512138,""description"":""heartbeat"",""event"":""heartbeat"",""uptime"":512138,""rssi"":-58,""wifiRssi"":-58,""batteryLevel"":100,""ip"":""192.168.1.2"",""version"":""2.0"",""source"":""gateway""}"
"2026-08-05T15:09:23.970Z","IN","m360/DF/0000/gateway/status","{""timestamp"":512138,""isConnected"":true,""connectionTime"":415792,""reconnectCount"":3,""lastErrorCode"":0,""uptime"":512138,""source"":""gateway"",""type"":""mqtt_metrics""}"
"2026-08-05T15:09:39.304Z","IN","m360/DF/0000/out/1/1/1/0/37","1014"
"2026-08-05T15:09:39.363Z","IN","m360/DF/0000/out/1/2/1/0/37","930"
"2026-08-05T15:09:39.363Z","IN","m360/DF/0000/out/1/3/1/0/37","150"
"2026-08-05T15:09:39.402Z","IN","m360/DF/0000/out/1/4/1/0/37","937"
"2026-08-05T15:09:39.403Z","IN","m360/DF/0000/out/1/5/1/0/37","395"
"2026-08-05T15:09:39.538Z","IN","m360/DF/0000/out/1/6/1/0/37","647"
"2026-08-05T15:09:48.124Z","IN","m360/DF/0000/out/2/1/1/0/37","59"
"2026-08-05T15:09:48.181Z","IN","m360/DF/0000/out/2/2/1/0/37","995"
"2026-08-05T15:09:48.182Z","IN","m360/DF/0000/out/2/3/1/0/37","1016"
"2026-08-05T15:09:48.233Z","IN","m360/DF/0000/out/2/5/1/0/37","1023"
"2026-08-05T15:09:48.234Z","IN","m360/DF/0000/out/2/6/1/0/37","866"
"2026-08-05T15:10:23.915Z","IN","m360/DF/0000/out","{""nodeId"":0,""sensorId"":255,""command"":3,""ack"":0,""type"":22,""payload"":"""",""timestamp"":512198,""description"":""heartbeat"",""event"":""heartbeat"",""uptime"":512198,""rssi"":-58,""wifiRssi"":-58,""batteryLevel"":100,""ip"":""192.168.1.2"",""version"":""2.0"",""source"":""gateway""}"
"2026-08-05T15:10:23.972Z","IN","m360/DF/0000/gateway/status","{""timestamp"":512198,""isConnected"":true,""connectionTime"":415852,""reconnectCount"":3,""lastErrorCode"":0,""uptime"":512198,""source"":""gateway"",""type"":""mqtt_metrics""}"
"2026-08-05T15:10:39.357Z","IN","m360/DF/0000/out/1/1/1/0/37","869"
"2026-08-05T15:10:39.417Z","IN","m360/DF/0000/out/1/2/1/0/37","933"
"2026-08-05T15:10:39.417Z","IN","m360/DF/0000/out/1/3/1/0/37","156"
"2026-08-05T15:10:39.454Z","IN","m360/DF/0000/out/1/4/1/0/37","916"
"2026-08-05T15:10:39.472Z","IN","m360/DF/0000/out/1/5/1/0/37","393"
"2026-08-05T15:10:39.627Z","IN","m360/DF/0000/out/1/6/1/0/37","712"
"2026-08-05T15:10:48.116Z","IN","m360/DF/0000/out/2/1/1/0/37","50"
"2026-08-05T15:10:48.175Z","IN","m360/DF/0000/out/2/2/1/0/37","987"
"2026-08-05T15:10:48.176Z","IN","m360/DF/0000/out/2/3/1/0/37","1014"
"2026-08-05T15:10:48.233Z","IN","m360/DF/0000/out/2/5/1/0/37","988"
"2026-08-05T15:10:48.238Z","IN","m360/DF/0000/out/2/6/1/0/37","1023"
"2026-08-05T15:11:23.916Z","IN","m360/DF/0000/out","{""nodeId"":0,""sensorId"":255,""command"":3,""ack"":0,""type"":22,""payload"":"""",""timestamp"":512258,""description"":""heartbeat"",""event"":""heartbeat"",""uptime"":512258,""rssi"":-58,""wifiRssi"":-58,""batteryLevel"":100,""ip"":""192.168.1.2"",""version"":""2.0"",""source"":""gateway""}"
"2026-08-05T15:11:23.974Z","IN","m360/DF/0000/gateway/status","{""timestamp"":512258,""isConnected"":true,""connectionTime"":415912,""reconnectCount"":3,""lastErrorCode"":0,""uptime"":512258,""source"":""gateway"",""type"":""mqtt_metrics""}"
"2026-08-05T15:11:39.413Z","IN","m360/DF/0000/out/1/1/1/0/37","1015"
"2026-08-05T15:11:39.472Z","IN","m360/DF/0000/out/1/2/1/0/37","931"
"2026-08-05T15:11:39.472Z","IN","m360/DF/0000/out/1/3/1/0/37","149"
"2026-08-05T15:11:39.630Z","IN","m360/DF/0000/out/1/4/1/0/37","936"
"2026-08-05T15:11:39.632Z","IN","m360/DF/0000/out/1/5/1/0/37","394"
"2026-08-05T15:11:39.633Z","IN","m360/DF/0000/out/1/6/1/0/37","645"
"2026-08-05T15:11:48.106Z","IN","m360/DF/0000/out/2/1/1/0/37","79"
"2026-08-05T15:11:48.165Z","IN","m360/DF/0000/out/2/2/1/0/37","996"
"2026-08-05T15:11:48.165Z","IN","m360/DF/0000/out/2/3/1/0/37","1018"
"2026-08-05T15:11:48.205Z","IN","m360/DF/0000/out/2/4/1/0/37","1023"
"2026-08-05T15:11:48.206Z","IN","m360/DF/0000/out/2/5/1/0/37","989"
"2026-08-05T15:11:48.234Z","IN","m360/DF/0000/out/2/6/1/0/37","873"
"2026-08-05T15:12:23.921Z","IN","m360/DF/0000/out","{""nodeId"":0,""sensorId"":255,""command"":3,""ack"":0,""type"":22,""payload"":"""",""timestamp"":512318,""description"":""heartbeat"",""event"":""heartbeat"",""uptime"":512318,""rssi"":-58,""wifiRssi"":-58,""batteryLevel"":100,""ip"":""192.168.1.2"",""version"":""2.0"",""source"":""gateway""}"
"2026-08-05T15:12:23.980Z","IN","m360/DF/0000/gateway/status","{""timestamp"":512318,""isConnected"":true,""connectionTime"":415972,""reconnectCount"":3,""lastErrorCode"":0,""uptime"":512318,""source"":""gateway"",""type"":""mqtt_metrics""}"
"2026-08-05T15:12:39.458Z","IN","m360/DF/0000/out/1/1/1/0/37","1011"
"2026-08-05T15:12:39.518Z","IN","m360/DF/0000/out/1/2/1/0/37","988"
"2026-08-05T15:12:39.518Z","IN","m360/DF/0000/out/1/3/1/0/37","173"
"2026-08-05T15:12:39.572Z","IN","m360/DF/0000/out/1/4/1/0/37","935"
"2026-08-05T15:12:39.574Z","IN","m360/DF/0000/out/1/5/1/0/37","414"
"2026-08-05T15:12:39.574Z","IN","m360/DF/0000/out/1/6/1/0/37","648"
"2026-08-05T15:12:48.100Z","IN","m360/DF/0000/out/2/1/1/0/37","62"
"2026-08-05T15:12:48.161Z","IN","m360/DF/0000/out/2/3/1/0/37","1017"
"2026-08-05T15:12:48.162Z","IN","m360/DF/0000/out/2/4/1/0/37","1020"
"2026-08-05T15:12:48.201Z","IN","m360/DF/0000/out/2/5/1/0/37","977"
"2026-08-05T15:12:48.202Z","IN","m360/DF/0000/out/2/6/1/0/37","866"
"2026-08-05T15:13:23.927Z","IN","m360/DF/0000/out","{""nodeId"":0,""sensorId"":255,""command"":3,""ack"":0,""type"":22,""payload"":"""",""timestamp"":512378,""description"":""heartbeat"",""event"":""heartbeat"",""uptime"":512378,""rssi"":-59,""wifiRssi"":-59,""batteryLevel"":100,""ip"":""192.168.1.2"",""version"":""2.0"",""source"":""gateway""}"
"2026-08-05T15:13:23.984Z","IN","m360/DF/0000/gateway/status","{""timestamp"":512378,""isConnected"":true,""connectionTime"":416032,""reconnectCount"":3,""lastErrorCode"":0,""uptime"":512378,""source"":""gateway"",""type"":""mqtt_metrics""}"
"2026-08-05T15:13:39.506Z","IN","m360/DF/0000/out/1/1/1/0/37","1012"
"2026-08-05T15:13:39.566Z","IN","m360/DF/0000/out/1/2/1/0/37","937"
"2026-08-05T15:13:39.566Z","IN","m360/DF/0000/out/1/3/1/0/37","151"
"2026-08-05T15:13:39.608Z","IN","m360/DF/0000/out/1/5/1/0/37","385"
"2026-08-05T15:13:39.612Z","IN","m360/DF/0000/out/1/6/1/0/37","644"
"2026-08-05T15:13:48.090Z","IN","m360/DF/0000/out/2/1/1/0/37","113"
"2026-08-05T15:13:48.149Z","IN","m360/DF/0000/out/2/2/1/0/37","1000"
"2026-08-05T15:13:48.149Z","IN","m360/DF/0000/out/2/3/1/0/37","1014"
"2026-08-05T15:13:48.179Z","IN","m360/DF/0000/out/2/4/1/0/37","1023"
"2026-08-05T15:13:48.190Z","IN","m360/DF/0000/out/2/5/1/0/37","984"
"2026-08-05T15:13:48.203Z","IN","m360/DF/0000/out/2/6/1/0/37","907"
"2026-08-05T15:14:23.933Z","IN","m360/DF/0000/out","{""nodeId"":0,""sensorId"":255,""command"":3,""ack"":0,""type"":22,""payload"":"""",""timestamp"":512438,""description"":""heartbeat"",""event"":""heartbeat"",""uptime"":512438,""rssi"":-58,""wifiRssi"":-58,""batteryLevel"":100,""ip"":""192.168.1.2"",""version"":""2.0"",""source"":""gateway""}"
"2026-08-05T15:14:23.990Z","IN","m360/DF/0000/gateway/status","{""timestamp"":512438,""isConnected"":true,""connectionTime"":416092,""reconnectCount"":3,""lastErrorCode"":0,""uptime"":512438,""source"":""gateway"",""type"":""mqtt_metrics""}"
"2026-08-05T15:14:39.554Z","IN","m360/DF/0000/out/1/1/1/0/37","1010"
"2026-08-05T15:14:39.615Z","IN","m360/DF/0000/out/1/2/1/0/37","928"
"2026-08-05T15:14:39.615Z","IN","m360/DF/0000/out/1/3/1/0/37","165"
"2026-08-05T15:14:39.667Z","IN","m360/DF/0000/out/1/4/1/0/37","944"
"2026-08-05T15:14:39.668Z","IN","m360/DF/0000/out/1/5/1/0/37","403"
"2026-08-05T15:14:39.837Z","IN","m360/DF/0000/out/1/6/1/0/37","655"
"2026-08-05T15:14:48.098Z","IN","m360/DF/0000/out/2/2/1/0/37","987"
"2026-08-05T15:14:48.159Z","IN","m360/DF/0000/out/2/3/1/0/37","1017"
"2026-08-05T15:14:48.159Z","IN","m360/DF/0000/out/2/6/1/0/37","866"
"2026-08-05T15:15:14.113Z","IN","m360/DF/0000/out/events","{""event"":""node_discovered"",""nodeId"":2,""timestamp"":512488,""rssi"":-58,""details"":""Node discovered, parent: 0""}"
"2026-08-05T15:15:14.169Z","IN","m360/DF/0000/out/2/255/3/0/21","0"
"2026-08-05T15:15:14.816Z","IN","m360/DF/0000/out/events","{""event"":""node_discovered"",""nodeId"":1,""timestamp"":512488,""rssi"":-58,""details"":""Node discovered, parent: 0""}"
"2026-08-05T15:15:14.833Z","IN","m360/DF/0000/out/1/255/3/0/21","0"
"2026-08-05T15:15:23.938Z","IN","m360/DF/0000/out","{""nodeId"":0,""sensorId"":255,""command"":3,""ack"":0,""type"":22,""payload"":"""",""timestamp"":512498,""description"":""heartbeat"",""event"":""heartbeat"",""uptime"":512498,""rssi"":-58,""wifiRssi"":-58,""batteryLevel"":100,""ip"":""192.168.1.2"",""version"":""2.0"",""source"":""gateway""}"
"2026-08-05T15:15:23.996Z","IN","m360/DF/0000/gateway/status","{""timestamp"":512498,""isConnected"":true,""connectionTime"":416152,""reconnectCount"":3,""lastErrorCode"":0,""uptime"":512498,""source"":""gateway"",""type"":""mqtt_metrics""}"
"2026-08-05T15:15:39.642Z","IN","m360/DF/0000/out/1/2/1/0/37","926"
"2026-08-05T15:15:39.703Z","IN","m360/DF/0000/out/1/3/1/0/37","169"
"2026-08-05T15:15:39.704Z","IN","m360/DF/0000/out/1/4/1/0/37","932"
"2026-08-05T15:15:39.776Z","IN","m360/DF/0000/out/1/5/1/0/37","398"
"2026-08-05T15:15:39.777Z","IN","m360/DF/0000/out/1/6/1/0/37","644"
"2026-08-05T15:15:48.108Z","IN","m360/DF/0000/out/2/1/1/0/37","79"
"2026-08-05T15:15:48.169Z","IN","m360/DF/0000/out/2/2/1/0/37","996"
"2026-08-05T15:15:48.169Z","IN","m360/DF/0000/out/2/5/1/0/37","988"
"2026-08-05T15:15:48.213Z","IN","m360/DF/0000/out/2/6/1/0/37","904"
"2026-08-05T15:16:23.939Z","IN","m360/DF/0000/out","{""nodeId"":0,""sensorId"":255,""command"":3,""ack"":0,""type"":22,""payload"":"""",""timestamp"":512558,""description"":""heartbeat"",""event"":""heartbeat"",""uptime"":512558,""rssi"":-58,""wifiRssi"":-58,""batteryLevel"":100,""ip"":""192.168.1.2"",""version"":""2.0"",""source"":""gateway""}"
"2026-08-05T15:16:23.997Z","IN","m360/DF/0000/gateway/status","{""timestamp"":512558,""isConnected"":true,""connectionTime"":416212,""reconnectCount"":3,""lastErrorCode"":0,""uptime"":512558,""source"":""gateway"",""type"":""mqtt_metrics""}"
"2026-08-05T15:16:39.731Z","IN","m360/DF/0000/out/1/2/1/0/37","922"
"2026-08-05T15:16:39.790Z","IN","m360/DF/0000/out/1/3/1/0/37","121"
"2026-08-05T15:16:39.791Z","IN","m360/DF/0000/out/1/5/1/0/37","378"
"2026-08-05T15:16:39.870Z","IN","m360/DF/0000/out/1/6/1/0/37","639"
"2026-08-05T15:16:48.138Z","IN","m360/DF/0000/out/2/1/1/0/37","110"
"2026-08-05T15:16:48.195Z","IN","m360/DF/0000/out/2/2/1/0/37","997"
"2026-08-05T15:16:48.195Z","IN","m360/DF/0000/out/2/5/1/0/37","986"
"2026-08-05T15:16:48.236Z","IN","m360/DF/0000/out/2/6/1/0/37","865"
"2026-08-05T15:17:23.945Z","IN","m360/DF/0000/out","{""nodeId"":0,""sensorId"":255,""command"":3,""ack"":0,""type"":22,""payload"":"""",""timestamp"":512618,""description"":""heartbeat"",""event"":""heartbeat"",""uptime"":512618,""rssi"":-58,""wifiRssi"":-58,""batteryLevel"":100,""ip"":""192.168.1.2"",""version"":""2.0"",""source"":""gateway""}"
"2026-08-05T15:17:24.002Z","IN","m360/DF/0000/gateway/status","{""timestamp"":512618,""isConnected"":true,""connectionTime"":416272,""reconnectCount"":3,""lastErrorCode"":0,""uptime"":512618,""source"":""gateway"",""type"":""mqtt_metrics""}"
"2026-08-05T15:17:39.806Z","IN","m360/DF/0000/out/1/1/1/0/37","1015"
"2026-08-05T15:17:39.864Z","IN","m360/DF/0000/out/1/2/1/0/37","931"
"2026-08-05T15:17:39.864Z","IN","m360/DF/0000/out/1/3/1/0/37","141"
"2026-08-05T15:17:39.900Z","IN","m360/DF/0000/out/1/4/1/0/37","944"
"2026-08-05T15:17:39.901Z","IN","m360/DF/0000/out/1/5/1/0/37","389"
"2026-08-05T15:17:40.122Z","IN","m360/DF/0000/out/1/6/1/0/37","645"
"2026-08-05T15:17:48.168Z","IN","m360/DF/0000/out/2/1/1/0/37","107"
"2026-08-05T15:17:48.227Z","IN","m360/DF/0000/out/2/2/1/0/37","996"
"2026-08-05T15:17:48.227Z","IN","m360/DF/0000/out/2/4/1/0/37","1022"
"2026-08-05T15:17:48.266Z","IN","m360/DF/0000/out/2/5/1/0/37","985"
"2026-08-05T15:17:48.266Z","IN","m360/DF/0000/out/2/6/1/0/37","874"
"2026-08-05T15:18:23.949Z","IN","m360/DF/0000/out","{""nodeId"":0,""sensorId"":255,""command"":3,""ack"":0,""type"":22,""payload"":"""",""timestamp"":512678,""description"":""heartbeat"",""event"":""heartbeat"",""uptime"":512678,""rssi"":-57,""wifiRssi"":-57,""batteryLevel"":100,""ip"":""192.168.1.2"",""version"":""2.0"",""source"":""gateway""}"
"2026-08-05T15:18:24.007Z","IN","m360/DF/0000/gateway/status","{""timestamp"":512678,""isConnected"":true,""connectionTime"":416332,""reconnectCount"":3,""lastErrorCode"":0,""uptime"":512678,""source"":""gateway"",""type"":""mqtt_metrics""}"
"2026-08-05T15:18:39.857Z","IN","m360/DF/0000/out/1/1/1/0/37","1010"
"2026-08-05T15:18:39.918Z","IN","m360/DF/0000/out/1/2/1/0/37","930"
"2026-08-05T15:18:39.919Z","IN","m360/DF/0000/out/1/3/1/0/37","133"
"2026-08-05T15:18:40.005Z","IN","m360/DF/0000/out/1/4/1/0/37","933"
"2026-08-05T15:18:40.006Z","IN","m360/DF/0000/out/1/5/1/0/37","395"
"2026-08-05T15:18:48.206Z","IN","m360/DF/0000/out/2/1/1/0/37","65"
"2026-08-05T15:18:48.265Z","IN","m360/DF/0000/out/2/2/1/0/37","995"
"2026-08-05T15:18:48.265Z","IN","m360/DF/0000/out/2/4/1/0/37","1023"
"2026-08-05T15:18:48.311Z","IN","m360/DF/0000/out/2/5/1/0/37","989"
"2026-08-05T15:18:48.312Z","IN","m360/DF/0000/out/2/6/1/0/37","866"
"2026-08-05T15:19:23.954Z","IN","m360/DF/0000/out","{""nodeId"":0,""sensorId"":255,""command"":3,""ack"":0,""type"":22,""payload"":"""",""timestamp"":512738,""description"":""heartbeat"",""event"":""heartbeat"",""uptime"":512738,""rssi"":-57,""wifiRssi"":-57,""batteryLevel"":100,""ip"":""192.168.1.2"",""version"":""2.0"",""source"":""gateway""}"
"2026-08-05T15:19:24.015Z","IN","m360/DF/0000/gateway/status","{""timestamp"":512738,""isConnected"":true,""connectionTime"":416392,""reconnectCount"":3,""lastErrorCode"":0,""uptime"":512738,""source"":""gateway"",""type"":""mqtt_metrics""}"
"2026-08-05T15:19:39.908Z","IN","m360/DF/0000/out/1/1/1/0/37","1011"
"2026-08-05T15:19:39.966Z","IN","m360/DF/0000/out/1/2/1/0/37","925"
"2026-08-05T15:19:39.967Z","IN","m360/DF/0000/out/1/3/1/0/37","123"
"2026-08-05T15:19:40.023Z","IN","m360/DF/0000/out/1/4/1/0/37","926"
"2026-08-05T15:19:40.023Z","IN","m360/DF/0000/out/1/5/1/0/37","389"
"2026-08-05T15:19:40.024Z","IN","m360/DF/0000/out/1/6/1/0/37","652"
"2026-08-05T15:19:48.241Z","IN","m360/DF/0000/out/2/1/1/0/37","63"
"2026-08-05T15:19:48.298Z","IN","m360/DF/0000/out/2/2/1/0/37","994"
"2026-08-05T15:19:48.300Z","IN","m360/DF/0000/out/2/5/1/0/37","977"
"2026-08-05T15:19:48.357Z","IN","m360/DF/0000/out/2/6/1/0/37","943"
"2026-08-05T15:20:23.960Z","IN","m360/DF/0000/out","{""nodeId"":0,""sensorId"":255,""command"":3,""ack"":0,""type"":22,""payload"":"""",""timestamp"":512798,""description"":""heartbeat"",""event"":""heartbeat"",""uptime"":512798,""rssi"":-58,""wifiRssi"":-58,""batteryLevel"":100,""ip"":""192.168.1.2"",""version"":""2.0"",""source"":""gateway""}"
"2026-08-05T15:20:24.021Z","IN","m360/DF/0000/gateway/status","{""timestamp"":512798,""isConnected"":true,""connectionTime"":416452,""reconnectCount"":3,""lastErrorCode"":0,""uptime"":512798,""source"":""gateway"",""type"":""mqtt_metrics""}"
"2026-08-05T15:20:39.960Z","IN","m360/DF/0000/out/1/1/1/0/37","1010"
"2026-08-05T15:20:40.023Z","IN","m360/DF/0000/out/1/2/1/0/37","929"
"2026-08-05T15:20:40.024Z","IN","m360/DF/0000/out/1/3/1/0/37","143"
"2026-08-05T15:20:40.079Z","IN","m360/DF/0000/out/1/4/1/0/37","930"
"2026-08-05T15:20:40.082Z","IN","m360/DF/0000/out/1/5/1/0/37","396"
"2026-08-05T15:20:40.116Z","IN","m360/DF/0000/out/1/6/1/0/37","650"
"2026-08-05T15:20:48.268Z","IN","m360/DF/0000/out/2/1/1/0/37","42"
"2026-08-05T15:20:48.325Z","IN","m360/DF/0000/out/2/2/1/0/37","993"
"2026-08-05T15:20:48.326Z","IN","m360/DF/0000/out/2/3/1/0/37","1018"
"2026-08-05T15:20:48.371Z","IN","m360/DF/0000/out/2/5/1/0/37","980"
"2026-08-05T15:20:48.371Z","IN","m360/DF/0000/out/2/6/1/0/37","858"
"2026-08-05T15:21:23.962Z","IN","m360/DF/0000/out","{""nodeId"":0,""sensorId"":255,""command"":3,""ack"":0,""type"":22,""payload"":"""",""timestamp"":512858,""description"":""heartbeat"",""event"":""heartbeat"",""uptime"":512858,""rssi"":-58,""wifiRssi"":-58,""batteryLevel"":100,""ip"":""192.168.1.2"",""version"":""2.0"",""source"":""gateway""}"
"2026-08-05T15:21:24.020Z","IN","m360/DF/0000/gateway/status","{""timestamp"":512858,""isConnected"":true,""connectionTime"":416512,""reconnectCount"":3,""lastErrorCode"":0,""uptime"":512858,""source"":""gateway"",""type"":""mqtt_metrics""}"
"2026-08-05T15:21:40.008Z","IN","m360/DF/0000/out/1/1/1/0/37","1023"
"2026-08-05T15:21:40.067Z","IN","m360/DF/0000/out/1/2/1/0/37","925"
"2026-08-05T15:21:40.067Z","IN","m360/DF/0000/out/1/3/1/0/37","144"
"2026-08-05T15:21:40.116Z","IN","m360/DF/0000/out/1/4/1/0/37","933"
"2026-08-05T15:21:40.118Z","IN","m360/DF/0000/out/1/5/1/0/37","433"
"2026-08-05T15:21:40.246Z","IN","m360/DF/0000/out/1/6/1/0/37","651"
"2026-08-05T15:21:48.262Z","IN","m360/DF/0000/out/2/1/1/0/37","85"
"2026-08-05T15:21:48.326Z","IN","m360/DF/0000/out/2/2/1/0/37","996"
"2026-08-05T15:21:48.326Z","IN","m360/DF/0000/out/2/3/1/0/37","1022"
"2026-08-05T15:21:48.375Z","IN","m360/DF/0000/out/2/4/1/0/37","1019"
"2026-08-05T15:21:48.376Z","IN","m360/DF/0000/out/2/5/1/0/37","989"
"2026-08-05T15:21:48.423Z","IN","m360/DF/0000/out/2/6/1/0/37","863"
"2026-08-05T15:22:23.968Z","IN","m360/DF/0000/out","{""nodeId"":0,""sensorId"":255,""command"":3,""ack"":0,""type"":22,""payload"":"""",""timestamp"":512918,""description"":""heartbeat"",""event"":""heartbeat"",""uptime"":512918,""rssi"":-57,""wifiRssi"":-57,""batteryLevel"":100,""ip"":""192.168.1.2"",""version"":""2.0"",""source"":""gateway""}"
"2026-08-05T15:22:24.030Z","IN","m360/DF/0000/gateway/status","{""timestamp"":512918,""isConnected"":true,""connectionTime"":416572,""reconnectCount"":3,""lastErrorCode"":0,""uptime"":512918,""source"":""gateway"",""type"":""mqtt_metrics""}"
"2026-08-05T15:22:40.058Z","IN","m360/DF/0000/out/1/1/1/0/37","1006"
"2026-08-05T15:22:40.116Z","IN","m360/DF/0000/out/1/2/1/0/37","928"
"2026-08-05T15:22:40.117Z","IN","m360/DF/0000/out/1/3/1/0/37","142"
"2026-08-05T15:22:40.175Z","IN","m360/DF/0000/out/1/4/1/0/37","934"
"2026-08-05T15:22:40.179Z","IN","m360/DF/0000/out/1/5/1/0/37","395"
"2026-08-05T15:22:40.182Z","IN","m360/DF/0000/out/1/6/1/0/37","647"
"2026-08-05T15:22:48.256Z","IN","m360/DF/0000/out/2/1/1/0/37","42"
"2026-08-05T15:22:48.315Z","IN","m360/DF/0000/out/2/2/1/0/37","998"
"2026-08-05T15:22:48.316Z","IN","m360/DF/0000/out/2/3/1/0/37","1023"
"2026-08-05T15:22:48.354Z","IN","m360/DF/0000/out/2/4/1/0/37","1023"
"2026-08-05T15:22:48.355Z","IN","m360/DF/0000/out/2/5/1/0/37","952"
"2026-08-05T15:22:48.383Z","IN","m360/DF/0000/out/2/6/1/0/37","874"
"2026-08-05T15:23:23.972Z","IN","m360/DF/0000/out","{""nodeId"":0,""sensorId"":255,""command"":3,""ack"":0,""type"":22,""payload"":"""",""timestamp"":512978,""description"":""heartbeat"",""event"":""heartbeat"",""uptime"":512978,""rssi"":-57,""wifiRssi"":-57,""batteryLevel"":100,""ip"":""192.168.1.2"",""version"":""2.0"",""source"":""gateway""}"
"2026-08-05T15:23:24.033Z","IN","m360/DF/0000/gateway/status","{""timestamp"":512978,""isConnected"":true,""connectionTime"":416632,""reconnectCount"":3,""lastErrorCode"":0,""uptime"":512978,""source"":""gateway"",""type"":""mqtt_metrics""}"
"2026-08-05T15:23:40.112Z","IN","m360/DF/0000/out/1/1/1/0/37","1011"
"2026-08-05T15:23:40.172Z","IN","m360/DF/0000/out/1/2/1/0/37","930"
"2026-08-05T15:23:40.172Z","IN","m360/DF/0000/out/1/3/1/0/37","141"
"2026-08-05T15:23:40.216Z","IN","m360/DF/0000/out/1/4/1/0/37","935"
"2026-08-05T15:23:40.217Z","IN","m360/DF/0000/out/1/5/1/0/37","379"
"2026-08-05T15:23:40.519Z","IN","m360/DF/0000/out/1/6/1/0/37","637"
"2026-08-05T15:23:48.249Z","IN","m360/DF/0000/out/2/1/1/0/37","47"
"2026-08-05T15:23:48.308Z","IN","m360/DF/0000/out/2/2/1/0/37","995"
"2026-08-05T15:23:48.309Z","IN","m360/DF/0000/out/2/3/1/0/37","1017"
"2026-08-05T15:23:48.341Z","IN","m360/DF/0000/out/2/5/1/0/37","982"
"2026-08-05T15:23:48.356Z","IN","m360/DF/0000/out/2/6/1/0/37","866"
"2026-08-05T15:24:23.978Z","IN","m360/DF/0000/out","{""nodeId"":0,""sensorId"":255,""command"":3,""ack"":0,""type"":22,""payload"":"""",""timestamp"":513038,""description"":""heartbeat"",""event"":""heartbeat"",""uptime"":513038,""rssi"":-57,""wifiRssi"":-57,""batteryLevel"":100,""ip"":""192.168.1.2"",""version"":""2.0"",""source"":""gateway""}"
"2026-08-05T15:24:24.035Z","IN","m360/DF/0000/gateway/status","{""timestamp"":513038,""isConnected"":true,""connectionTime"":416692,""reconnectCount"":3,""lastErrorCode"":0,""uptime"":513038,""source"":""gateway"",""type"":""mqtt_metrics""}"
"2026-08-05T15:24:40.173Z","IN","m360/DF/0000/out/1/1/1/0/37","1012"
"2026-08-05T15:24:40.234Z","IN","m360/DF/0000/out/1/2/1/0/37","943"
"2026-08-05T15:24:40.234Z","IN","m360/DF/0000/out/1/3/1/0/37","164"
"2026-08-05T15:24:40.277Z","IN","m360/DF/0000/out/1/5/1/0/37","394"
"2026-08-05T15:24:40.279Z","IN","m360/DF/0000/out/1/6/1/0/37","646"
"2026-08-05T15:24:48.241Z","IN","m360/DF/0000/out/2/1/1/0/37","81"
"2026-08-05T15:24:48.301Z","IN","m360/DF/0000/out/2/2/1/0/37","899"
"2026-08-05T15:24:48.301Z","IN","m360/DF/0000/out/2/5/1/0/37","981"
"2026-08-05T15:24:48.334Z","IN","m360/DF/0000/out/2/6/1/0/37","861"
"2026-08-05T15:25:23.981Z","IN","m360/DF/0000/out","{""nodeId"":0,""sensorId"":255,""command"":3,""ack"":0,""type"":22,""payload"":"""",""timestamp"":513098,""description"":""heartbeat"",""event"":""heartbeat"",""uptime"":513098,""rssi"":-57,""wifiRssi"":-57,""batteryLevel"":100,""ip"":""192.168.1.2"",""version"":""2.0"",""source"":""gateway""}"
"2026-08-05T15:25:24.042Z","IN","m360/DF/0000/gateway/status","{""timestamp"":513098,""isConnected"":true,""connectionTime"":416752,""reconnectCount"":3,""lastErrorCode"":0,""uptime"":513098,""source"":""gateway"",""type"":""mqtt_metrics""}"
"2026-08-05T15:25:40.223Z","IN","m360/DF/0000/out/1/1/1/0/37","1023"
"2026-08-05T15:25:40.281Z","IN","m360/DF/0000/out/1/2/1/0/37","926"
"2026-08-05T15:25:40.281Z","IN","m360/DF/0000/out/1/3/1/0/37","150"
"2026-08-05T15:25:40.348Z","IN","m360/DF/0000/out/1/5/1/0/37","388"
"2026-08-05T15:25:40.348Z","IN","m360/DF/0000/out/1/6/1/0/37","643"
"2026-08-05T15:25:48.273Z","IN","m360/DF/0000/out/2/1/1/0/37","111"
"2026-08-05T15:25:48.331Z","IN","m360/DF/0000/out/2/2/1/0/37","987"
"2026-08-05T15:25:48.333Z","IN","m360/DF/0000/out/2/3/1/0/37","1016"
"2026-08-05T15:26:23.987Z","IN","m360/DF/0000/out","{""nodeId"":0,""sensorId"":255,""command"":3,""ack"":0,""type"":22,""payload"":"""",""timestamp"":513158,""description"":""heartbeat"",""event"":""heartbeat"",""uptime"":513158,""rssi"":-57,""wifiRssi"":-57,""batteryLevel"":100,""ip"":""192.168.1.2"",""version"":""2.0"",""source"":""gateway""}"
"2026-08-05T15:26:24.045Z","IN","m360/DF/0000/gateway/status","{""timestamp"":513158,""isConnected"":true,""connectionTime"":416812,""reconnectCount"":3,""lastErrorCode"":0,""uptime"":513158,""source"":""gateway"",""type"":""mqtt_metrics""}"
"2026-08-05T15:26:40.273Z","IN","m360/DF/0000/out/1/1/1/0/37","1011"
"2026-08-05T15:26:40.338Z","IN","m360/DF/0000/out/1/2/1/0/37","930"
"2026-08-05T15:26:40.338Z","IN","m360/DF/0000/out/1/3/1/0/37","148"
"2026-08-05T15:26:40.397Z","IN","m360/DF/0000/out/1/4/1/0/37","929"
"2026-08-05T15:26:40.397Z","IN","m360/DF/0000/out/1/5/1/0/37","383"
"2026-08-05T15:26:48.294Z","IN","m360/DF/0000/out/2/1/1/0/37","67"
"2026-08-05T15:26:48.353Z","IN","m360/DF/0000/out/2/2/1/0/37","992"
"2026-08-05T15:26:48.354Z","IN","m360/DF/0000/out/2/3/1/0/37","1019"
"2026-08-05T15:26:48.400Z","IN","m360/DF/0000/out/2/6/1/0/37","870"
"2026-08-05T15:27:23.996Z","IN","m360/DF/0000/out","{""nodeId"":0,""sensorId"":255,""command"":3,""ack"":0,""type"":22,""payload"":"""",""timestamp"":513218,""description"":""heartbeat"",""event"":""heartbeat"",""uptime"":513218,""rssi"":-57,""wifiRssi"":-57,""batteryLevel"":100,""ip"":""192.168.1.2"",""version"":""2.0"",""source"":""gateway""}"
"2026-08-05T15:27:24.053Z","IN","m360/DF/0000/gateway/status","{""timestamp"":513218,""isConnected"":true,""connectionTime"":416872,""reconnectCount"":3,""lastErrorCode"":0,""uptime"":513218,""source"":""gateway"",""type"":""mqtt_metrics""}"
"2026-08-05T15:27:40.360Z","IN","m360/DF/0000/out/1/1/1/0/37","1010"
"2026-08-05T15:27:40.420Z","IN","m360/DF/0000/out/1/2/1/0/37","931"
"2026-08-05T15:27:40.420Z","IN","m360/DF/0000/out/1/3/1/0/37","152"
"2026-08-05T15:27:40.625Z","IN","m360/DF/0000/out/1/4/1/0/37","928"
"2026-08-05T15:27:40.627Z","IN","m360/DF/0000/out/1/5/1/0/37","396"
"2026-08-05T15:27:40.628Z","IN","m360/DF/0000/out/1/6/1/0/37","647"
"2026-08-05T15:27:48.326Z","IN","m360/DF/0000/out/2/1/1/0/37","95"
"2026-08-05T15:27:48.391Z","IN","m360/DF/0000/out/2/3/1/0/37","1023"
"2026-08-05T15:27:48.391Z","IN","m360/DF/0000/out/2/5/1/0/37","980"
"2026-08-05T15:27:48.440Z","IN","m360/DF/0000/out/2/6/1/0/37","861"
"2026-08-05T15:28:23.995Z","IN","m360/DF/0000/out","{""nodeId"":0,""sensorId"":255,""command"":3,""ack"":0,""type"":22,""payload"":"""",""timestamp"":513278,""description"":""heartbeat"",""event"":""heartbeat"",""uptime"":513278,""rssi"":-58,""wifiRssi"":-58,""batteryLevel"":100,""ip"":""192.168.1.2"",""version"":""2.0"",""source"":""gateway""}"
"2026-08-05T15:28:24.052Z","IN","m360/DF/0000/gateway/status","{""timestamp"":513278,""isConnected"":true,""connectionTime"":416932,""reconnectCount"":3,""lastErrorCode"":0,""uptime"":513278,""source"":""gateway"",""type"":""mqtt_metrics""}"
"2026-08-05T15:28:40.411Z","IN","m360/DF/0000/out/1/1/1/0/37","1023"
"2026-08-05T15:28:40.469Z","IN","m360/DF/0000/out/1/2/1/0/37","940"
"2026-08-05T15:28:40.469Z","IN","m360/DF/0000/out/1/3/1/0/37","153"
"2026-08-05T15:28:40.621Z","IN","m360/DF/0000/out/1/4/1/0/37","935"
"2026-08-05T15:28:40.622Z","IN","m360/DF/0000/out/1/5/1/0/37","408"
"2026-08-05T15:28:48.351Z","IN","m360/DF/0000/out/2/1/1/0/37","72"
"2026-08-05T15:28:48.409Z","IN","m360/DF/0000/out/2/2/1/0/37","993"
"2026-08-05T15:28:48.409Z","IN","m360/DF/0000/out/2/3/1/0/37","1017"
"2026-08-05T15:28:48.441Z","IN","m360/DF/0000/out/2/6/1/0/37","888"
"2026-08-05T15:29:24.001Z","IN","m360/DF/0000/out","{""nodeId"":0,""sensorId"":255,""command"":3,""ack"":0,""type"":22,""payload"":"""",""timestamp"":513338,""description"":""heartbeat"",""event"":""heartbeat"",""uptime"":513338,""rssi"":-58,""wifiRssi"":-58,""batteryLevel"":100,""ip"":""192.168.1.2"",""version"":""2.0"",""source"":""gateway""}"
"2026-08-05T15:29:24.057Z","IN","m360/DF/0000/gateway/status","{""timestamp"":513338,""isConnected"":true,""connectionTime"":416992,""reconnectCount"":3,""lastErrorCode"":0,""uptime"":513338,""source"":""gateway"",""type"":""mqtt_metrics""}"
"2026-08-05T15:29:40.458Z","IN","m360/DF/0000/out/1/1/1/0/37","1005"
"2026-08-05T15:29:40.517Z","IN","m360/DF/0000/out/1/2/1/0/37","933"
"2026-08-05T15:29:40.518Z","IN","m360/DF/0000/out/1/3/1/0/37","142"
"2026-08-05T15:29:40.571Z","IN","m360/DF/0000/out/1/4/1/0/37","933"
"2026-08-05T15:29:40.573Z","IN","m360/DF/0000/out/1/5/1/0/37","392"
"2026-08-05T15:29:40.573Z","IN","m360/DF/0000/out/1/6/1/0/37","646"
"2026-08-05T15:29:48.381Z","IN","m360/DF/0000/out/2/1/1/0/37","68"
"2026-08-05T15:29:48.441Z","IN","m360/DF/0000/out/2/2/1/0/37","992"
"2026-08-05T15:29:48.441Z","IN","m360/DF/0000/out/2/5/1/0/37","977"
"2026-08-05T15:29:48.473Z","IN","m360/DF/0000/out/2/6/1/0/37","879"
"2026-08-05T15:30:24.006Z","IN","m360/DF/0000/out","{""nodeId"":0,""sensorId"":255,""command"":3,""ack"":0,""type"":22,""payload"":"""",""timestamp"":513398,""description"":""heartbeat"",""event"":""heartbeat"",""uptime"":513398,""rssi"":-58,""wifiRssi"":-58,""batteryLevel"":100,""ip"":""192.168.1.2"",""version"":""2.0"",""source"":""gateway""}"
"2026-08-05T15:30:24.066Z","IN","m360/DF/0000/gateway/status","{""timestamp"":513398,""isConnected"":true,""connectionTime"":417052,""reconnectCount"":3,""lastErrorCode"":0,""uptime"":513398,""source"":""gateway"",""type"":""mqtt_metrics""}"
"2026-08-05T15:30:40.507Z","IN","m360/DF/0000/out/1/1/1/0/37","1010"
"2026-08-05T15:30:40.568Z","IN","m360/DF/0000/out/1/2/1/0/37","931"
"2026-08-05T15:30:40.568Z","IN","m360/DF/0000/out/1/3/1/0/37","149"
"2026-08-05T15:30:40.637Z","IN","m360/DF/0000/out/1/4/1/0/37","935"
"2026-08-05T15:30:40.642Z","IN","m360/DF/0000/out/1/5/1/0/37","397"
"2026-08-05T15:30:40.647Z","IN","m360/DF/0000/out/1/6/1/0/37","641"
"2026-08-05T15:30:48.411Z","IN","m360/DF/0000/out/2/1/1/0/37","36"
"2026-08-05T15:30:48.478Z","IN","m360/DF/0000/out/2/2/1/0/37","990"
"2026-08-05T15:30:48.478Z","IN","m360/DF/0000/out/2/3/1/0/37","1018"
"2026-08-05T15:30:48.535Z","IN","m360/DF/0000/out/2/5/1/0/37","979"
"2026-08-05T15:30:48.536Z","IN","m360/DF/0000/out/2/6/1/0/37","856"
"2026-08-05T15:31:24.010Z","IN","m360/DF/0000/out","{""nodeId"":0,""sensorId"":255,""command"":3,""ack"":0,""type"":22,""payload"":"""",""timestamp"":513458,""description"":""heartbeat"",""event"":""heartbeat"",""uptime"":513458,""rssi"":-58,""wifiRssi"":-58,""batteryLevel"":100,""ip"":""192.168.1.2"",""version"":""2.0"",""source"":""gateway""}"
"2026-08-05T15:31:24.069Z","IN","m360/DF/0000/gateway/status","{""timestamp"":513458,""isConnected"":true,""connectionTime"":417112,""reconnectCount"":3,""lastErrorCode"":0,""uptime"":513458,""source"":""gateway"",""type"":""mqtt_metrics""}"
"2026-08-05T15:31:40.558Z","IN","m360/DF/0000/out/1/1/1/0/37","1015"
"2026-08-05T15:31:40.616Z","IN","m360/DF/0000/out/1/2/1/0/37","930"
"2026-08-05T15:31:40.618Z","IN","m360/DF/0000/out/1/3/1/0/37","150"
"2026-08-05T15:31:40.659Z","IN","m360/DF/0000/out/1/4/1/0/37","934"
"2026-08-05T15:31:40.660Z","IN","m360/DF/0000/out/1/6/1/0/37","640"
"2026-08-05T15:31:48.449Z","IN","m360/DF/0000/out/2/1/1/0/37","40"
"2026-08-05T15:31:48.506Z","IN","m360/DF/0000/out/2/2/1/0/37","993"
"2026-08-05T15:31:48.506Z","IN","m360/DF/0000/out/2/3/1/0/37","1023"
"2026-08-05T15:31:48.542Z","IN","m360/DF/0000/out/2/5/1/0/37","980"
"2026-08-05T15:31:48.544Z","IN","m360/DF/0000/out/2/6/1/0/37","866"
"2026-08-05T15:32:24.016Z","IN","m360/DF/0000/out","{""nodeId"":0,""sensorId"":255,""command"":3,""ack"":0,""type"":22,""payload"":"""",""timestamp"":513518,""description"":""heartbeat"",""event"":""heartbeat"",""uptime"":513518,""rssi"":-58,""wifiRssi"":-58,""batteryLevel"":100,""ip"":""192.168.1.2"",""version"":""2.0"",""source"":""gateway""}"
"2026-08-05T15:32:24.077Z","IN","m360/DF/0000/gateway/status","{""timestamp"":513518,""isConnected"":true,""connectionTime"":417172,""reconnectCount"":3,""lastErrorCode"":0,""uptime"":513518,""source"":""gateway"",""type"":""mqtt_metrics""}"
"2026-08-05T15:32:40.652Z","IN","m360/DF/0000/out/1/1/1/0/37","1010"
"2026-08-05T15:32:40.711Z","IN","m360/DF/0000/out/1/2/1/0/37","929"
"2026-08-05T15:32:40.713Z","IN","m360/DF/0000/out/1/3/1/0/37","148"
"2026-08-05T15:32:40.795Z","IN","m360/DF/0000/out/1/4/1/0/37","933"
"2026-08-05T15:32:40.795Z","IN","m360/DF/0000/out/1/5/1/0/37","381"
"2026-08-05T15:32:40.796Z","IN","m360/DF/0000/out/1/6/1/0/37","665"
"2026-08-05T15:32:48.485Z","IN","m360/DF/0000/out/2/1/1/0/37","87"
"2026-08-05T15:32:48.546Z","IN","m360/DF/0000/out/2/2/1/0/37","991"
"2026-08-05T15:32:48.546Z","IN","m360/DF/0000/out/2/3/1/0/37","1016"
"2026-08-05T15:32:48.585Z","IN","m360/DF/0000/out/2/5/1/0/37","979"
"2026-08-05T15:32:48.586Z","IN","m360/DF/0000/out/2/6/1/0/37","868"
"2026-08-05T15:33:24.019Z","IN","m360/DF/0000/out","{""nodeId"":0,""sensorId"":255,""command"":3,""ack"":0,""type"":22,""payload"":"""",""timestamp"":513578,""description"":""heartbeat"",""event"":""heartbeat"",""uptime"":513578,""rssi"":-58,""wifiRssi"":-58,""batteryLevel"":100,""ip"":""192.168.1.2"",""version"":""2.0"",""source"":""gateway""}"
"2026-08-05T15:33:24.080Z","IN","m360/DF/0000/gateway/status","{""timestamp"":513578,""isConnected"":true,""connectionTime"":417232,""reconnectCount"":3,""lastErrorCode"":0,""uptime"":513578,""source"":""gateway"",""type"":""mqtt_metrics""}"
"2026-08-05T15:33:40.724Z","IN","m360/DF/0000/out/1/2/1/0/37","927"
"2026-08-05T15:33:40.782Z","IN","m360/DF/0000/out/1/3/1/0/37","139"
"2026-08-05T15:33:40.783Z","IN","m360/DF/0000/out/1/5/1/0/37","380"
"2026-08-05T15:33:40.842Z","IN","m360/DF/0000/out/1/6/1/0/37","641"
"2026-08-05T15:33:48.528Z","IN","m360/DF/0000/out/2/1/1/0/37","75"
"2026-08-05T15:33:48.585Z","IN","m360/DF/0000/out/2/2/1/0/37","986"
"2026-08-05T15:33:48.586Z","IN","m360/DF/0000/out/2/3/1/0/37","1022"
"2026-08-05T15:33:48.640Z","IN","m360/DF/0000/out/2/4/1/0/37","1023"
"2026-08-05T15:33:48.642Z","IN","m360/DF/0000/out/2/5/1/0/37","978"
"2026-08-05T15:33:48.642Z","IN","m360/DF/0000/out/2/6/1/0/37","871"
"2026-08-05T15:34:24.022Z","IN","m360/DF/0000/out","{""nodeId"":0,""sensorId"":255,""command"":3,""ack"":0,""type"":22,""payload"":"""",""timestamp"":513638,""description"":""heartbeat"",""event"":""heartbeat"",""uptime"":513638,""rssi"":-57,""wifiRssi"":-57,""batteryLevel"":100,""ip"":""192.168.1.2"",""version"":""2.0"",""source"":""gateway""}"
"2026-08-05T15:34:24.080Z","IN","m360/DF/0000/gateway/status","{""timestamp"":513638,""isConnected"":true,""connectionTime"":417292,""reconnectCount"":3,""lastErrorCode"":0,""uptime"":513638,""source"":""gateway"",""type"":""mqtt_metrics""}"
"2026-08-05T15:34:40.799Z","IN","m360/DF/0000/out/1/1/1/0/37","1016"
"2026-08-05T15:34:40.857Z","IN","m360/DF/0000/out/1/2/1/0/37","937"
"2026-08-05T15:34:40.857Z","IN","m360/DF/0000/out/1/3/1/0/37","148"
"2026-08-05T15:34:40.902Z","IN","m360/DF/0000/out/1/4/1/0/37","934"
"2026-08-05T15:34:40.903Z","IN","m360/DF/0000/out/1/5/1/0/37","376"
"2026-08-05T15:34:41.120Z","IN","m360/DF/0000/out/1/6/1/0/37","646"
"2026-08-05T15:34:48.520Z","IN","m360/DF/0000/out/2/1/1/0/37","87"
"2026-08-05T15:34:48.580Z","IN","m360/DF/0000/out/2/2/1/0/37","989"
"2026-08-05T15:34:48.580Z","IN","m360/DF/0000/out/2/3/1/0/37","1016"
"2026-08-05T15:34:48.608Z","IN","m360/DF/0000/out/2/5/1/0/37","979"
"2026-08-05T15:34:48.622Z","IN","m360/DF/0000/out/2/6/1/0/37","868"
"2026-08-05T15:35:14.363Z","IN","m360/DF/0000/out/events","{""event"":""node_discovered"",""nodeId"":2,""timestamp"":513688,""rssi"":-57,""details"":""Node discovered, parent: 0""}"
"2026-08-05T15:35:14.425Z","IN","m360/DF/0000/out/2/255/3/0/21","0"
"2026-08-05T15:35:14.962Z","IN","m360/DF/0000/out/events","{""event"":""node_discovered"",""nodeId"":1,""timestamp"":513688,""rssi"":-57,""details"":""Node discovered, parent: 0""}"
"2026-08-05T15:35:14.981Z","IN","m360/DF/0000/out/1/255/3/0/21","0"
"2026-08-05T15:35:24.032Z","IN","m360/DF/0000/out","{""nodeId"":0,""sensorId"":255,""command"":3,""ack"":0,""type"":22,""payload"":"""",""timestamp"":513698,""description"":""heartbeat"",""event"":""heartbeat"",""uptime"":513698,""rssi"":-57,""wifiRssi"":-57,""batteryLevel"":100,""ip"":""192.168.1.2"",""version"":""2.0"",""source"":""gateway""}"
"2026-08-05T15:35:24.087Z","IN","m360/DF/0000/gateway/status","{""timestamp"":513698,""isConnected"":true,""connectionTime"":417352,""reconnectCount"":3,""lastErrorCode"":0,""uptime"":513698,""source"":""gateway"",""type"":""mqtt_metrics""}"
"2026-08-05T15:35:40.879Z","IN","m360/DF/0000/out/1/1/1/0/37","1011"
"2026-08-05T15:35:40.938Z","IN","m360/DF/0000/out/1/2/1/0/37","930"
"2026-08-05T15:35:40.938Z","IN","m360/DF/0000/out/1/3/1/0/37","127"
"2026-08-05T15:35:41.000Z","IN","m360/DF/0000/out/1/4/1/0/37","923"
"2026-08-05T15:35:41.011Z","IN","m360/DF/0000/out/1/5/1/0/37","398"
"2026-08-05T15:35:41.011Z","IN","m360/DF/0000/out/1/6/1/0/37","647"
"2026-08-05T15:35:48.512Z","IN","m360/DF/0000/out/2/1/1/0/37","79"
"2026-08-05T15:35:48.573Z","IN","m360/DF/0000/out/2/2/1/0/37","991"
"2026-08-05T15:35:48.573Z","IN","m360/DF/0000/out/2/3/1/0/37","1017"
"2026-08-05T15:35:48.625Z","IN","m360/DF/0000/out/2/5/1/0/37","978"
"2026-08-05T15:36:24.033Z","IN","m360/DF/0000/out","{""nodeId"":0,""sensorId"":255,""command"":3,""ack"":0,""type"":22,""payload"":"""",""timestamp"":513758,""description"":""heartbeat"",""event"":""heartbeat"",""uptime"":513758,""rssi"":-58,""wifiRssi"":-58,""batteryLevel"":100,""ip"":""192.168.1.2"",""version"":""2.0"",""source"":""gateway""}"
"2026-08-05T15:36:24.106Z","IN","m360/DF/0000/gateway/status","{""timestamp"":513758,""isConnected"":true,""connectionTime"":417412,""reconnectCount"":3,""lastErrorCode"":0,""uptime"":513758,""source"":""gateway"",""type"":""mqtt_metrics""}"
"2026-08-05T15:36:40.939Z","IN","m360/DF/0000/out/1/1/1/0/37","1010"
"2026-08-05T15:36:40.995Z","IN","m360/DF/0000/out/1/2/1/0/37","936"
"2026-08-05T15:36:40.995Z","IN","m360/DF/0000/out/1/3/1/0/37","173"
"2026-08-05T15:36:41.035Z","IN","m360/DF/0000/out/1/4/1/0/37","935"
"2026-08-05T15:36:41.036Z","IN","m360/DF/0000/out/1/5/1/0/37","402"
"2026-08-05T15:36:41.145Z","IN","m360/DF/0000/out/1/6/1/0/37","640"
"2026-08-05T15:36:48.534Z","IN","m360/DF/0000/out/2/1/1/0/37","73"
"2026-08-05T15:36:48.595Z","IN","m360/DF/0000/out/2/3/1/0/37","1016"
"2026-08-05T15:36:48.595Z","IN","m360/DF/0000/out/2/5/1/0/37","973"
"2026-08-05T15:36:48.635Z","IN","m360/DF/0000/out/2/6/1/0/37","854"
"2026-08-05T15:37:24.038Z","IN","m360/DF/0000/out","{""nodeId"":0,""sensorId"":255,""command"":3,""ack"":0,""type"":22,""payload"":"""",""timestamp"":513818,""description"":""heartbeat"",""event"":""heartbeat"",""uptime"":513818,""rssi"":-57,""wifiRssi"":-57,""batteryLevel"":100,""ip"":""192.168.1.2"",""version"":""2.0"",""source"":""gateway""}"
"2026-08-05T15:37:24.098Z","IN","m360/DF/0000/gateway/status","{""timestamp"":513818,""isConnected"":true,""connectionTime"":417472,""reconnectCount"":3,""lastErrorCode"":0,""uptime"":513818,""source"":""gateway"",""type"":""mqtt_metrics""}"
"2026-08-05T15:37:41.000Z","IN","m360/DF/0000/out/1/1/1/0/37","1011"
"2026-08-05T15:37:41.062Z","IN","m360/DF/0000/out/1/2/1/0/37","929"
"2026-08-05T15:37:41.063Z","IN","m360/DF/0000/out/1/3/1/0/37","140"
"2026-08-05T15:37:41.224Z","IN","m360/DF/0000/out/1/4/1/0/37","934"
"2026-08-05T15:37:41.231Z","IN","m360/DF/0000/out/1/5/1/0/37","396"
"2026-08-05T15:37:41.231Z","IN","m360/DF/0000/out/1/6/1/0/37","643"
"2026-08-05T15:37:48.568Z","IN","m360/DF/0000/out/2/1/1/0/37","22"
"2026-08-05T15:37:48.626Z","IN","m360/DF/0000/out/2/2/1/0/37","1015"
"2026-08-05T15:37:48.626Z","IN","m360/DF/0000/out/2/5/1/0/37","970"
"2026-08-05T15:37:48.668Z","IN","m360/DF/0000/out/2/6/1/0/37","865"
"2026-08-05T15:38:24.046Z","IN","m360/DF/0000/out","{""nodeId"":0,""sensorId"":255,""command"":3,""ack"":0,""type"":22,""payload"":"""",""timestamp"":513878,""description"":""heartbeat"",""event"":""heartbeat"",""uptime"":513878,""rssi"":-57,""wifiRssi"":-57,""batteryLevel"":100,""ip"":""192.168.1.2"",""version"":""2.0"",""source"":""gateway""}"
"2026-08-05T15:38:24.098Z","IN","m360/DF/0000/gateway/status","{""timestamp"":513878,""isConnected"":true,""connectionTime"":417532,""reconnectCount"":3,""lastErrorCode"":0,""uptime"":513878,""source"":""gateway"",""type"":""mqtt_metrics""}"
"2026-08-05T15:38:41.049Z","IN","m360/DF/0000/out/1/1/1/0/37","1016"
"2026-08-05T15:38:41.110Z","IN","m360/DF/0000/out/1/2/1/0/37","940"
"2026-08-05T15:38:41.111Z","IN","m360/DF/0000/out/1/3/1/0/37","147"
"2026-08-05T15:38:41.184Z","IN","m360/DF/0000/out/1/4/1/0/37","935"
"2026-08-05T15:38:41.184Z","IN","m360/DF/0000/out/1/5/1/0/37","413"
"2026-08-05T15:38:41.186Z","IN","m360/DF/0000/out/1/6/1/0/37","656"
"2026-08-05T15:38:48.599Z","IN","m360/DF/0000/out/2/1/1/0/37","77"
"2026-08-05T15:38:48.658Z","IN","m360/DF/0000/out/2/2/1/0/37","986"
"2026-08-05T15:38:48.661Z","IN","m360/DF/0000/out/2/3/1/0/37","1019"
"2026-08-05T15:38:48.690Z","IN","m360/DF/0000/out/2/5/1/0/37","980"
"2026-08-05T15:39:24.047Z","IN","m360/DF/0000/out","{""nodeId"":0,""sensorId"":255,""command"":3,""ack"":0,""type"":22,""payload"":"""",""timestamp"":513938,""description"":""heartbeat"",""event"":""heartbeat"",""uptime"":513938,""rssi"":-57,""wifiRssi"":-57,""batteryLevel"":100,""ip"":""192.168.1.2"",""version"":""2.0"",""source"":""gateway""}"
"2026-08-05T15:39:24.104Z","IN","m360/DF/0000/gateway/status","{""timestamp"":513938,""isConnected"":true,""connectionTime"":417592,""reconnectCount"":3,""lastErrorCode"":0,""uptime"":513938,""source"":""gateway"",""type"":""mqtt_metrics""}"
"2026-08-05T15:39:41.103Z","IN","m360/DF/0000/out/1/1/1/0/37","1010"
"2026-08-05T15:39:41.161Z","IN","m360/DF/0000/out/1/2/1/0/37","930"
"2026-08-05T15:39:41.161Z","IN","m360/DF/0000/out/1/3/1/0/37","146"
"2026-08-05T15:39:41.224Z","IN","m360/DF/0000/out/1/5/1/0/37","401"
"2026-08-05T15:39:41.228Z","IN","m360/DF/0000/out/1/6/1/0/37","640"
"2026-08-05T15:39:48.626Z","IN","m360/DF/0000/out/2/1/1/0/37","65"
"2026-08-05T15:39:48.685Z","IN","m360/DF/0000/out/2/2/1/0/37","990"
"2026-08-05T15:39:48.685Z","IN","m360/DF/0000/out/2/3/1/0/37","1016"
"2026-08-05T15:39:48.745Z","IN","m360/DF/0000/out/2/4/1/0/37","1021"
"2026-08-05T15:39:48.746Z","IN","m360/DF/0000/out/2/5/1/0/37","988"
"2026-08-05T15:39:48.746Z","IN","m360/DF/0000/out/2/6/1/0/37","878"
"2026-08-05T15:40:24.053Z","IN","m360/DF/0000/out","{""nodeId"":0,""sensorId"":255,""command"":3,""ack"":0,""type"":22,""payload"":"""",""timestamp"":513998,""description"":""heartbeat"",""event"":""heartbeat"",""uptime"":513998,""rssi"":-57,""wifiRssi"":-57,""batteryLevel"":100,""ip"":""192.168.1.2"",""version"":""2.0"",""source"":""gateway""}"
"2026-08-05T15:40:24.108Z","IN","m360/DF/0000/gateway/status","{""timestamp"":513998,""isConnected"":true,""connectionTime"":417652,""reconnectCount"":3,""lastErrorCode"":0,""uptime"":513998,""source"":""gateway"",""type"":""mqtt_metrics""}"
"2026-08-05T15:40:41.204Z","IN","m360/DF/0000/out/1/2/1/0/37","931"
"2026-08-05T15:40:41.263Z","IN","m360/DF/0000/out/1/3/1/0/37","155"
"2026-08-05T15:40:41.264Z","IN","m360/DF/0000/out/1/4/1/0/37","940"
"2026-08-05T15:40:41.316Z","IN","m360/DF/0000/out/1/5/1/0/37","392"
"2026-08-05T15:40:41.317Z","IN","m360/DF/0000/out/1/6/1/0/37","644"
"2026-08-05T15:40:48.628Z","IN","m360/DF/0000/out/2/1/1/0/37","74"
"2026-08-05T15:40:48.681Z","IN","m360/DF/0000/out/2/2/1/0/37","996"
"2026-08-05T15:40:48.681Z","IN","m360/DF/0000/out/2/3/1/0/37","1017"
"2026-08-05T15:40:48.734Z","IN","m360/DF/0000/out/2/4/1/0/37","1022"
"2026-08-05T15:40:48.758Z","IN","m360/DF/0000/out/2/5/1/0/37","982"
"2026-08-05T15:40:48.800Z","IN","m360/DF/0000/out/2/6/1/0/37","825"
"2026-08-05T15:41:24.057Z","IN","m360/DF/0000/out","{""nodeId"":0,""sensorId"":255,""command"":3,""ack"":0,""type"":22,""payload"":"""",""timestamp"":514058,""description"":""heartbeat"",""event"":""heartbeat"",""uptime"":514058,""rssi"":-57,""wifiRssi"":-57,""batteryLevel"":100,""ip"":""192.168.1.2"",""version"":""2.0"",""source"":""gateway""}"
"2026-08-05T15:41:24.196Z","IN","m360/DF/0000/gateway/status","{""timestamp"":514058,""isConnected"":true,""connectionTime"":417712,""reconnectCount"":3,""lastErrorCode"":0,""uptime"":514058,""source"":""gateway"",""type"":""mqtt_metrics""}"
"2026-08-05T15:41:41.289Z","IN","m360/DF/0000/out/1/1/1/0/37","1019"
"2026-08-05T15:41:41.352Z","IN","m360/DF/0000/out/1/2/1/0/37","930"
"2026-08-05T15:41:41.353Z","IN","m360/DF/0000/out/1/3/1/0/37","160"
"2026-08-05T15:41:41.414Z","IN","m360/DF/0000/out/1/4/1/0/37","934"
"2026-08-05T15:41:41.414Z","IN","m360/DF/0000/out/1/5/1/0/37","399"
"2026-08-05T15:41:41.416Z","IN","m360/DF/0000/out/1/6/1/0/37","647"
"2026-08-05T15:41:48.659Z","IN","m360/DF/0000/out/2/1/1/0/37","81"
"2026-08-05T15:41:48.721Z","IN","m360/DF/0000/out/2/2/1/0/37","990"
"2026-08-05T15:41:48.721Z","IN","m360/DF/0000/out/2/4/1/0/37","1023"
"2026-08-05T15:41:48.792Z","IN","m360/DF/0000/out/2/5/1/0/37","977"
"2026-08-05T15:41:48.792Z","IN","m360/DF/0000/out/2/6/1/0/37","888"
"2026-08-05T15:42:24.059Z","IN","m360/DF/0000/out","{""nodeId"":0,""sensorId"":255,""command"":3,""ack"":0,""type"":22,""payload"":"""",""timestamp"":514118,""description"":""heartbeat"",""event"":""heartbeat"",""uptime"":514118,""rssi"":-57,""wifiRssi"":-57,""batteryLevel"":100,""ip"":""192.168.1.2"",""version"":""2.0"",""source"":""gateway""}"
"2026-08-05T15:42:24.118Z","IN","m360/DF/0000/gateway/status","{""timestamp"":514118,""isConnected"":true,""connectionTime"":417772,""reconnectCount"":3,""lastErrorCode"":0,""uptime"":514118,""source"":""gateway"",""type"":""mqtt_metrics""}"
"2026-08-05T15:42:41.341Z","IN","m360/DF/0000/out/1/1/1/0/37","1010"
"2026-08-05T15:42:41.408Z","IN","m360/DF/0000/out/1/2/1/0/37","929"
"2026-08-05T15:42:41.408Z","IN","m360/DF/0000/out/1/3/1/0/37","162"
"2026-08-05T15:42:41.454Z","IN","m360/DF/0000/out/1/4/1/0/37","930"
"2026-08-05T15:42:41.456Z","IN","m360/DF/0000/out/1/5/1/0/37","397"
"2026-08-05T15:42:41.644Z","IN","m360/DF/0000/out/1/6/1/0/37","656"
"2026-08-05T15:42:48.652Z","IN","m360/DF/0000/out/2/1/1/0/37","83"
"2026-08-05T15:42:48.709Z","IN","m360/DF/0000/out/2/2/1/0/37","991"
"2026-08-05T15:42:48.709Z","IN","m360/DF/0000/out/2/5/1/0/37","991"
"2026-08-05T15:42:48.762Z","IN","m360/DF/0000/out/2/6/1/0/37","846"
"2026-08-05T15:43:24.065Z","IN","m360/DF/0000/out","{""nodeId"":0,""sensorId"":255,""command"":3,""ack"":0,""type"":22,""payload"":"""",""timestamp"":514178,""description"":""heartbeat"",""event"":""heartbeat"",""uptime"":514178,""rssi"":-58,""wifiRssi"":-58,""batteryLevel"":100,""ip"":""192.168.1.2"",""version"":""2.0"",""source"":""gateway""}"
"2026-08-05T15:43:24.123Z","IN","m360/DF/0000/gateway/status","{""timestamp"":514178,""isConnected"":true,""connectionTime"":417832,""reconnectCount"":3,""lastErrorCode"":0,""uptime"":514178,""source"":""gateway"",""type"":""mqtt_metrics""}"
"2026-08-05T15:43:41.394Z","IN","m360/DF/0000/out/1/1/1/0/37","1014"
"2026-08-05T15:43:41.453Z","IN","m360/DF/0000/out/1/3/1/0/37","139"
"2026-08-05T15:43:41.454Z","IN","m360/DF/0000/out/1/4/1/0/37","933"
"2026-08-05T15:43:41.497Z","IN","m360/DF/0000/out/1/5/1/0/37","437"
"2026-08-05T15:43:41.498Z","IN","m360/DF/0000/out/1/6/1/0/37","642"
"2026-08-05T15:43:48.682Z","IN","m360/DF/0000/out/2/1/1/0/37","77"
"2026-08-05T15:43:48.742Z","IN","m360/DF/0000/out/2/2/1/0/37","990"
"2026-08-05T15:43:48.742Z","IN","m360/DF/0000/out/2/3/1/0/37","1016"
"2026-08-05T15:43:48.789Z","IN","m360/DF/0000/out/2/5/1/0/37","971"
"2026-08-05T15:44:24.069Z","IN","m360/DF/0000/out","{""nodeId"":0,""sensorId"":255,""command"":3,""ack"":0,""type"":22,""payload"":"""",""timestamp"":514238,""description"":""heartbeat"",""event"":""heartbeat"",""uptime"":514238,""rssi"":-57,""wifiRssi"":-57,""batteryLevel"":100,""ip"":""192.168.1.2"",""version"":""2.0"",""source"":""gateway""}"
"2026-08-05T15:44:24.127Z","IN","m360/DF/0000/gateway/status","{""timestamp"":514238,""isConnected"":true,""connectionTime"":417892,""reconnectCount"":3,""lastErrorCode"":0,""uptime"":514238,""source"":""gateway"",""type"":""mqtt_metrics""}"
"2026-08-05T15:44:41.437Z","IN","m360/DF/0000/out/1/1/1/0/37","1010"
"2026-08-05T15:44:41.496Z","IN","m360/DF/0000/out/1/2/1/0/37","920"
"2026-08-05T15:44:41.496Z","IN","m360/DF/0000/out/1/3/1/0/37","133"
"2026-08-05T15:44:41.545Z","IN","m360/DF/0000/out/1/4/1/0/37","874"
"2026-08-05T15:44:41.545Z","IN","m360/DF/0000/out/1/5/1/0/37","376"
"2026-08-05T15:44:41.643Z","IN","m360/DF/0000/out/1/6/1/0/37","646"
"2026-08-05T15:44:48.709Z","IN","m360/DF/0000/out/2/1/1/0/37","52"
"2026-08-05T15:44:48.767Z","IN","m360/DF/0000/out/2/2/1/0/37","991"
"2026-08-05T15:44:48.767Z","IN","m360/DF/0000/out/2/5/1/0/37","975"
"2026-08-05T15:44:48.805Z","IN","m360/DF/0000/out/2/6/1/0/37","867"
"2026-08-05T15:45:24.074Z","IN","m360/DF/0000/out","{""nodeId"":0,""sensorId"":255,""command"":3,""ack"":0,""type"":22,""payload"":"""",""timestamp"":514298,""description"":""heartbeat"",""event"":""heartbeat"",""uptime"":514298,""rssi"":-57,""wifiRssi"":-57,""batteryLevel"":100,""ip"":""192.168.1.2"",""version"":""2.0"",""source"":""gateway""}"
"2026-08-05T15:45:24.134Z","IN","m360/DF/0000/gateway/status","{""timestamp"":514298,""isConnected"":true,""connectionTime"":417952,""reconnectCount"":3,""lastErrorCode"":0,""uptime"":514298,""source"":""gateway"",""type"":""mqtt_metrics""}"
"2026-08-05T15:45:41.502Z","IN","m360/DF/0000/out/1/2/1/0/37","926"
"2026-08-05T15:45:41.578Z","IN","m360/DF/0000/out/1/3/1/0/37","137"
"2026-08-05T15:45:41.579Z","IN","m360/DF/0000/out/1/4/1/0/37","933"
"2026-08-05T15:45:41.637Z","IN","m360/DF/0000/out/1/5/1/0/37","377"
"2026-08-05T15:45:41.667Z","IN","m360/DF/0000/out/1/6/1/0/37","638"
"2026-08-05T15:45:48.745Z","IN","m360/DF/0000/out/2/2/1/0/37","1008"
"2026-08-05T15:45:48.806Z","IN","m360/DF/0000/out/2/3/1/0/37","1010"
"2026-08-05T15:45:48.806Z","IN","m360/DF/0000/out/2/5/1/0/37","974"
"2026-08-05T15:45:48.843Z","IN","m360/DF/0000/out/2/6/1/0/37","868"
"2026-08-05T15:46:24.080Z","IN","m360/DF/0000/out","{""nodeId"":0,""sensorId"":255,""command"":3,""ack"":0,""type"":22,""payload"":"""",""timestamp"":514358,""description"":""heartbeat"",""event"":""heartbeat"",""uptime"":514358,""rssi"":-57,""wifiRssi"":-57,""batteryLevel"":100,""ip"":""192.168.1.2"",""version"":""2.0"",""source"":""gateway""}"
"2026-08-05T15:46:24.139Z","IN","m360/DF/0000/gateway/status","{""timestamp"":514358,""isConnected"":true,""connectionTime"":418012,""reconnectCount"":3,""lastErrorCode"":0,""uptime"":514358,""source"":""gateway"",""type"":""mqtt_metrics""}"
"2026-08-05T15:46:41.580Z","IN","m360/DF/0000/out/1/1/1/0/37","1013"
"2026-08-05T15:46:41.640Z","IN","m360/DF/0000/out/1/2/1/0/37","933"
"2026-08-05T15:46:41.641Z","IN","m360/DF/0000/out/1/3/1/0/37","144"
"2026-08-05T15:46:41.692Z","IN","m360/DF/0000/out/1/4/1/0/37","934"
"2026-08-05T15:46:41.693Z","IN","m360/DF/0000/out/1/5/1/0/37","398"
"2026-08-05T15:46:41.849Z","IN","m360/DF/0000/out/1/6/1/0/37","646"
"2026-08-05T15:46:48.764Z","IN","m360/DF/0000/out/2/1/1/0/37","84"
"2026-08-05T15:46:48.823Z","IN","m360/DF/0000/out/2/2/1/0/37","990"
"2026-08-05T15:46:48.824Z","IN","m360/DF/0000/out/2/3/1/0/37","1016"
"2026-08-05T15:46:48.868Z","IN","m360/DF/0000/out/2/5/1/0/37","975"
"2026-08-05T15:46:48.869Z","IN","m360/DF/0000/out/2/6/1/0/37","878"
"2026-08-05T15:47:24.084Z","IN","m360/DF/0000/out","{""nodeId"":0,""sensorId"":255,""command"":3,""ack"":0,""type"":22,""payload"":"""",""timestamp"":514418,""description"":""heartbeat"",""event"":""heartbeat"",""uptime"":514418,""rssi"":-57,""wifiRssi"":-57,""batteryLevel"":100,""ip"":""192.168.1.2"",""version"":""2.0"",""source"":""gateway""}"
"2026-08-05T15:47:24.143Z","IN","m360/DF/0000/gateway/status","{""timestamp"":514418,""isConnected"":true,""connectionTime"":418072,""reconnectCount"":3,""lastErrorCode"":0,""uptime"":514418,""source"":""gateway"",""type"":""mqtt_metrics""}"
"2026-08-05T15:47:41.627Z","IN","m360/DF/0000/out/1/1/1/0/37","1011"
"2026-08-05T15:47:41.823Z","IN","m360/DF/0000/out/1/2/1/0/37","945"
"2026-08-05T15:47:41.823Z","IN","m360/DF/0000/out/1/3/1/0/37","177"
"2026-08-05T15:47:41.823Z","IN","m360/DF/0000/out/1/4/1/0/37","939"
"2026-08-05T15:47:41.823Z","IN","m360/DF/0000/out/1/5/1/0/37","392"
"2026-08-05T15:47:41.823Z","IN","m360/DF/0000/out/1/6/1/0/37","647"
"2026-08-05T15:47:48.798Z","IN","m360/DF/0000/out/2/1/1/0/37","88"
"2026-08-05T15:47:48.858Z","IN","m360/DF/0000/out/2/2/1/0/37","989"
"2026-08-05T15:47:48.861Z","IN","m360/DF/0000/out/2/5/1/0/37","973"
"2026-08-05T15:47:48.925Z","IN","m360/DF/0000/out/2/6/1/0/37","863"
"2026-08-05T15:48:24.088Z","IN","m360/DF/0000/out","{""nodeId"":0,""sensorId"":255,""command"":3,""ack"":0,""type"":22,""payload"":"""",""timestamp"":514478,""description"":""heartbeat"",""event"":""heartbeat"",""uptime"":514478,""rssi"":-58,""wifiRssi"":-58,""batteryLevel"":100,""ip"":""192.168.1.2"",""version"":""2.0"",""source"":""gateway""}"
"2026-08-05T15:48:24.146Z","IN","m360/DF/0000/gateway/status","{""timestamp"":514478,""isConnected"":true,""connectionTime"":418132,""reconnectCount"":3,""lastErrorCode"":0,""uptime"":514478,""source"":""gateway"",""type"":""mqtt_metrics""}"
"2026-08-05T15:48:41.685Z","IN","m360/DF/0000/out/1/2/1/0/37","935"
"2026-08-05T15:48:41.743Z","IN","m360/DF/0000/out/1/3/1/0/37","142"
"2026-08-05T15:48:41.743Z","IN","m360/DF/0000/out/1/4/1/0/37","942"
"2026-08-05T15:48:41.817Z","IN","m360/DF/0000/out/1/5/1/0/37","375"
"2026-08-05T15:48:41.820Z","IN","m360/DF/0000/out/1/6/1/0/37","641"
"2026-08-05T15:48:48.824Z","IN","m360/DF/0000/out/2/1/1/0/37","97"
"2026-08-05T15:48:48.881Z","IN","m360/DF/0000/out/2/2/1/0/37","991"
"2026-08-05T15:48:48.881Z","IN","m360/DF/0000/out/2/5/1/0/37","972"
"2026-08-05T15:48:48.925Z","IN","m360/DF/0000/out/2/6/1/0/37","865"
"2026-08-05T15:49:24.092Z","IN","m360/DF/0000/out","{""nodeId"":0,""sensorId"":255,""command"":3,""ack"":0,""type"":22,""payload"":"""",""timestamp"":514538,""description"":""heartbeat"",""event"":""heartbeat"",""uptime"":514538,""rssi"":-57,""wifiRssi"":-57,""batteryLevel"":100,""ip"":""192.168.1.2"",""version"":""2.0"",""source"":""gateway""}"
"2026-08-05T15:49:24.151Z","IN","m360/DF/0000/gateway/status","{""timestamp"":514538,""isConnected"":true,""connectionTime"":418192,""reconnectCount"":3,""lastErrorCode"":0,""uptime"":514538,""source"":""gateway"",""type"":""mqtt_metrics""}"
"2026-08-05T15:49:41.770Z","IN","m360/DF/0000/out/1/1/1/0/37","1010"
"2026-08-05T15:49:41.828Z","IN","m360/DF/0000/out/1/2/1/0/37","928"
"2026-08-05T15:49:41.828Z","IN","m360/DF/0000/out/1/3/1/0/37","170"
"2026-08-05T15:49:41.888Z","IN","m360/DF/0000/out/1/4/1/0/37","936"
"2026-08-05T15:49:41.889Z","IN","m360/DF/0000/out/1/5/1/0/37","403"
"2026-08-05T15:49:41.889Z","IN","m360/DF/0000/out/1/6/1/0/37","656"
"2026-08-05T15:49:48.849Z","IN","m360/DF/0000/out/2/1/1/0/37","50"
"2026-08-05T15:49:48.907Z","IN","m360/DF/0000/out/2/2/1/0/37","983"
"2026-08-05T15:49:48.908Z","IN","m360/DF/0000/out/2/5/1/0/37","976"
"2026-08-05T15:49:48.939Z","IN","m360/DF/0000/out/2/6/1/0/37","866"
"2026-08-05T15:50:24.100Z","IN","m360/DF/0000/out","{""nodeId"":0,""sensorId"":255,""command"":3,""ack"":0,""type"":22,""payload"":"""",""timestamp"":514598,""description"":""heartbeat"",""event"":""heartbeat"",""uptime"":514598,""rssi"":-57,""wifiRssi"":-57,""batteryLevel"":100,""ip"":""192.168.1.2"",""version"":""2.0"",""source"":""gateway""}"
"2026-08-05T15:50:24.157Z","IN","m360/DF/0000/gateway/status","{""timestamp"":514598,""isConnected"":true,""connectionTime"":418252,""reconnectCount"":3,""lastErrorCode"":0,""uptime"":514598,""source"":""gateway"",""type"":""mqtt_metrics""}"
"2026-08-05T15:50:41.830Z","IN","m360/DF/0000/out/1/2/1/0/37","926"
"2026-08-05T15:50:41.886Z","IN","m360/DF/0000/out/1/3/1/0/37","139"
"2026-08-05T15:50:41.886Z","IN","m360/DF/0000/out/1/4/1/0/37","932"
"2026-08-05T15:50:41.954Z","IN","m360/DF/0000/out/1/5/1/0/37","380"
"2026-08-05T15:50:41.954Z","IN","m360/DF/0000/out/1/6/1/0/37","622"
"2026-08-05T15:50:48.876Z","IN","m360/DF/0000/out/2/1/1/0/37","86"
"2026-08-05T15:50:48.940Z","IN","m360/DF/0000/out/2/2/1/0/37","990"
"2026-08-05T15:50:48.940Z","IN","m360/DF/0000/out/2/3/1/0/37","1015"
"2026-08-05T15:50:48.984Z","IN","m360/DF/0000/out/2/5/1/0/37","975"
"2026-08-05T15:50:48.984Z","IN","m360/DF/0000/out/2/6/1/0/37","891"